label	text_a
12	用手机登机牌可以托运行李吗
1	常用联系人怎么添加
3	拥挤度
1	您好 我想取消手机值机
13	我的钱包在哪里
12	面膜可以带上飞机吗
13	从哪里找到我的电子登机牌
3	能帮我查到我是什么航空公司吗
19	投诉你们软件更新界面，航班信息字太小，机场字体也太小，颜色也浅，根本看不清，今天造成我走错机场，还是原来界面看着舒服
15	机上wifi怎么申请
1	怎么没有值机记录
11	如何订票
1	行程保护不能选座位了
5	有效乘机身份证件
0	为什么台湾通行证行程显示不出来
15	错误代码1040806
1	选好座位可以更改吗？
12	请问手提行李额是多少
4	您好，身份证变更不了，怎么办？
12	网上值机后，行李箱怎么办
19	你好😊
1	你好 怎么选座
14	在去哪网购买的机票，可以在机场打印行程单吗
15	去西藏的TV9816什么时候可以值机
1	你好！怎么选座位？
14	补打发票怎样
15	加了QQ ，没有人验证？？
8	首都国际机场 客服电话
1	选座位页面在哪里
15	我想问下，我选座取消后再选就提示链接超时
1	一直不可以选座 我一直关注着 多看几次 就限制了
14	我的发票什么时候能收到？
5	身份证丢失可以乘机吗
4	身份信息已被使用
4	为什么我的证件已经被其他人注册了呢？
11	怎么订机票？
13	怎样打印纸质登机牌
13	怎样查询电子登机牌
14	我16号的行程，为什么还不能打印行程单
12	飞机可以带鸡蛋么
12	液体真空包装得火锅底料可以带上飞机吗
4	忘记帐号和密码了
1	为什么明天的航班到现在还是不能值机
1	值机预约成功会怎么显示
0	为什么没有行程
12	医用功能性敷料可以托运吗
0	买的需要中转的航班为什么没有第一班飞机的信息
14	你好，我需要报销机票怎么处理呢
0	他人帮我买的机票，怎么查询
4	你好！我原来的手机号已经注册过一次，我现在又换了一个新的手机号，我该怎么办理？
8	客服热线
10	怎样添加常客
19	接机投诉
1	为啥不能手机值机了？
6	可以开送机发票吗
1	如何找到常用联系人
1	为什么无法预约值机了
0	为什么没有短信提醒
1	如何让删除通行人信息
19	你个垃圾
1	我的手机值机 已经取消了嘛
0	帮我审核一下行程
0	7月14日乘SC8065，为什么查不到行程？外方统一订票。
1	怎样修改同行人的身份证信息
19	尼玛币
1	现在能预约值机返程吗？
12	行李托运费一公斤多少钱？
1	在手机上值机了，到机场就不用取票了吗？
15	延误险
12	一个人带几部手机
5	身份证没有带
1	如何添加家里人登机
14	行程单电子版
19	还是不行，
0	查看全部机票订单
1	为什么只能预约两个同行人的位置
0	我的飞行路程为什么没春秋航空的？
4	换了护照，号码变了，如何更新？
19	怎么投诉？
12	请问这个航班有免费行李托运吗？
1	值机怎么使用
1	东航 想给孩子选座 怎么添加同行人啊
8	机场热线多少
12	腊排骨可以带上飞机吗？
0	国外的航空公司能自动显示行程吗
20	机场轮椅服务
1	维珍航空可以值机嘛
1	值机完成，无法取消
1	你好，办理值机显示非我本人值机，不可办理
1	预约位置可以更换吗？
1	为什么别人可以值机？我的不能？
1	带婴儿乘坐飞机，不能手机选座吗
12	需要托运行李，就不能提前选座吗？
20	孕妇可以提前登机吗
5	14岁的小孩子，没有身份证，怎么办机票？
1	35排那两个位置有窗户吗
13	我想找电子乘机牌在哪里能找到
12	飞机可以带充电宝吗
0	不是，要添加行程，查看航班状态，为什么添加不了。
1	儿童如何选座
1	点击哪里选座？
1	我要办理值机，现在怎么办不了值机
17	哈喽呀
1	成都双流国际机场直飞普吉岛可以网上值机吗
1	春秋办理网上值机，没有信息
12	托运的肝素针剂，医生处方在办理托运时出示吗
1	亲，为什么家人和我同一班飞机，为什么值不起机了？
12	充电宝可以带多少毫安的
1	为啥直接显示非本人行程无法直接
0	你好 我上个月有个15号的飞行记录 南方航空的
1	值机可以办理同行两人吗
6	接机怎么开发票
15	加了QQ 没通过
15	里程累计
11	查机票
1	有些航空公司的票号是8位，怎样手动添加行程
1	安全通道
13	电子票怎么用
8	请给我一个人工客服电话
13	和我同坐一个航班的同事也遇我在航旅纵横办理的手机值机手续，他的登机牌如何找到
8	我联系我的客服没人回答我卜
1	怎么取消值机
12	坐飞机可以带卷发棒吗？
1	经济舱不能给公务舱值机？
1	我九日下午乘国际航班  我没买头等座  有幸成为贵宾的  想知道  谢谢
5	临时身份证可以取票吗
4	另外原来登记的护照名字英文写错了
1	为他人预约选座
11	购买机票后多长时间可以查询到
6	我通过航旅纵横下单的接机服务，发票如何开？
12	托运的液体有什么要求
15	旅客吃素食，飞机上提供的餐食有素食么
8	南方航空电话
15	怎样兑换里程
1	航旅纵横为什么不能选座？
0	为什么我查不到我未来的行程呢
1	为什么是自己本人的行程却显示非本人行程无法值机
1	值机被更改，无法取消😡😡😡
1	帮别人取消座位
15	什么叫open票啊
15	值机后可以退票吗
15	我现在要改签
12	行李额可以共用吗
7	可以兑换升舱或者VIP么？
4	手机值机姓名不对
0	不小心删除了行程
1	可以在线选座吗
12	防晒喷雾能过安检吗
11	请问查询机票以后，只能通过电话订票吗，能在线订票吗
1	怎样添加随行人家值机选座
12	活络油可以带吗
8	天津航空公司服务热线是多少
0	我以前的行程为什么不显示
1	帮他人值机
1	已添加同行人 但值机不了
1	怎么为儿童手机值机
1	我现在为什么不能值机？
14	打印电子发票在哪里
12	摸脸油可以过安检吗
12	笔记本电脑把电池拆下来之后可以托运吗
1	我已经选好飞机座位，小孩子的没添加然后该怎么选
12	骨灰盒可以带上飞机吗
1	什么叫值机？
8	南宁机场电话
0	你好，我发现航线图不准确啊
12	北部湾航空公司随身携带行李限额
15	旅客在机场临时申请特殊餐食要提前多长时间
15	申请加群一天了，没反应。
1	无成人陪同儿童票怎么购买
2	今天西部航空航班延误，怎么没奖励旅豆呀
1	怎样帮别人取消值机
4	收不到注册验证码
15	我换航班座位
12	飞机上能带零食吗
12	腊肉可以带吗？
11	国际机票验真
19	还是不行啊
4	如何找回账号？
1	为什么手机不能值机？？
1	为什么客票不能值机
15	请问航班是延误四小时以上可以申请赔偿吗？
1	携带0-2岁婴儿如何值机
19	现在这个界面太差
12	西瓜能手提上飞机马
14	机票得发票
12	有行李托运，可以网上值机吗
1	手机值机后还需要打印登机牌吗？
15	软件的飞行模式
0	请问，可以帮我查一下我🈶机票记录吗
12	一个箱子，一个包总重不超过20公斤，两个都可以托运吗？
20	74岁的老人坐飞机有什么规定
0	查不到我的行程
1	为不同仓位他人选座。如何操作？
12	坐飞机可以带充电宝吗？
14	可以重新分开开发票吗
1	舱位等级与已添加乘客不同
1	怎样才能为多个同行人员值机
11	全价机票怎么看
4	现在新电话无法认证
20	VIP贵宾厅
19	一直不回复
0	用护照号怎么查询航班
14	乘机凭证
0	我订完机票但是纵横没有显示？
18	ok
14	请问发票没给我
1	我不是乘客可以帮别人值机吗
0	为什么显示退票
15	登机前，要开箱检查吗
20	机场巴士
11	儿童自行座飞机✈️怎么买票呢
12	背包可以行李托运吗
0	为什么我的行程看不到
12	充电宝可以上飞机吗
13	如何无纸乘机
1	zh8562请帮我取消值机
1	4792162353007不能预约值机？
12	行李限额
8	航旅电话
1	同行人与主乘客是同航班但是不同舱位要怎么给公务舱的值机
1	怎么进行为他人选座？
0	国际机票能验真伪吗
5	出生证明证件号
12	鸡蛋能带上飞机或者托运吗
15	QQ加了没人管
12	充电宝能带吗
1	修改位置
5	身份证丢失咋登机
1	请问预约的时候三个人选座是一起的，为什么取票时一个位置就变动了
1	国际航班可以选座吗
8	南方航空的电话是多少
4	认证不成功
12	你好，我有一个小米移动电源，20000毫安，能带上飞机不
1	福州到香港的机票可以值机吗
4	需要审核多久啊
12	狗狗可以托运吗
15	飞行次数不对啊
1	儿童网上值机
15	怎么买延误险
0	怎么查看以前的航班信息
1	你还，买飞机票时已经预定了座位，那在航旅纵横上就不用在选座位了吗
1	帮我取消值机
14	上周我刚刚出差去广州，我需要获取从三亚到广州再从广州回三亚的行程单，如何获得
1	手机值机可以提前多久
1	怎么乘坐飞机
13	2月15日，从西安到深圳的MF1114，如何打印登机牌？
20	孕妇乘机
1	我今天花土沟到西宁的机票，需要取消值机
1	手机选座页在哪
15	我要改签
14	设置自动发送乘机证明
12	液体托运
20	婴儿需要领取飞机票吗
1	这个人的座位取消不了
15	转机时间跟到达不少于多少小时
20	三年前安装心脏起搏器，能乘坐飞机吗？
0	添加了客票信息，说添加行程失败，是怎么回事呢？
1	那我不能提前选位吗
4	用手机号登陆，显示身份证已被其他账号登陆
1	应急出口的座位怎样预订
15	起飞前多久停止值机
14	我需要乘机证明你能搞定吗
1	如何添加同行人？
0	怎么查我的机票
1	可以手机选座了吗？
12	雨伞如果放在行李箱里需要拿出来安检吗？
15	直接充钱可以看机场雷达吗
1	如何添加好友值机
1	我能否帮他人选座
1	值机无法取消
0	已经手动添加但还是无法显示
1	预约值机失败
1	可以提前值机亚洲航空的航班吗
1	明天的机票，为什么还不能确定座位
1	添加同行人，显示我重复预约是怎么回事？
1	手机软件怎么选座位
12	厦门航空MF8571可以托运蜂蜜吗
12	iqos可以带上飞机吗
15	里程数是如何统计的
1	取消座位
4	我该如何知道是哪个帐号认证了
0	2011年前的行程没有？
1	如何取消已值机航班
1	我自己可以选坐，为何帮朋友选择，就这个提示
1	幼儿如何办理值机？
15	提前多久关闭值机
0	行程已添加但没有显示
15	到机场的时间
0	不能提取行程
1	我是经济仓，可以选第六排座位不
1	为什么有的不支持手机值机呢
12	我7/17号乘国航从美国纽瓦克机场飞北京，我可以提着一个工艺钟以替代手提行李上飞机吗？我是公务舱
1	为什么已经直机好了，座位被换了
1	取消预约选座
1	怎么没有选坐功能了？
11	机票上的信息怎么看
15	你好，由于飞机延误，我需要退票，请帮我处理。
15	我想知道拍的照片去哪？
5	儿童乘机证件
1	小孩子不能手机选座吗
12	三个人一个大箱子里，30公斤
0	我如何查看 我儿子的航班信息
0	怎样查看别人的飞行记录
8	海南航空人工客服电话
13	电子登机牌可以在机场打印出纸质登机牌么
12	行李托运费用
14	电子行程单怎么下载
10	值机后如何添加常旅客号码
1	为什么每次选座位只能选择三个
0	使用过的航程还可以添加么
19	是穷雇不起员工吗
1	座位更改
12	可以带几条香烟
1	你好，我已完成认证，怎么不能办理值机，点值机时为向又要求认证？
1	为什么前面的位置不能选？
12	20000mAh的充电宝可以带上飞机吗
12	乌龟如何办理托运
13	发送同行人的电子登机牌
1	明天的飞机为什么今晚不能值机
4	这个不是本人的证件
15	里程兑换升舱
1	机翼旁边靠窗的位置有哪些
14	请问哪里有电子发票
1	第一次坐飞机可以在APP 上选座位吗？
4	你好，我是港澳通行证，认证里没有这一栏，只有港澳居民，我国内订票需要用通行证，现在只能选其它来认证，这个一直没通过，比较急
12	为什么我乘坐的飞机，别人有免费7公斤的行李托运，我没有免费行李额呢
15	请问怎么改签
1	为什么我的座位被更改了
13	请问可以帮朋友值机出电子登机牌吗？
0	我想查查国内机票是否预订成功
1	更换不了座位
1	预定座位还可以换吗
1	怎么删除常用联系人
1	小孩可以选择座位号吗？
14	行程单如何打印
8	咨询电话是多少？
12	没有免费行李额是什么意思
1	哪里在线选座
0	BK3142航班信息咋查不到？
20	如何申请有氧仓位
11	机票身份证号码对的名字不对能登机吗
3	武汉到拉萨的机票，可以在航旅纵横中买吗？
19	哪个群里能解决问题？
4	怎么删除我的证件
1	预约值机什么时候能成功
1	怎么通过该软件帮别人选位置
14	行程单打印
1	为什么选不了座
14	登记牌丢了无法报销怎么补打
14	如何打印电子行程单
12	洗面奶200毫升的可以带吗？
1	为啥取消不了值机
0	上个月的飞行记录未显示，怎么添加
1	航班保护要多久
12	飞机上可以带新鲜的腊肉么。
11	为什么  我同时购买两个人的机票
5	临时居民身份证
1	值机添加其他乘客
1	我订的是新加坡航空公司的航班 可以在这个APP上办理值机吗？
1	航班取消要改签。可是已经值机了改不了
12	充电宝可以带上飞机吗？
20	请问婴儿几个月可以乘飞机
0	我怎样查看我前几天的机票行程
5	你好，没有身份证怎么办
11	怎么定票
1	说航班不支持手机选座
19	神经病
13	电子登机牌没有扫描可以用嘛
8	有电话咨询吗
12	可以带水果上飞机么
8	有人工服务吗？
1	怎么为同伴值机
12	20寸箱子可以带上飞机吗
15	open票是啥意思
15	您好，我需要退下机票
1	你好！请问在哪选座位？
12	卷发棒可以随行李托运吗
19	你们怎么回事
20	有高血压史的80岁老人购买飞机票有什么要求？
12	22号晚上七点左右金鹏航空的Y87542的航班行李限额是多少
12	t1航站楼的头等舱托运行李的地方在哪
12	托运重量
2	划线的旅豆一直没结算
7	要提前多久可以付费升舱
15	你好，我的行李丢在了三亚凤凰机场行李打包处，我想找回来。
11	可以查到我的机票信息吗？
1	怎么办理会员选座位
4	身份信息已被认证
12	飞机上哪些东西不能带
4	想知道以前的行程 但是手机号换了
12	坐国际航班，扫地机器人可以托运吗？
15	现在我想机票改期了哦
12	请问手机值机选座后如何托运行李？
1	无法选座位
1	小孩子如何值机
0	如何手动添加行程
5	2周岁以内婴儿登机证件
8	厦门航空公司电话
5	身份证过期
0	行程一直显示使用中
4	护照添加不了
1	申请取消6月17深圳到上海的厦航值机
1	我都不能办理值机什么情况
1	您好！怎么选川航3U8878航班6月23日的座位号？
0	为啥查不到我明天得行程
1	几点可以选座
11	可以购买机票吗
15	改签费用
5	天河机场+临时身份证办理
20	如何领取失物？
0	想问下，如果买的香港快运的航班，可以添加进来的吗
13	怎么补打登机牌
1	如何添加不同乘机人
12	充电宝可以带吗
1	安全出口位置
19	没看懂
1	为什么我航班选不了座位？
0	添加行程多久成功
11	我先买票
13	拿户口本在哪里取票
15	我们赶不上飞机，可以改签吗
1	如何在手机上选座
15	你好，我想改签，机票还是我之前的价格嘛
1	航旅纵横支持国航，南航，东航手机值机吗
9	什么是联程机票
1	为什么说我非本人行程，不能选座呢？
17	有用吗
20	儿童乘机
1	无法添加同行人，提示不能重复预约
1	怎么帮别人国际航班值机
19	扯淡，耽误旅客时间
1	为什么我的座位被更改
15	我想问下明天的天气A461航路，会影响南宁到杭州的航班吗？
0	怎么没有显示我从莫斯科到圣彼得堡的行程
1	如何选座位
12	春秋航空免费托运行李限额
15	提前多少时间去机场
1	已出机票，为什么办理不了值机
14	怎么报销？
15	如何推荐朋友下载航旅纵横
1	泰航怎么办理值机
14	你好，现在行程单是邮寄纸质的还是电子版的？
11	你好，能查询朋友帮我订机票吗？
15	我现在要退票推不掉，是携程网订的，在航宇纵横上手机值机的
15	值过机了，起飞前多久还可以托运行李
0	您好 我没定过机票为什么还会提醒我办理值机呢
15	登机牌丢失
14	行程结束报销需要电子登机牌
4	为什么我的手机号码改不了？
0	你说的界面没有可享服务页或行程详细页
0	热力图中我北京已点亮，为什么行程中没有该信息呢？
12	请问可以带打火机吗
7	四川航空付费升舱
1	座号从哪里选？
5	没有身份证怎么值机
4	添加护照
1	G5华夏航空在哪里办理登机
0	我的机票找不到了   可以用身份证查询几点的飞机吗
4	添加新护照显示姓名冲突，没法添加
12	天津航空，西安直飞伦敦，行李限额是多少
0	能查看别人的航班吗
1	已经网上值机还可以取消吗
15	需要餐食怎么预定
1	同行人添加？
15	怎么用里程买票
1	预留座位不可改选
14	我想索取机票回单位报销，怎么操作？
19	我要投诉
1	我在手机上帮同行人值机选座，这次为啥添加不了呢？，
12	为什么这躺飞机没有免费的托运
12	随身携带上飞机的行李重量
1	为同行的人预约座位，为什么提醒不能重复预约
0	你好，别人帮我定的南方航空的机票我自己为什么查询不到
4	请问怎么取消认证
1	川航怎么帮儿童办理值机
11	怎么订票？
0	手动添加的行程信息有误，如何修改？
4	输入44+手机号 收不到验证码
12	可以带一万毫安移动电源吗
12	有汁的菜可以带嘛
12	上海飞厦门可以携带几条香烟
12	飞机上能不能带水果？
1	为什么不支持选座
12	电脑可以托运吗？
12	28寸的行李箱可以托运吗
1	我本人操作提示非本人无法值机，
1	为什么我这航班不能选座
8	东航客服电话号码是多少？
11	往返机票在哪查
14	怎么办理报销凭证
15	我我是少数民族，能不能给我安排清真餐
14	怎样导出个人乘机凭证？谢谢了
4	为什么，每次我要添加证件，都是证件格式错误
0	从北京中转韩国在飞日本的航班为什么不显示？
12	化妆品携带
1	我的为什么不能值机
1	为什么我的座位号显示不出来
8	请问电话客服是多少号吗
1	你好我想请问我的票号是10位数，好像没发添加行程怎么办呢？
1	澳门航空的可以网上选座吗
1	航班保护不能在线值机
1	怎么取消预约选座
12	请问行李超重怎么办？
11	怎么查看是不是经停航班？
0	我以往飞行记录怎么才能显示出来？
0	为何国际行程没有显示？
0	我本人没有订今天从沈阳飞西安的机票，为什么在行程列表中有这个行程呢？客票号是8262501963205。能帮我查一下吗
5	哪些证件可以乘坐飞机
1	hu7475怎么取消值机
0	你好别人帮我预订的票我怎么显示在航旅纵横上呢
7	在哪里升仓啊？
12	刮胡刀可以带吗？
13	如何获取随行人员的登机牌信息
14	怎样开具发票
12	这趟航班，随机带多少行李？
1	常用联系人在哪
15	您好   我刚定的机票本来是7点多的  但是延误到9点40多    请问我们要几点到机场
19	Sb
4	怎么增加新护照
12	登机箱是多大
4	账号已经被认证 但是原来的账号忘记了怎么找回
19	你够了
0	没有订机票！怎么会有订单啊
1	航班取消了，我要取消值机
19	你们再不改善那些低端小问题 客户都跑了哟
20	哈尔滨机场国航金卡有休息室吗
20	WIFI租赁
0	常用联系人的行程怎么查询
12	飞机托运哪些东西不能带
1	选座什么时候正式开放
15	TT663今天航班取消了吗？
0	请问我明天的行程怎么不显示？
1	前提多长时间可以选座位
1	怎么取消他人值机
15	为什么查询到上限就查询不了了
8	有没有人工客服啊
12	托运可以带多少液体
11	能否购买机票？
0	行程没有更新
2	请问我的航旅口令怎么查
20	婴儿票
1	我的值机取消不掉
14	我的机票CZ8129在南航柜台不能打印行程单，怎么回事？报销用，在哪儿打印？
2	我2011兑换了提取码，没记下兑换码，我现在找不到了
15	这个在哪里
1	付费值机怎么取消
1	座位选好还用去窗口办理吗
5	儿童坐飞机需要户口本吗？
1	常用联系人在哪？
0	 可以用身份证查订单吗？
7	怎么办理升舱
1	如何坐飞机
12	能带上飞机的行李重量
1	国际航班可以提前选座吗？
1	飞香港不能值机吗
4	手机号码注销
4	护照信息怎么更改
8	你们有没有电话可以联系？
4	我的证件要修改
15	保险
1	手机值机是什么意思
14	打印发票需要什么材料
1	麻烦帮我取消座位预留信息！
4	注销后重新再申请应该不会有以前的账号信息了吧
1	如何为同行的朋友值机
1	为什么祥鹏航空选择不了座位
0	定了机票这边怎么没有显示呢
0	不小心删除行程，但是是忘记行程单了
1	预约选座可以比正常选座更快选到座位么
20	伤残证
5	婴儿坐飞机需要什么证件
15	Qq号不存在
12	从利雅得到吉达，托运的行李五天了都未找到，这个该怎么处理？
1	大人已经办好值机选好座位了 但是儿童不可以值机 孩子太小两岁半不能和大人分开坐的
1	小孩的要怎么值机？
7	怎样办理升舱？
12	化妆水可以带上飞机吗？
0	我没有买的行程为什么会出现在行程列表里
5	购买机票的身份证过期
1	CZ3965航班是什么时候可以值机？
1	常用联系人的页面，在哪里？
4	怎么能再次注册
1	国泰航空的航班提前多少小时才能办理网上值机？
1	儿童已经取消值机了，大人怎么取消不了？
12	路由器让不让带
5	幼儿有身份证还需要出生证明登机吗？
11	我的机票定了吗
1	如何取消添加的同行人？
12	蚊香液可以托运吗
11	跑买票吗
15	请问一般什么时候可以值机啊？
12	充电宝带多大毫安
15	我的卡包一直出现系统忙碌？
4	更换手机号
15	经停需要拿行李马
1	我想问一下，在这里选座后，去办理托运拿登机牌的时候座位和我选的是一样的吗
1	先值机还是先办理托运
4	账号 忘记
8	客服电话号码
8	你们客服电话多少，我找你们有个事情
1	L10472296，马雯，之前是希望能够帮助她值机，绑定之后发现没法值机，但又不能自己删除
12	锂电池规定
13	登机牌补
0	如何查询航班
14	如何查看发票快递信息
15	团体票自己可以提前选座位吗
20	行李在飞机上忘拿了
1	请问长安航空为什么不能值机
12	可以携带多少容量的香水上飞机
1	我值机了要改票，取消值机为何总不行啊，急死了，请帮忙
0	行程添加不上
15	但是航班延误太严重了，有事不能等，所以没有乘坐，怎么退票
4	为什么我用微信授权不能立刻认证
0	那个之前付了钱改签为什么机票显示提醒没变
13	弄了电子登机牌还可以凭身份证换取机票吗
13	手机值机后，为什么一直不显示电子登机牌
15	身份证丢失怎么办
11	怎么订机票
12	东方航空公司的托运行李额多人出行，行李重量是否能累计计算。
1	我的座位被修改了？？？
14	去年的机票怎么打印报销凭证呢
1	值机无法取消，错误51841
1	怎么选座位？
0	为什么定了机票查不到行程
1	怎样才知道已经开始选择座位了
4	身份证认证了怎么删除？
13	我怎么添加别人的电子机票？
1	找不到座位信息页
13	怎么看不懂电子登机牌了
1	在线值机时间
12	请问北部湾航空行礼多少公斤内免费
15	最晚托运时间
1	安全出口
1	在哪里预约选座
14	如何打印行程单
4	改手机号收不到验证码
5	孩子未带证件，如何乘机
13	值机二维码
4	忘记密码怎么办
17	亲
0	请问，2011年前的飞行纪录如何调取？
0	我想问问，我能提供别人名字和身份证号码，能查他的购票记录吗？
11	如果帮助别人买票
15	24日CA169查看手机值机为什么总显示连接超时，不能手机值机吗
8	有电话吗
20	怎么找失物招领
2	兑换口令怎么找不到了？
6	取消接送机
1	航班仓位等级不同不能值机
1	预约选座能添加几人
8	请问西部航空客服电话多少？
1	买机票多久可以选座
12	多少寸行李箱上飞机
15	怎样把软件分享给朋友
13	登机牌补打
1	我为什么我的选座的座位号变了
11	我给别人的买的700块钱的机票，现在写的乘机人是我，又是未使用
12	20寸行李箱20kg以下可以不托运吗
12	可以带充电宝上飞机吗？
0	我通过携程订的航班无法显示?
12	笔记本电脑可以托运吗
4	注销多久成功
4	你好，我的账户被他人占用是怎么回事
0	为什么我的国际航班没有显示？
0	没有去南昌的机票显示
18	额
1	非本人不能值机
0	我的来回机票出来这么久也不显示出来
1	FM9457什么时候正式开放选座
0	我定的机票为什么没有显示
12	请问办理值机以后，还可以到机场托运行李吗？
1	怎么在线选位
1	请问在哪里选我想要的座位呢
1	孩子证件为什么不能选座？
0	旧护照的行程没有导入
12	可以带2个充电宝
1	不可以选座？
13	我这有电子票了还要取票嘛
1	我想问一下如何帮别人在这里直机
12	菠萝蜜可以带吗
1	怎么取消选座
20	老人如何乘坐民航空机
0	请问怎么提取2011年的行程
1	为啥我不能取消值机
1	如何值机成功
1	我在APP取消不了值机
14	我18号有2个乘客值机，为什么只收到一个电子行程单
4	已经注销了，但为什么一直没有成功
12	滑板可以带上飞机吗
15	离线模式怎么开
3	我明天的飞机怎么现在显示登机
3	拥挤度是什么
12	樟脑丸可以放行李箱里吗
1	为什么值机失败
12	海航的行李限制是多少公斤？
17	嗨喽
15	我想要改机票
0	没有任何凭证怎么添加行程
1	改联系人
0	值机的人收不到任何信息
1	国行儿童值机
11	我定的21号深圳到上海的机票，为啥显示今晚的？
8	有在线客服嘛？
14	怎么报销
1	什么时间可以选座
4	我要删除认证身份证
12	可以带多少支香烟？
1	没看到预约选座？
0	行程添加不了
0	能查别人的购票记录吗？
11	你们可以订票么
0	国际航班怎么没有显示
1	为什么提示不能重复预约，然而之前并没有预约
1	输入正确的航班信息和个人护照信息后，为什么显示非本人行程
12	国际航班免费托运行李重量
1	请问10岁孩子怎么进行值机？
8	如果找人工服务啊
12	日抛隐形眼镜可以带几个
1	港澳航班 如何值机
0	为什么没有我的行程？
1	看看我的值机成功了吗？
0	国泰航空航空行程看不到
1	如何帮老人值机选座位，自己不在该航班
1	为什么不能自助选座了
1	抱歉，没有查询到可预约值机的行程
0	我今天的行程怎么看不见
12	手拎袋可以上飞机吗
12	喷雾可以托运吗
12	飞机可以带药吗
12	办理托运需要加费用吗
15	我要退票
1	一般靠近机翼的位子是几号
15	OPEN票怎么办理
10	常客卡是免费办理的吗？
12	请问从胡志明市到广州白云机场，托运一件行李不超5KG需要出拖运费吗？
1	为什么别人可以值机，我的不能
1	不能添加同行人怎么办？
3	前序航班延误，已经手机值机，可以晚去机场吗
0	已完成，但动态显示还是已登机
1	如何添加第二个乘客
12	网上值机好还能托运吗
4	微信认证不了
1	怎么换预定座位
12	托运行李额度
15	里程兑换机票
1	如何取消值机？
0	你好，可以查到我一年前的国际航线信息吗
11	小孩买票的规定
12	飞科电动剃须刀能带上飞机吗？
1	请问手机值机时间是在航班起飞前什么时间断
8	你们的客服电话
1	请问这个APP中如何预先选座位？
15	北京机场遗失物品电话
11	机票搜索
1	能帮我看一下我在线选座是否成功了吗
13	在哪里找已乘航班的电子登机牌？
1	我的航班取消了，我要改签，但值机不能取消，不能改签
0	飞行途中，航线无法查看
8	人工电话是多少
4	如何更改认证证件
12	乌龟能携带吗
13	给别人值机后的电子登机牌
19	你没回答我的提问。
0	我有一个2019年7月16日北京到韩国金浦的行程为什么不显示那
1	老是跳出非本人行程，不能值机
4	为什么我的身份认证失败
4	新护照不需上传照片吗？
15	连接超时
1	如何与儿童一起办理值机？
7	如果我在值机柜台直接升舱了 是不是就退款了
12	电池显示2.0Ah，可以上飞机吗
12	行李超额怎么办
8	人工客服
4	为什么输入身份证号码总是说格式不对
1	手机无法值机
1	机翼是哪一排
1	我想咨询一下，我的账户可不可以给同行的人办理值机
8	有客服人工电话吗
19	你奶奶的
11	我可以直接在这上面订机票吗？
15	什么时候值机
1	想添加孩子的信息 怎么添加啊
20	东西遗失在飞机上
1	办理贵宾卡
1	需要帮我取消值机
12	行李限制，禁带物品
1	经济舱锁定的座位不能什么时候能选
10	為什麼我不能添加常客卡
15	被限制了是什么意思
15	您好，请问飞机票可以改签吗
19	也不行
0	为什么我的风飞行记录只有16年以后的
15	为什么有的不支持里程累计
1	怎么在手机上选座
1	我要换位置
4	没有NFC功能验证不了身份证怎么办
20	婴儿乘机
1	无法选座
20	您好，我这个软件是给15岁的孩子下载的，他要去美国，为了出行方便，老师让下载的
13	网上值机哪里打印登机牌
12	止汗露可随身带吧
1	为什么不能帮别人选坐
7	到达目的地了，没有升舱，什么时候退款呢？
1	座位被换
5	你好，别人带我女儿（五岁儿童）乘坐飞机，女儿没办过身份证，只拿女儿的户口页可以登机吗？
15	特殊旅客
1	网上值机选座后，如果到达机场时已经停止办理值机，可以正常领取登机牌和托运行李吗
20	12周岁应该买儿童票还是成人票
1	请问常用联系人怎么删除？
1	中国航空CA1239可以手机选座不
4	你好想注销此账号
1	怎么取消不了值机
5	身份证丢失怎么乘机
1	找不到座位号
0	怎么查询航班信息
1	值机取消不了这么办
15	飞机延误了2小时，可以晚点去安检吗？
12	宠物托运
1	没有和我一起同行 可以帮忙选座位吗
4	我之前另一个号绑定过身份证   然后那个号注销了  为什么现在用不了航旅纵横
11	怎样购票
1	怎么帮别人选座
1	为什么自动值机了
4	注销账户受理
11	我能通过此APP预订机票吗？
12	你好，我想问一下怎么在线购买行李额
0	你好， Ruhr 看到 一七年以前的飞行
1	在线选座同行只能选三个人的?
3	你好请问10点50从银川到北京的航班取消了该成几点了
12	你好，充电宝必须托运吗
15	如何订素餐
0	国际航班可以查吗？
12	吹风机能托运吗
1	先安检还是先托运
4	一直收不到短信验证码
1	请问如何帮孩子一起选座？四川航空的机票，成都飞温哥华
1	儿童如何值机
12	前序航班延误，行李托运赶不上航班怎么办？
11	我如何在上面购票？
15	怎么累计里程
0	下面的机票为啥没显示
0	你好 请问行程上为什么会出现我没去过的地方？
0	国际航班能添加行程吗
0	我今年初去马尔代夫旅游的行程为什么没有提取出来？
0	你好可以查询其他人的机票么？
1	为什么座位会被锁定了
1	为什么小孩不能在App上值机？
20	重庆T3投诉电话
1	关闭值机服务，怎么取消值机
1	帮我取消值机吧！
12	充电宝可以随身携带吗
15	国际航班要提前多久到达机场
11	航旅纵横能订机票吗？
13	如何帮其他人取票
12	我的箱子可以上飞机吗
20	70岁以上老人乘机可以吗？
1	我用手机值机提示不能为非本人值机，但我是给我自己值机
12	多少尺寸的行李箱可以带上飞机
1	经济舱可以选座  8A吗
12	怎么在天津航空官网上购买行旅托运费
15	军人优先
4	身份证认证不了
12	周黑鸭可以随身携带上飞机吗
4	忘记旧账号
12	请问可以戴发簪上飞机吗
8	郑州机场地服电话
1	儿童座位如何选票
15	为什么总显示连接超时？
0	如何查值机记录
15	怎么预定清真餐
15	飞机上有没有无线
12	手机值机后还能托运吗？
15	飞机晚点提前多久通知
1	值机时新增人员的名字错一个字同音不同字会有影响吗
12	托运液体
1	我的航旅纵横，为什么不能手机值机选座
15	如何成为pro版用户
1	座位信息在哪里？
14	发票问题
1	我可以帮朋友选座或值机吗
0	为啥我值机之后我的行程没有了
12	是每种化妆品不超过100ml还是所带化妆品加起来不超过100ml
15	如何提取电子客票号
1	可以帮别人选座位吗
12	托运酒数量有什么限制？
1	为何我的客票不能预约值机
12	消肿止痛药水可以带吗
12	经济舱可以托用几件行李
15	访问次数超过限制
15	没有电子客票号怎么手动添加
1	为什么这个软件不能给别人值机了呢
12	移动电源上没有显示电源容量，只有额定能量为18.5WH，可以上飞机吗
1	手机选座后怎样修改？
12	我想问问宠物怎么托运
1	怎么在线选座
0	如何查看我未来的行程
1	怎么添加同行人
8	南方航空的客服电话是多少
19	你这就没意思了小横
12	坐飞机行李重量不超过多少可以带上飞机
4	我是民航人，怎样认证成为航旅业内版？
1	春秋航空公司可以在线值机吗
8	客服电话号码是多少
4	我要注册，怎么操作
1	为什么不能在线选座
0	我在支付宝定机票怎么没显示
0	你好，为什么我能查到国内的行程，查不到国外的
4	新护照添加不了
0	航线图如何查看
1	取消值机无法取消
1	如何办理选座
1	显示非本人行程不可值机
15	保险公司延误险
12	两万毫安的充电宝可以随身带上飞机吗？
12	日抛隐形眼镜可以带么？
7	我上次去黄山买的头等舱你们给我降仓位了？你们说退钱为什么到现在都还没有收到款呢？
1	选座取消失败对不起
15	手机可以开飞行模式么
15	飞机上可以听蓝牙耳机么
12	东方航空的行李额是多少
15	Mu2709有餐食吗？
4	密码忘了怎么修改
12	可以带腊肉吗
1	能为别人选座吗
15	可以提前几个小时办理么
0	以前的航班没有记录
12	可以随身携带的行李
15	怎么换积分
1	请问哪个座位是靠窗的？
1	机翼位置
1	怎么选择座位
0	往返的行程自动只导入了一程 手动导入告诉我已经存在（实际没加上
1	可以帮别人选座吗
1	怎样帮同行人值机？
1	孩子怎么提前选座
0	怎么用身份证号码查机票
12	中医药液可以托运吗
14	有没有纸质的报销凭证
13	如何二维码登机
1	同行人改预约选座
12	随身携带行李箱尺寸多少
17	有人工吗
1	祥鹏航空第一排座位值机
0	提取2011之前的行程后为什么还不显示
12	20寸的行李箱有多大
12	国航ca969 飞新加坡行李限额多少呀？
13	办理了电子机票还能在机场打印纸质机票吗
12	免费托运行李额度是多少？
12	400毫升的乳液可以托运吗
1	预约选座会被更改座位吗
1	为他人变更座位
15	电子客票号怎么查
1	怎样选座位，谢谢。
12	能带防晒霜吗？
1	这个怎么选不了座位
4	请问可以帮我添加这个证件吗
1	如何删除同行人信息？之前一起选过座位
5	港澳通行证订票
19	我提的问题为什么不回答呢？
1	无法取消座位
12	化妆品超过100ml可以托运吗？
12	一盒杨梅飞机能带吗？
1	可以帮他人值机吗
14	怎么打印报销单
14	如何取消个人乘机凭证的邮件接受功能？
5	身份证遗失怎么登机
1	8日飞机，是否现在可以选座位
0	为什么我从巴厘岛回来的行程没有显示
1	2019年6月16日的航班如何选座？
3	请问飞机延误了，手机上也值机了，还需要按延误前的准时时间去值机吗
12	请问能带沐浴露吗
4	你好，我川航会员更换了手机号，那么在航旅纵横APP上查询卡片信息的时候就显示我手机号无效，这个怎么办？
15	航班取消是飞机晚上不飞了是吗
1	国内航班怎么选座位
11	可以帮别人买票吗
12	请问我的行李限额是多少
12	如果无免费行李额
0	为什么我在其他国家的飞行记录没有显示
1	航班不支持手机值机是什么意思？只能去机场值机？
15	小横，改签能改多长时间
1	自己不出行，为他人选座
0	为什么我没有全日空的行程
0	我航班已经取消了，为什么没有航旅纵横还没有更新
12	婴儿车托运
10	常客卡是什么意思
15	团购的QW6091航班。能不能手机选位置
12	充电宝能带么
12	隐形眼镜护理液可带上机吗
4	你好，我孩子的微信跟支付宝都没有，那如何注册账号添加信息来进行值机
19	能不能解决问题？？？
12	玉器能托运吗？
1	用我的手机为别人订机票不能值机吗
0	查不到航班
15	6月18日早飞往成都的cz 6161航班，座位号36d，有手机是落在座位上，怎么去认领丢失的东西？
1	怎么关掉行程保护
5	身份证丢了怎么取票登机
1	是否值机成功
0	没有导入的形成
17	您好！！
20	浦东机场停车费
1	我选座不成功
0	我的行程已经使用了，为啥状态还是未使用
15	国际航班最多可以提前多久办理托运
1	飞机票开放选座时间
1	为什么厦门航空儿童不可以值机选位？
1	你好，我如何帮助别人值机？
1	小孩能在手机上选座位吗？
1	你好，如何取消值机？
10	我想问下那个常客卡怎么办理
1	我可以为别人选座吗
3	有没有必须第1个飞完了才能选第2个。
1	非本人行程不可值机
20	重庆江北机场晚上关门吗？
1	怎么选不了座位呢？
15	操作后显示无法取消，错误代码-3121
1	取消未成年人值机座位。
0	怎么查询朋友的航班
12	请问鲜花能带上飞机吗？能带多少？
8	你们人工电话
0	查订单
20	国内哪些航班有婴儿睡篮怎么查询
12	小盆蝴蝶兰可以带上飞机吗
0	我要查询我预定的航班
1	我的航班为什么不可以值机选座位
4	怎么开通eID身份电子认证
1	调换座位
0	我买的国际航班为什么航旅纵横无法显示
8	东方航空公司服务电话
1	怎么为他人预留位置
1	您好，预约选座为什么没有提示成功？
8	有在线客服吗？
4	我为什么不能身份认证
8	你电话是多少。
0	为什么你们显示我退票了
15	有没有祥鹏办理退票电话
12	坐飞机可以带防晒霜吗？
9	中转航班需要预留多久时间
15	系统错误
3	值机完成 但是飞机延误了 能晚点过安检吗
1	春秋航空是不是不支持值机
1	五人同坐一班飞机，值机选座，添加常用人，为什么最多还能选两人？
12	您好，仁川机场回北京，买了真空包装的泡菜80g共10包，随身携带可以吗？有没有规定必须拖运？谢谢
1	您好，我想问一下怎么选座
1	预定值机，只能选择3个人的吗
0	我有一个今天晚上厦门飞北京的航班，可是我并没有订过这个机票。
0	怎么查别人是否帮我预定机票
15	军人优先可以携带军属吗？
5	买票用的身份证，登机可以用护照吗？
0	你好，你们这系统为何没有显示国际航班预订信息？
14	我需要行程单
12	液体限额
5	未带身份证
15	用电子机票 最晚几点进入
4	军人证件怎么添加
1	添加同行人要求我联系本人办理
1	保护状态
1	为什么无法值机？
12	随身行李箱限额多少
17	在吗。
8	打电话给我！18906015066
0	请问我的国际机票为什么不显示？
6	约车可以开发票吗
20	你好，行李箱托运完坏了
14	机票报销凭证
12	化妆品可以带吗
11	怎么搜索机票后无法购买
11	为啥现在不能在航旅纵横订票了
12	飞机上能带熟的咸鸭蛋吗
1	怎样提前选择座位号
0	认证成功后为什么没有自动提取行程
1	Cz8122为什么不能办值机
1	儿童无法选座
1	还需要到窗口办理登机牌吗
19	no
0	为什么显示了未来并没有购票的行程？
1	可以选座吗
1	怎么没法手机选座呢？
1	怎么帮和我同行人选座位？
1	东方航空可以儿童选座吗～
19	你们的app真的好多问题
12	请问腊肉可以带上飞机吗
1	为什么国航的机票无法在纵横APP值机
1	能添加几个同行人？
1	我是在航旅纵横值机的，为何在取消值机时说我是在其他渠道值机的？
0	有些行程没有显示
12	不是免税店的香烟也可以带么？
12	登机箱多大
11	怎么验证机票真假
12	可以托运香烟吗
1	能改座位么
1	香港回乡证怎么添加常用联系人
13	电子登机牌怎么用
12	布娃娃可以带上飞机吗
0	您好，我没有出门，也没有订票，怎么会有我今天的订票信息，南京到包头
12	蚊怕水可以上飞机吗？
1	CA8203航旅纵横上选的29C，但实际拿到的是29B
4	如何删除已认证证件
15	无法加群
1	手机值机后还可打印纸质登机牌吗
1	我为什么不能预约值机
7	我的升舱订单怎么一直没有确认？
1	东航国际航班儿童值机
0	澳洲航空的行程没有显示吗？
1	需要取消值机
1	3U8295航班座位只有十多个小时了，咋还没有开放呢？
8	有人工咨询电话吗
12	酵素粉末带上飞机
1	如何添加同行儿童值机
15	怎么预定机上无线
4	怎么用微信认证
1	取消选座取消不了
0	已添加成功行程未显示
1	预约选座
0	如何添加几年之前的行程？
11	在机票搜索上，怎样买票
1	为什么预约成功的座位，会被无缘无故的调换?！
12	托运行李收费吗
12	补水喷雾能带上飞机吗
0	手机不显示已定航班信息
1	您好，我已在航旅纵横APP办理值机，直接凭电子登机牌过安检就可以可是吧？
15	飞机出发前多少时间停止检票
1	无法替家人选座
12	我是想问我明天的行程有免费托运额吗？
19	对不对
1	你好，怎样取消值机
1	我的值机无法取消，请帮忙取消，谢谢
1	怎么换座位
0	为什么我的18年的行程，很多都没有显示
19	已经提交，没有答复
1	请问为何添加同行人选座时会显示说仓位等级不同
1	同行小孩怎么选座
1	请问在其他平台上买的机票，可以在航旅纵横上值机吗？
1	手机值机后，还有取登机牌吗
17	你好～
4	为什么我的所有认证都失败了
15	托运的行李在中转处需要拿吗
12	行李运输是多少一公斤
12	可以托运300ml的芦荟胶么
15	伤残军人安检
1	为什么我自己选择不了值机？
12	充电宝的数字模糊了可以带上飞机吗
0	我是pro 版 为什么14年行程没有
12	请问橡皮泥可以带上飞机吗
4	您好！我的证件号显示被认证过了，是怎么回事呢？
15	物品丢失
11	纵横航旅这上边不能预定机票吗？
15	Pro版本如何下载
15	如何打开飞行模式
1	带36天婴儿值机
15	我时间来不及了，托运怎么办
1	下载手机app后，进入哪个区域是选飞机座位的
15	Pro版本下载
1	首都航空如何选择优选座位
5	福州长乐国际机场临时身份证办理
12	国际航班可以携带真空包装袋和真空泵吗
15	航旅纵横离线模式怎么开
7	我购买了升舱 可以享受哪些服务
1	为什么值机后改不了位置
12	阿胶膏可以带出国吗
20	多少岁能单独购买飞机票上飞机
0	为什么一年前的行程没有记录
0	买的是转机机票，为什么只显示一张机票
0	朋友给买的机票如何查询
15	怎么退票？
8	中国联航电话
1	香港航班无法增加同行人
12	能带50ml以内的液体吗
1	已选座位 如何取消
14	我需要报销，可以用电子登机牌吗
14	怎么办行程单
19	sb
1	我选不了座位
5	已满12岁，没办身份证，如何购机票
1	28月小孩子无法手机网上预约值机！怎么处理
1	帮助别人手机值机，现在如何取消？
12	20000mAh的充电宝可以带上飞机吗？
4	我的为啥认证不了呢
1	怎么进行选座？
1	还是不能给同行人值机
12	行李额度
0	怎样帮别人查他坐的航班信息
1	选坐位不知道在哪里操作
14	国际机票补开乘机凭证
0	为什么开启了短信提醒还是收不到通知消息？
0	如何添加其他乘客的行程呢
11	订票时到最后一栏为什么点击进入不了下一栏
12	30mah的聚合物锂电池蓝牙耳机可以带吗
8	在线客服
1	6月16号的飞机为何现在不能选座？
12	鸡胸肉能带上飞机吗
1	工具箱的手机选座在哪里
0	查询儿童旅程
14	开不了发票啊
8	我想打航旅纵横客服电话
1	请取消杨利强值机
3	为什么我的航班时间有误
5	儿童用身份证乘机
1	可以取消值机吗
1	儿童不能预值机吗
1	请问如何选择国际航班的座位？
13	领取登机牌后还可以使用电子登机牌嘛
11	在哪购买机票
11	哪里可以看机票
0	怎么查别人帮我买的机票
12	智能手环可以带上飞机吗？
12	物品超重怎么办
1	实时选座如何添加同行人
15	官网在哪里
12	有汤的小龙虾尾可以带上飞机吗
1	删除联系人
5	哥哥可以带12岁以下儿童坐飞机吗
11	我朋友给我买的机票，但是我这里差不了
1	怎样才是选座成功
1	飞机乘机人手机号错误有事吗？
15	如何获取电子客票号
8	你们有没有客服电话
15	怎样填写特殊旅客乘机申请
13	打印登机牌有限制时间吗？
1	取消天津至乌兰浩特值机。
0	为什么没有显示回程飞机行程
4	可以认证几个人
1	哪里选择同人值机
1	怎么管理常用联系人
0	我并没有购买今天海口飞往潮汕的飞机，为什么提示我有这个行程？
10	怎么绑定凤凰知音
19	答非所问
0	查看小朋友的机票信息
1	选座有锁
1	为什么不能值机选座？
1	我的航班座位怎么系统自动选了
1	我填好了内容啊，可是不让我选了座位呀。
1	东方航空怎么不能选座位吗？
13	每个航班都有电子二维码登机牌吗
15	保险在哪
1	一共三个人，只预约了两个座位就提醒不能重复预约
12	化妆品可以带上飞机吗
4	我输入的护照姓名 认证后名字变了 怎么回事
4	如何添加新证件
1	电脑网上怎么值机
4	验证码超次
0	国外的出行怎么查不到
4	我已添加号码但是否需要上传新护照？
15	保存在哪里
1	请问怎么选座位
12	带烟可以直接过安检上飞机吗？
1	同行人只能有3个吗
1	座位信息页面在哪
4	输入验证码说是错误，然后重新获得验证码又说号码已经使用？是为什么呢？
4	您好，帮我看下认证啥时候能通过！
14	我的座位免费升为公务舱，发票是否显示为经济舱？
1	值机状态怎么查询
12	你好。国内航班随身携带香烟，多少？
1	MU8889明天浦东飞美国西雅图的航班有网上值机办理么？
1	为什么儿童值机无法取消？
0	预定了机票，怎么不显示待出行订单？
15	在哪个栏目天气？我不知道
15	退票怎么收费
12	花露水  携带
1	已经买票的国际航班怎么添加并选座
4	如何绑定护照
1	我选择座位后再次登录不显示有座位号
1	我的孩子怎么一起手机值机？
1	我可以在此软件上给其它同行人员选座吗？
1	怎么在次办理儿童值机
13	我的一个同行人已在其他平台值机，如何在航旅纵横上获取他的电子登机牌？
1	在携程上买的票能在这值机吗？
20	老人可以坐飞机吗
5	没带身份证是否可以办理登机
12	非托运行李不能带什么
12	携带吉他登机
0	行程不足
1	为什么我添加了同行人，在信息里找不到，再次添加又说存在着呢
1	您好 怎么看我给别人选的座位
0	查询有没有订好机票
5	护照可以国内登机吗
13	你好我的号可以帮别人办理登机牌吗？
1	没什么不能选座
12	冷冻鸡鸭能托运吗
12	我26寸的箱子可以拿上飞机吗
14	做过的飞机发票能打印吗
12	你好我想知道我这个航班有免费托运行李吗
10	什么是常客卡
1	为别人买机票怎么样在航旅纵横选坐
1	当前客票不支持手机值机
13	携带婴儿登记如何取票
15	机场大屏
12	您好，国际航班行李限额多少啊？北京到塔什干，乌兹别克斯坦航空
4	为什么证件格式错误
12	你好 请问ipad可以托运吗
1	为什么有的作为不等选？是锁的样子？
11	往返机票在哪里？
20	80岁的老人，有高血压，买飞机票前要准备什么
1	您好，如何取消值机
1	选座时说我不是本人
4	护照没在身边怎么认证
11	这里怎么查机票价格
1	值机座位与预留座位不同
4	删除证件
4	显示身份证已被用
4	英文名与中文名不匹配
20	为什么没有机场泊车优惠
12	药品可随身带吧
15	什么时候可以自助值机
15	航空公司取消航班是否应该赔偿
14	怎么差不多行程单
0	只凭身份证怎么查航班
0	怎么查人家帮我订的机票。
15	你这个QQ号搜不出来
0	怎么把春秋航空的行程记录添加到航旅纵横行程记录里
0	我在美国能否查找美国境内的航班信息
12	北部湾航空是无行李托运的，我想问一下能带上飞机的行李重量是多少
4	怎么删除自己的证件啊
12	家乡味肉制品能带吗？
1	胡文林的机票怎么取消值机
0	我没订今晚21点贵阳飞北京的机票，为什么总提示我有订单？
0	用身份证查已订机票
1	为什么手机不能值机？
0	行程没有显示
15	特价机票，如果航班因天气影响而导致延误取消，怎么办
11	有余票为什么订不了
1	你们只能办值机，不能取消
0	为什么看不见机票订单
12	MU2065行李托运限重
11	我想买张6月21日深圳到南京的票
4	请问什么时候能把我港澳通行证添加进去
5	没有身份证怎么登记
20	T3航站楼是否有顺丰快递
19	无法沟通
0	可以用护照号查询机票吗
1	我给3个人值机了还有一个儿童为什么值机不行
1	值机用不了预留座位？
15	您好。请问团队票不能自己值机吗？
4	改身份证怎么改
18	谢谢！我试试
1	出行的是两个人，怎么输入第二个人的信息，再进行选座啊？
15	你可以回答什么问题？
14	差额发票可以补吗？
14	机票发票
1	小孩可以办理值机吗
1	预约值机为何只能添加两位其他乘客
1	现在都支持哪家航空公司在线值机
1	所有证件信息都是对的 为什么显示非本人行程
12	哪些不能带上飞机
15	你会什么
1	提示我非本人行程，不可值机
1	手机上已经值机，直接去安检？
1	如何为同行人办理选座
15	飞机上的盒餐，想订成素食
15	开具延误证明
0	我的航旅纵横上怎么没有收到未来行程
18	好滴
1	我怎样选坐位
8	有没有人工客服
1	显示两天内没有我的订单
14	取消个人乘机凭证
0	请问我怎么查询我孩子的机票
1	你好，请问我选好的位置为什么会被随意改动？
15	已申请加群，请通过
17	^在吗
0	eID要认证才能查询机票订单吗
13	我想问下电子登机牌可以换成纸质登机牌吗
0	如何用身份证查看航班信息
12	狮航的行李限额
8	航旅客服电话
1	开放选座预约选座没有自动办理
12	行李箱的大小有规定吗？
2	请问旅豆延误猜一猜咋回事，我从贝尔格莱德到阿布扎比，阿布扎比到北京，北京到厦门都延误了，可是结算都不对
1	为什么现实已开放值机 但确提取不到我的行程
12	湿巾能带吗
1	您好我可以调下坐位吗？
11	怎么购票？
1	我们 同行 一起 三 个人 ， 一个人 为什么 选 不 了 位置 呢
1	不懂从哪里办理值机
1	紧急通知座位能选吗
12	免费托运吗
17	在不？
8	航旅纵横人工客服电话
1	西藏航空不能手机值机吗
1	我为什么选不了座位？
1	找不到 常用联系人 页
12	请问卸妆泡沫可以带上飞机吗
20	轮椅租赁
1	取消置机后可以重新置机不？
0	香港的航班是要添加港澳通行证才能查到么
0	你好为什么我的机票没有显示？
8	我要人工客服，
15	航站楼在票的哪里看
12	你好，我的化妆品小样一共有6样，请问可以带上飞机吗？
15	时间来不及了快速托运
11	可以订机票吗？
1	选座取消不了
14	我5月27日乘坐航班飞往绵阳，现在需要补打发票，如何操作
1	为什么我的座位被更换掉？
0	你好我的日本机票怎么不显示
15	登机前多久像航空公司预约婴童餐食
12	发胶能带吗
13	如何补打登机牌
0	为什么这次航班信息没提醒
12	护肤品超过160ml可以托运吗
12	限额的重量是所有行李的总和吗？
8	你们没有人工服务吗
1	怎么改值机
15	国际航班延误赔付
19	你懂個屁
15	提示系统异常
14	怎么邮寄行程单
15	飞行高度在哪里看的？
12	飞机什么不能带
1	为什么该航班不支持手机选座呢
11	为什么能私自订票
12	请问我可以带一瓶酒上飞机吗？
1	值机了怎么取消
12	携带宠物
19	还是不能解决问题啊
4	在飞猪网买的机票名字最后一个字输错了能改吗？
13	拿户口本怎么取票
11	在这可以定机票吗
15	能改签吗
12	天津航空无免费托运行李额，可以拿20寸皮箱直接登机吗？
1	我想取消预留座位
0	去国外的行程没有
1	过了值机时间取消值机
11	我不会定飞机票咋办
1	不能预约四川航空的国际航班值机吗
1	更改常用联系人信息
12	放行李箱托运可以吗
1	怎么预订座位
1	我能不能现在就选座位号
6	我6.12的接机服务想开发票，行程怎么找不到了？
12	20寸行李箱可以带上飞机吗
1	预定座位
0	查一下我的机票
0	用身份证能查到航班嘛
12	打火机能托运吗
12	联航随身携带背包收费吗？
14	如何获得电子行程单
17	有活人吗
4	手机号显示已被注册
0	为什么我有的出行在行程中没有显示
15	闪退
1	付费选座什么时候出票能成功
1	如何帮朋友选座
1	手机值机，选不了座位怎么回事
1	登机规定
8	人工服务又没有电话
1	亚航可以值机吗
1	删除常用联系人
14	电子发票
20	老人可以乘坐飞机吗
12	充电宝托运时被移除，怎么领回？
4	为什么添加身份证号上面显示证件格式不对
1	网上值机选座几点可以
1	如果查询同行儿童座位？
0	为什么我一年前的行程没显示？
12	如何托运行李
4	孩子用这个软件换了另一个手机号码未认证成功，我再上这个就上不去了
4	换手机了 忘记密码
0	提供身份证号码可以查询航班吗？
1	请问ZH9674哈尔滨到广州6月11日15点55的什么时间可以手机选座
11	购票时如何添加同行人？
1	如何为同行儿童选座
12	请问下周三，6月12日GS7898的航班，大的行李箱免费带吗？
20	孕妇可以在网上订票嘛
0	怎么查自己的国际航班
4	本人没有绑定身份证，为什么显示已经绑定过了
8	航旅的客服电话？￼
0	我的行程删除了，怎么可以恢复？
0	我没有定机票为什么出了一张票
15	票号在哪里
12	登记行李限额多少
12	行李可以带洗发水吗
8	人工服务没有嘛
4	可以添加其他人的证件吗？
1	什么时候能选座
1	手机选座位在哪
8	你们客服电话号码是多少？
4	我要删除证件
17	hi
15	如何开通机场雷达
15	A67140什么时间开始值机
12	行李超过20kg
1	可以增加同行人吗
20	办理了托运，到登机口机场有轮椅提供吗？
12	飞机上可以带酒吗
15	参与了延误猜一猜，无法兑换机场雷达。
0	怎么用护照查机票
1	怎么给别人选座位
1	你好，添加的家人信息如何修改？
1	成都航空EU2270明天晚上21点45的航班现在不能帮别人值机吗？
1	同行人选座
20	飞机上手机要不要关机？
11	能在这儿买机票吗？
0	春秋航空的国际航班会显示吗？
1	儿童手机选座
1	如何选坐位？
1	从哪里选坐位
15	分享航旅纵横
11	如何查询历史机票的全价
1	网上值机截止时间
1	15周岁学生独自乘机手续如何办理
4	我的身份证怎么被绑定过
1	还是取消不了值机啊
12	特价机票行李额度
0	不显示行程
4	不能认证
20	儿童乘机规定
4	我的英文名不知道为什么被改了
12	20乘30乘40的是多大行李呀
13	可以帮朋友出电子登机牌吗？
1	为什么我预约值机只能值三个人呢？买了4张票
0	我怎么用身份证查询机票
1	座位信息页在什么地方？
0	国外航空公司的行程可以查到吗
14	我需要报账，能不能把我的机票的电子发票发在我的QQ邮箱里？
1	为什么我预选的座位会调整
12	可以带香烟吗
1	為什麼不能線上值機
0	原来的行程怎么没有统计呢
0	没有行程信息
1	怎么给同乘的儿童选座
15	停止办理值机时间
19	我只希望这个软件能完善些，我自己手动添加我还用这软件有什么用？，你们应该能给添加才好
1	在那里选座
1	网上值机后到机场先干嘛
15	显示访问次数限制
12	你好，我想问一下罗马式20000毫安能带么
11	请问订票号码多少
1	第一次做飞机因该怎么办
1	我怎么可以提前选座？
14	不显示乘机凭证
1	登机流程
11	买票
15	open票是怎么来的
20	怎么申请有氧仓
4	我以前认证过，但是忘了密码，现在重新认证不了
1	你好！请问在哪里查乘机须知？
12	桶装冻虾能托运吗
1	小孩怎么值机
12	祥鹏公司没有免费托运行李吗？？
13	为什么没有二维码
12	美联航随身携带的行李
15	给我订一份东方素餐把
1	飞机上看位置
15	我想改签
11	怎么给孩子买机票
1	刚刚选了值机显示失败
1	怎么预选座位
12	什么不能托运
1	为什么我的客票不支持手机值机
1	我的航班取消了，但是我已经做了值机，无法取消
1	页面哪里自助选座位
8	人工客服号码多少
15	托运行李最迟需提前多久
19	去你妈
18	知道了，谢谢。
11	如何查机票
10	如何办理航司会员卡
19	为什么不解决问题
15	我看到呼市到广州航班上有正餐，我想预订素餐，怎么订？
20	首都机场哪里可以寄存东西
0	为什么不显示国际航班
12	可以带化妆品吗
0	怎么添加国际航班信息
0	如何查询半年前的订单
1	您好 请问航班保护是什么意思？
14	办理发票
0	我没有订今天从深圳到北京的机票
6	接送机发票
0	我明天回国的机票怎么看不到
20	租车
12	飞机液体可以带嘛
1	值机不能取消
1	为什么只能帮2个人值机
1	找不到座位界面
15	客票号中有字母怎么不对？
15	航班改签
1	如何修改常用人信息
1	值机怎么不能选同行人？
1	春秋航空能不能办理值机
14	怎么下载电子行程单
12	飞机能带海鲜吗
1	国际航班可以在线值机吗？
0	你好，国际航班这里显示不了吗
0	请问哪里可以查到乘坐航班平面图
11	请问，你们这个软件要怎么购买机票呢
1	怎么取消直机
4	改密码
12	你好，国内航班，烟台的飞武汉，能不能带大樱桃
8	你们客服电话是多少呢？
15	如何升级pro
4	登录密码忘记了怎么办
5	身份证没在身边如何取票，登机呢？
13	儿童能网上登机牌
19	还是没有解决
1	常用联系人页面在哪里
1	我怎样选座位呀？
1	取消预约值机还可以再次预约值机吗
13	还可以打印登机牌么
17	嗨
1	为什么不能取消值机
0	请问！别人有我身份证号能查到我的整个飞行记录吗？
1	安全出口怎么看
15	改签机票
4	我的护照绑定不了
12	托运费用
1	如何在线选座
4	无法添加港澳通行证
4	我的名字写错了 怎么查看是否更改
11	在航旅纵横上面可以定机票吗
1	我要选座
1	改预约值机
12	应援棒能不能带上飞机
0	想了解家人行程
14	我想打行程单
1	为什么我给别人值机不了
15	飞机中转延误，导致后面的飞机赶不上，飞机票怎么办？
1	如何更改座位
13	app值机了还要打印登机牌么
5	福州长乐国际机场＋临时身份证办理
13	可以电子机票纸质机票同时用吗
1	如何选择靠窗位置
1	儿同为什么不能办理值机
1	为什么页面上没有预约选座
1	请问在哪里自助选择座位
12	携带胰岛素
1	护照买的机票没有显示
1	已办值机，怎样取消？
1	预约座位可以吗
1	我的选座完成了吗？
1	行程保护
15	能改签？
15	拍照在哪
1	您好 如何取消值机
12	散粉可以带上飞机么
3	航班晚点！值机时间延后吗？
0	忘记航班，能查一下吗
1	选不了座怎么办
1	你好，在为别人手机值机时提示未找到两天内可办理行程是什么原因
1	我要赶不上飞机了怎么办
1	值机后可以打印纸质机票吗
15	机场雷达提取码
8	网上能不能直接联系南方航空公司？
1	为什么现在预约选座进不去？
15	午餐
11	这个软件能买票吗
4	账号注销不了
1	为什么办理值机显示手续不齐全
1	手机办理值机开通但是点进去全是锁的
1	为何无法值机，川航
15	已改签，预留座位不变
1	我出票后，预约值机的座位为什么给我调整了？
1	值机这里没退我改不了
0	只要下载pro版就可以最早看到2011年的行程了吗
20	儿童乘机需要
13	我的已经有了，同伴没有，怎么给他办二维码登机牌
11	怎么查询朋友的机票有没有订上？
12	防晒喷雾可随身携带吗？
20	残疾人
15	我可以预定一份儿童餐么
12	上飞机的时候可以带水果吗
20	轮椅服务
1	马来西亚航空的可以手机值机么
12	50ml喷雾能直接上飞机吗
5	办理临时身份证
0	你好请问为什么境外航空公司的行程不会进入到航程记录里面呢？
15	过了飞机起飞时间可以退票吗
1	无法取消值机
3	查询H507航班信息
13	为什么苹果手机不显示电子登机牌？
12	可以带上飞机的东西
15	我7月5号退的票，什么时间才能到账
1	你好请问怎么选座？
0	最早可以查到多早的行程
0	我的机票信息能帮我查询一下嘛
12	托运液体重量限额
1	我想预约梅咏MU2998值机办不了，怎么办
15	最近的行程为啥没有统计？谢谢
12	可以带照相机上飞机吗
1	取消值机不成功，收不到短信验证怎么办
11	订票在哪页面
14	发票
1	在航旅纵横上办理值机
8	人工服务没有吗
13	他人电子登机牌
14	发票怎么获取
0	这么没显示行程日期
4	添加新证件号码，出现问题
0	买了飞机票怎么没显示了
20	70岁以上可以购票吗
1	值机不了
12	有行李的可以网上值机吗
12	剃须刀可以带上飞机吗？或者托运?
12	东方航空行李限额多少公斤
1	无法办理手机值机
15	退票是怎么退的
0	小横，你好！我买的春秋航空的机票，怎么没有显示？
1	现在怎么办理手机值机
1	如何为他人取消值机？
14	你好，怎么样打印行程单
15	认证了护照为什么没有电子客票号
0	可以查询多长时间没的订单
1	怎样添加同行人
1	登机的流程
1	给别人选座
15	如何将此App推荐给好友
13	帮朋友在我手机上值机，我们一起的，一个值机二维码可以同时过我们几个人嘛？
15	团队机票能值机吗
8	客服电话多少?
19	加了qq
1	如何成为会员？
0	怎么查询我名下的机票
12	飞机场可以带中药没
11	如何买票
8	天津机场客服电话
15	我是三点半的机票，现在到机场了还没有取票，还要行李托运，时间来得及那
19	你等于没有解决我的问题
1	为何今天不能手机值机？
0	国际航班没有记录
15	特殊乘客服务怎么申请？
4	怎么绑定护照
1	为什么不可以值机
12	充电宝可以带多少毫安的？
1	我本人没有办理值机，但显示座位好听，取消值机后就不能直接办理了，怎么解决？
1	我想问下座位图上哪儿是机翼啊
10	常客卡怎么获取
20	我有东西丢失在航班上，能帮我找回来吗？
12	行李托运多少斤是免费的
1	请问我怎么选座位
15	 到南京禄口机场是T2还是T1
13	怎么办理电子机票
4	怎么认证
15	怎么开飞行模式
1	你好，取消默认选坐怎么操作
12	白酒托运
0	国际航班不能显示吗
15	柜台办理登机牌时间
20	婴儿如何购票
0	能帮我查到朋友的航班信息吗
1	请问在航旅纵横APP 里怎么添加好友在线选座
4	帮我取消认证
8	国航客服电话
11	怎么样买机票
1	如何删除其他乘客信息
1	婴儿值机
1	孩子值机怎样取消
1	SC8050航班什么时候可以网上办理值机
15	302422066找不到群
11	为什么机票查询没有折扣显示？
12	飞机上可以带镜子吗
5	身份证过期一个月能直接正常登记吗
11	怎么差别人帮我购买飞机票
15	有好几个国家没有显示到我的里程
15	祥鹏的怎么办理退票
1	请问我是东方航空，小孩子可以在手机上选座位吗？上海浦东到美国洛杉矶。
1	我选完座位为什么系统自动给我换了？
8	怎么联系自己乘坐的航空公司
1	用同一手机号订的机票怎么选座
1	春秋航空如何选座
15	我用200旅豆兑换了“机场雷达”功能，但对于苹果手机，是不是不用兑换，依然有这个功能？
4	认证一直审核中
5	天河机场+临时身份证
20	一个月的宝宝做飞机需要注意什么？
1	为什么厦航，儿童第一次可以定位置，改位置就不行
8	有人工接听电话号码吗？
1	如何在先选座
1	为什么买的同一班飞机票，自己能在线值机其余的人就不行
3	2019年6月2日由巴黎戴高乐机场出发的AF0116航班起飞了吗？
15	转机时间和到达时间不少于多少小时
1	为什么选座时孩子不能同时选
0	我没买今晚桂林去海口的机票怎么显示我买了？
1	请问我选好的座位为什么换登机牌时却没有啦
1	如何取消值机啊？
12	发蜡可以带么
12	6寸生日蛋糕可以带上飞机么
1	我们一行四人 为什么只能选三个座位？
1	前排座位，预选需要加费吗？
1	值机好被换了
1	怎么不可以呀选座位
1	为什么会出现自动值机的情况？
11	这里能买机票吗？
1	为什么有的坐位不让选
1	你好！我去的行程位子选好了，回来的怎么不能选
11	定不了票了吗？
4	外国人永久居留身份证怎样认证？
1	我买了2019年7月12日21时35分的机票，为什么到现在还不能用手机办理值机？
19	等于没回答
0	国外飞国内能否查行程
0	已经删除的行程还可以重新添加吗
1	那些位置是靠窗的
19	你是个笨蛋
4	认证格式错误
15	飞机晚点怎么办
19	你也死了
15	登机牌最早可以提前多久办理?
1	怎样查询转机票
15	我需要取消航班
15	出发地机场安检要求查询
13	提前多久能打印登机牌
1	值机没有蓝色座位给我选
1	值机失败怎么办
1	如何取消订座编号
20	孕妇可以坐飞机吗
12	湿巾可以带上飞机吗？
20	物品遗失在飞机上
1	航班保护
0	为什么航班没有显示
4	如何帮婴儿认证
0	添加证件后，将要出行的计划为什么显示不了？
0	今天上午添加的行程，已经飞了，为什么显示“未使用”AK5745
20	贵宾室在哪
15	我要改期
12	书包能托运？
12	可以先值机在纵横航旅上办，托运再到机场办吗
1	坐飞机流程
0	请问在哪里可以查我的待出行机票
3	新版本为什么没有显示拥挤率灯信息
0	你好 想问一下国际飞行记录怎么可以显示呀
0	能不能查到朋友的飞机信息
13	是到柜台上办理机票吗？
1	所有信息都对，怎么就是不能手机值机
0	为什么看不到香港行程
0	添加成功的航线没有展示
1	儿童为何不能值机
1	为什么现在我不能给其他人选座位
4	我新换了护照，总是添加不了，说我的英文名字与中文名字不符，如何解决
1	我能取消选座吗
13	办理两个人的值机只有一个登机牌吗
20	那没有糖尿病就不能托运吗
1	座位是在你们app上定的，航空公司需要联系你们，更改的
4	身份认证被占用
0	为什么   不显示未来行程
13	登机牌在哪里找
4	身份证末位是x要怎么输入
1	怎么帮别人值机
17	有人么？
12	带的水杯能装水吗？
1	安全出口的位置在哪里
15	购买延误险
1	在网上购票    到机场拿身份证在自助机直接打印登机牌吗？然后过安检？
1	我可以用这个平台给朋友预约座位吗
15	亲，航班取消了，可以改期，还是？费用怎么退回
1	儿童票不能值机
0	你好 可以添加别人的行程吗
1	我是经济舱如何为同行公务舱的人值机？
12	充电宝最大能带多少毫安
1	值机怎么取消
1	国外的电子客票号不是数字怎么办
11	谢谢小横！再问：国航、山航、南航、东航等其它航空公司的机票啥时候可以在手机APP上购票呀？
12	可以带零食吗
6	怎么专车预约使用不了了
2	查找口令
4	绑定护照
4	可添加几个证件
12	气垫粉底可以带上飞机么
12	那四川航空行李限额多少
0	怎么查询别人给我订的机票
5	港澳通行证能买机票吗
1	请问如何为同行旅客选座
1	麻烦帮我取消值机
12	电脑要托运吗
11	最早提前多久订机票
13	打印登机牌
4	验证码超出限制
1	帮取消值机
12	粉底液能带上飞机吗
14	可以寄送行程单吗
0	怎么我添加的行程迟迟没有通过审核？
4	请问如何更改认证信息
15	怎么加入同航班群聊
12	22英寸的箱子能上飞机吗
1	携带婴儿锁定座位
5	临时登机证明
1	那我为什么只能选择3个
12	可以托运白酒吗？
11	如何购买票
0	为什么没有已买机票的信息
15	pro版区别
15	CA1139上有餐饭吗？
0	刚买了机票，怎么没有显示呀
12	托运牛奶
18	好吧
1	预约完选座 还可以去柜台打印登机牌吗
14	报销凭证怎么找？
2	旅豆如何转赠
1	取消电子值机会有影响吗
0	看全球飞机航线图
1	如何为儿童值机
0	请问我为何看不到自己的航班
0	国外的出行记录没有
1	找不到地方添加常用联系人
12	电子产品如何带上飞机
12	情趣用品可以托运吗
12	香水可以随身带吗
1	bie别人帮我买的机票，我怎么选座
4	我的护照信息姓名反了
0	我通过携程买的机票这里都有显示，但是我通过旅游团的机票为什么这里没有显示
1	为什么不能手机值机
12	可以带吉他上飞机么
13	你好，电子登机牌在哪里获取
20	嗨，老人乘机有什么特殊规定啊？
0	国际航班行程缺失
15	临时改签是不是很贵
15	在哪里下载最新版航旅纵横
1	自己不出行帮别人能值机吗
9	联程机票如果第一段目地的备降其他机场，那第二段航班怎么办
1	只能选座三位吗？
12	行李限定，规定尺寸么
15	航旅纵横PRo版怎么下载
12	41寸吉他可以带上飞机吗
1	办理选座在哪
9	如何知道是否联程机票
1	紧急出口座位怎么才能手机选座
15	微信号是什么
1	怎样更改已选座位号
15	买了保险，延误4小时以上如何理赔？
5	我用身份证号码订票，可以用护照登机吗
12	国内航班个人一次可带多少现金？
0	我突然出现一个我没有定的行程。
1	怎样查看机型座位图
15	如何写点评
15	延误证明
0	儿童已订机票查询
15	改签后会更新吗
13	帮朋友选座位后可以出电子登机牌吗
1	值机是什么
20	南京禄口国际机场失物招领
0	无法导入国际航班
15	机餐
15	我想咨询一下飞机晚点补偿怎么申请
4	护照认证的名字不对，要怎么取消认证
15	行李存放
2	怎样查看口令卡
1	满16周岁的小孩可以做单独坐飞机吗？
18	好的👌
12	请问经济舱可以同时携带背包和行李箱登机吗
1	非本人行程，不可值机
5	儿童户口本丢失怎么办理登记手续
0	为什么两年前的行程没有显示
1	我现在航班取消，但是之前孩子的值机无法取消，以至于我没法改航班，怎么办
1	办理过电子值机，到机场停止值机，还可以打印登机牌吗？
1	跟团飞机可以选座吗
3	什么是航班拥挤度
12	干电池可以随身携带马
15	什么叫正餐
1	我想办理值机，为什么还没开放
0	如何查询我航班已经约定成功？
4	请问我的手机号不能认证，什么原因？怎么解决，谢谢
1	我不想让你们办理值机
15	找不到了
15	停止值机还能登机吗
1	网上值机最早可以提前多久值机
1	选座位看不到飞机翅膀
12	请问飞机上让带液体嘛
1	为什么不能办理值机？
15	飞行模式拍的照片
14	找不到行程单号
15	可以提前办理机票和登机牌那些吗
0	无法添加行程
1	为什么我之前定好的座位被换了啊！！！
12	一件玉器七八十斤，能托运吗？
12	移动电源可以携带吗
5	没带身份证怎么办
12	化妆品可以托运吗？
1	为什么有的座位选不了
4	改名
12	请问飞机可以带水果吗
1	为什么机场控制人员要随意改我的值机座位
1	怎么帮儿童值机
1	我今天手机值机，结果显示，我出现了行程的保护，但是我并没有开启，不知道是为什么不能值机。
1	怎么改已经预约好的座位？
1	为什么我的航班不能值机
1	为什么我帮别人值机提示请不要重复预约
13	一个二维码可以几个人一起过嘛
12	打过真空的鸭子可以托运吗
1	然后取消选座
14	不是值机牌哦，是打印行程单或发票，哪里打印
0	为什么查不到国航航班的信息？
13	我身份整丢了怎么才能取机票啊
4	注销账号
8	有没有人工客服？
8	航旅纵横客服电话
15	我想改签机票
15	你好，我们这班机几时可以值机？
12	可以带电动牙刷吗
13	我值机的登机牌看不到怎么办
5	大连周水子机场临时身份证办理
14	我已经买了机票了，怎么查行程单
1	手机选座在哪
15	土耳其航空几点开始值机
11	通知的行程就代表机票购买成功了么？
12	请问，航空托运上限是多少
11	我在购买机票的同时没有购买意外险
0	为什么机票上起飞日期和航旅纵横不一致？
1	我问一下电子票，中转票怎么只有一段的二维码呢
1	我六月二十号西藏航空希望办理值机，怎么办不了
12	洗衣粉能不能坐飞机
4	显示认证失败
1	我的连乘机票只打印出一张怎么办
1	怎么关闭行程保护
1	我给同行的朋友选好座位了，可是她女儿（小朋友）的座位没办法选，该如何添加
11	我想问下这个软件可以订机票吗7
0	境外的航空公司行程会显示吗
1	在哪里取消为别人值机
1	飞香港澳门可以选座位吗
12	可以带玻璃鱼缸上飞机吗
0	历史行程没显示全
0	查询一年订单
1	我的机票能否在线选座
12	无托运行李，手提五公斤
15	延误补偿
4	为什么无法录入家人证件一直显示证件格式不对
1	手机选座页在哪里
12	行李额购买票号是啥？
13	持有电子登机牌办理行李托运是否还需要补打纸质登机牌
1	为什么值机值不了
13	为什么我值机两人，只有我一个人的电子登机、？
11	怎么买票
5	身份证不见了可以用护照登机吗
20	孕妇人工安检
1	为什么办不了手机值机
1	我想取消预约座位，完成不了呢
12	无免费行李额怎么办托运
12	可以带些药品上飞机吗？消炎药，大山楂丸，板蓝根，金嗓子喉宝
5	户口本可以乘坐飞机吗
1	不支持手机选座
0	为什么上传的行程没有审核成功
1	如何预约座位？
4	我需要修改身份验证，怎么办
13	到机场怎么取票
13	怎么办理 二维码值机啊
7	军魂卡可以升舱吗？
1	常用联系人在哪里修改
15	雷暴天气
13	儿童如何打登机牌
15	出入境办理
12	水果可以托运嘛？
1	儿童机票怎么选座位？
15	请问艾草香囊能过海关吗
12	小孩儿玩具可以带上飞机吗？
1	怎么看我选的座位
0	一年半前去澳大利亚的航程可以添加吗
15	从长沙去日本到上海转机，行李需要在上海再次托运吗
13	我们同行人为什么值机不显示电子凳机牌
15	今天北京飞成都的航班。延误的多吗？
0	你好，我在携程上订的机票，怎么导入进来选座
20	婴儿乘飞机
4	澳洲手机号无法收到注册验证码
1	为什么我之前选的位子会被占
0	如何查询我买到的机票
12	电动剃须刀可以带上飞机吗
1	添加不了第三位同行旅客
1	选座的页面在哪里找
1	选座后取消
0	怎么查到在早的记录
3	惠州平潭机场到湛江机场中途会停吗
1	我要取消值机怎么取消
1	同行人6人
13	电子登机牌在哪
0	为什么不显示我的订票信息
1	头等舱怎样值机
15	如何查看改签成功不成功
0	国际航班可以显示吗
1	航班取消后，新航班怎么不好选座
12	可以托运电脑吗
14	如何报销行程单
0	祥鹏飞机行程显示吗
0	我的未来行程为什么不显示？
13	二维码可以直接登记吗
1	我4个人同行预值机只能值3个人吗？
1	你好，请问港澳台乘客可以办理网上值机么？
15	预定儿童餐
0	我一同购买了儿童票怎么没有显示
1	你好我想帮别人选座可以么
15	加了客服群 没反应
8	首都航空电话多少
15	改签成功了没
12	20寸行李箱可以带入客舱内么
1	显示非本人行程，不可值机
12	托运宠物
8	祥鹏航空客服电话
12	洗面奶多少克都可以带吗
8	人工客服电话是多少
4	怎么解绑证件
8	有联系电话吗
1	取消值机
12	FU7501行李限额
1	手机值机后还需要办理乘机手续吗
1	为什么选座位有些座位被锁
12	能带充电宝吗
11	这个APP能买机票吗？
1	怎么选座位，现在就要选
1	小孩无法添加为同行人怎么办？
12	值机了怎么托运
1	如何取消自选座位
0	为什么一年前的航班不显示
5	咸阳机场+临时身份证办理
5	儿童做飞机要带什么证件
12	你好！充电宝能带多大？
8	没有人工客服吗？
12	固体的火锅底料可以带么
1	请问为他人取消值机的工具箱在哪
12	20800毫安的充电宝可以带上飞机吗
1	哪个位置不会被机翼遮挡？
1	为什么取消不了值机
3	VJ5271航班到了吗
1	帮老人买了机票，怎么提前选座
11	在哪买往返机票？
12	牙膏可以托运吗
1	手机值机如何添加同行人
19	为什么不解决问题？？
15	飞行模式怎么开
1	怎么帮同行人值机
17	在？
1	为什么我的app不能值机.别人的app却可以操作
1	为什么预选座位被调？还要预选干什么呢？
11	为啥买不了票
12	电动刮胡刀能托运吗？
1	帮别人取消值机
12	可带上飞机的行李规定重量
13	我帮别人值机，电子客票二维码在我手机里，别人怎么用了
1	MF1180选不了座位
19	不会回信息吗？
1	手机选座怎么操作？
6	预约接机会便宜一点吗
0	添加错行程
14	取消个人乘机凭证邮件
19	衮
1	我帮同行人值机了，航班被取消为什么取消不了同行人值机？
1	怎么取消帮他人的值机
12	行李托运费怎么购买？
8	客服电话号码多少
12	洗面奶可以带多少
1	饿哦想从新选座
15	HU7716什么时间开始值机
4	帮我认证一下
19	你死了？
15	临时被通知航班取消，请问如何改签
14	个人乘机凭证邮箱怎么改变
13	怎么领登机牌
5	出境购机票不用身份证或护照号吗
1	想问一下国航航班可以办理值机选座吗
12	喷雾能托运么？
12	福州航空行李托运收费标准是多少？
12	托运能带多少液体
1	不能值机
13	我要在网上换登机牌
1	机票如何选座
15	出票失败什么时候退钱
1	怎么取消座位
13	你好，我同行人的二维码在哪
12	可以带剃须刀吗？
5	身份证过期一周能过安检吗
15	open票是什么？
7	今天HX791香港到马累的票可以升舱吗？价格是多少？
12	可以带液体吗
12	什么不能带上机
0	能添加其他人的行程吗
19	你懂什么啊
15	请问有没有提供晚餐？
1	值机换座位
0	国际航班不显示
0	这不是我的行程，为什么总这样提示我
1	仓位等级不同是什么意思？
4	徐超杰，证件号：G34361731，删除原因：护照已过期
12	zipo打火机可以带吗
12	办理电子值机还需要托运怎么办
13	怎么获取登机二维码
1	为什么一直显示非本人行程，不可值机呢
1	如何删除联系人
20	80岁已上老人乘机有什么规定
6	我预定接机，现在航班取消，如何处理
1	要取消值机，账户锁死了
12	托运可以带水乳么
12	飞机上让随身携带电钻吗
1	航班保护中不能选座位
12	手机关机可以托运吗
1	怎么看同行人座位号
1	我选不要靠近机翼 要靠近窗
1	预约同行人坐位可以吗
8	请问客服电话
0	查询坐过的航班
14	行程单
0	请问如何查询我的订票信息？
0	为什么我之前的行程有一部分没显示
15	哪里打开飞行模式
1	航班不支持手机值机，怎么办？还有什么途径？
11	机票验真当日上限
12	矿泉水托运重量
20	2岁以内儿童有座位吗？
1	已经通过网上值机，还可以去换取纸质登机牌吗？
12	游戏机可以托运吗
12	海南航空柏林飞北京可以托运多重的行李
1	常用联系人在哪删除
0	没什么我是明天航班却显示是今天
1	怎样选坐
12	请问，去旅行上飞机能带风油精和防晒喷雾等液体类的东西吗
1	为什么无法取消值机
8	人工客服有吗
15	内地飞澳门，需要提前几小时到机场口
1	国际航班网上值机提前多久开放？
0	航旅纵横里怎么能查询定的机票
20	公务舱i舱可以进贵宾休息室吗
0	航线图是要飞完了才能显示吗
15	你好我想问下iphone手机闪退怎么办，我朋友登不上软件
15	怎么查航班起飞的航站楼
13	我已经生成了电子登机牌。可是我退出页面了。找不到了
11	去菲律宾买了往返机票，还需要什么
1	国航飞往日本的航班怎么值机
1	为什么我之前可以预约值机（选座），现在不可以了？
1	您好麻烦问一下，怎么添加好友的信息
15	航班延误四个小时有赔偿吗
1	你好，同行人添加上可以不用选座了吗
1	我的订单是否开始选座了
1	只能为自己值机吗
11	怎么看之前的机票价格？
12	24寸箱子可以带上飞机么
20	行李箱损坏怎么办
5	身份证丢了，明天能上飞机吗
1	我怎么帮朋友值机
1	转机航班怎么查询？
1	我昨天取消了之前选好的飞机座位。今天还可以重新再选一次座位吗？
12	卷发棒能带吗
12	西部航空行李限额是多少
12	防晒喷雾能否带上飞机
15	延误证明怎么开
14	怎么打印行程单？
14	你好，可以开发票吗？
0	我想查一下2018年12月8日我乘坐的航班
1	我们一家三口出去，怎么才能一起值机
0	请问我在携程订的机票为啥不显示
1	添加同行人选座为什么不好选座
3	请问6月14日BK2751天津飞杭州的航班为什么取消了？
12	散粉可以随身携带么
11	限制消费人员可以购买机票吗
12	行李限额两件意思是可以带上飞机吗，免费吗。
1	请问我是8号的飞机为什么现在还没有选座提示呢？谢谢！请回答
14	你好，请问我怎么获取行程单？4.3日的飞机票，机场客服人员说我在第三方买的机票，行程单要在第三方才能打印。
20	失物招领
8	热线电话
14	怎么获取行程单？
12	超过100毫升的化妆品液体可以托运吗
0	可以查别人的航班吗
4	收不到验证码
15	7.5号的8L9615什么时候值机呢
1	我没有办理值机，app自动帮我办理值机了
1	韩亚航空可以手机值机吗
1	我的航班取消，重新补班，如何选座位
20	70岁以上老人乘飞机有什么要求？
1	我要值机
8	如何人工解答？
15	提示参数错误
12	飞机可以带夹板吗
14	电子登机牌乘机后没有打印行程单
1	选座添加同行人名字的输入格式怎样？ 外国人 护煦
14	查询电子行程单
4	孩子怎么认证身份
20	82岁，身体健康，能坐飞机吗？
9	中转住宿
4	我改名字了
0	为什么我的国际航班没有在行程里
10	如何绑定东航会员卡
1	国际航班可以值机吗
1	如何查看值机结果
1	为什么选不了同行孩子的座位
13	机票报销用如何取
1	可以预约登机选位吗
13	请问帮别人定的机票，怎么找出电子登机牌
7	川航机会升舱在什么位置操作
0	我现在是航旅纵横pro版，如何才能提取至2011年的历史行程？
4	证件格式错误是为什么
0	你好，我们买的同一班航班，为什么没有他的航班和我我们有误呢
1	预约座位可以值机吗？
1	怎么帮助别人值机
1	为什么我不能手机值机选座位
11	如何查看以前的机票
8	客服人工电话是多少
4	怎么值机的时候不能接收验证码？
12	请问经济仓每个乘客可以携带多重的行李？
0	行程提取仅支持本人添加行程
1	你好，我购买的7月11日九元航空的机票，可以提前手机值机么，如果可以，提前多久可以。
4	身份证末位x怎么添加常旅客
15	已办理值机，现需退票，无法到柜台办理，如何处理？
1	为什么提示我非本人行程
1	无法手机值机 怎么办
19	我要投诉你们
0	这几天为何不能显示未来机票行程
1	怎么添加通行人
0	别人帮忙买的机票可以查到？
0	我的认证怎么不审核
15	请问拍的照在哪看
19	你在逗我吗？
0	全日空航程无法添加
19	脑残
1	手机上可以选位置吗
1	现在不能手机值机呢？
4	如何删除认证的证件
19	你们都在推脱责任，推诿问题。
1	有部分座位不能选择，未到开放时间
0	机票改签之后没有显示，还是旧的信息。
1	儿童自己乘机
1	为什么换不了坐位
17	哈喽
0	护照查询机票
1	怎么在手机上办理值机？
1	哈喽 我想问一下 今晚有个朋友是从5：40从福州到北京的飞机  我这边帮他值机选座 为什么选不了 说是这两天内没有查到出行
1	乘坐飞机休息注意事项
6	有接送机功能吗
4	认证的姓名错误
0	我最近的行程怎么查不到呢？
0	为什么我国际航班没有显示
12	阿胶糕可以托运吗
14	如何取消乘机凭证
6	取消接机订单
3	为什么运城到深圳的飞机现在也不飞
1	不能为本人以为的三个人选座吗？
15	pro怎么下载
14	手机上可以打行程单吗
1	两大一小出门，如果我们大人选了座位，那小孩怎么办呢?他是固定的位置还是什么呢？第一次带娃坐飞机
1	安检托运程序
15	电子客票号找不到了怎么办
15	一般提前多久值机
12	防晒喷雾可以随身携带吗
1	座位可以选四个吗
0	请问旅游团一起买的机票个人查询不了
15	手机可以开飞行模式吗
11	提交购票凭证失败
12	乘坐飞机禁止携带哪些物品？
4	新护照跟旧护照的号不一样了怎么改
7	如何升舱
12	你好我有两个旅行箱一个背包可以免费托运吗
1	怎么选取座位
1	请问可以在哪能找到同行人的值机信息呀
8	西部航班客服电话
15	我需要退机票
12	充电宝可以随身携带吗？
12	一人能带几瓶、1斤瓶装的？
0	廉航信息是不会显示的吗
4	我的认证还未通过
1	为什么我没有开启却被行程保护无法值机？？？
4	身份证号变更怎么弄
1	为什么把我的座位调换到10A
1	选座位时，座位上带锁的是什么意思？
18	啊
1	怎么样选座位？
5	乘机证件有什么
8	你们的客服电话有没有？
0	值机提示非本人行程
12	狮子航空行李额
0	如何添加以前行程
0	如何添加国际行程
15	预约座位影不影响改签退票
1	你好，我预约值机为什么被取消了
18	明白了
15	还没验证进群啊
1	儿童已有身份证，可以手机值机吗
13	我为他人值机选座并且分享了电子登机牌
17	在么
12	你好   飞机托运充电宝三万毫安可以吗
11	请问怎么买往返机票？
12	请问公务舱的行李限额是多少？可托运几件行李？
12	国泰航空行李托运超重多少钱一斤
12	化妆品能带上飞机吗
12	查上一次航班行李多重？
4	忘记帐号了
12	托运两个行李箱，每一个9公斤。可以吗？
0	为什么我的行程没有显示
10	你好，常客卡有什么作用
15	我没有退票
12	你好，请问生鸡蛋可以带上飞机么
12	军用迷彩背囊能随身携带上飞机吗？
11	查询本人已购机票
5	首都机场临时身份证办理
17	在不
1	我要预约选座
1	为什么我选座时显示非本人航班？
0	可以查询多长时间内的行程
4	名字改了怎么办
11	购票
5	儿童乘坐飞机需要身份证吗？
14	报销凭据
1	什么时候可以选座
1	我之前在航旅纵横选的座位，现在想取消座位无法操作怎么办？
15	机场雷达在哪里看
1	我已经加为同行人了，提示我却要现场值机
11	我最近购买了两趟飞机票，但只显示一趟可选座，后面的那趟如何选座？
1	座位信息在哪看
12	托运违禁品
12	怎么托运
15	军人值机柜台
0	我没有订过mu2067航班   为啥出行里会出现啊
1	手机值机的取消不了
13	你好请问儿童票怎么取票
11	团队订票 值机
1	携带婴儿值机
6	你好，我的接机订单发票一直未收到
15	身份证丢失
1	值机和办理登机牌是一个意思吗
15	如何退改签
4	为何收不到验证码？
5	身份证过期了如何登机？
4	添加新护照现实姓名冲突怎么办
1	为什么我不可以值机
1	为他人选座
1	山东航空办理儿童值机
1	重新选座显示不一致
12	充电宝最大限定是多少
12	拍立得可以带上飞机吗
1	～有一张机票，张国柱的明天飞往长沙的11:40停飞了，要求取消选座
1	22号的mu220航班什么时候开始选座
12	行李体积重量说明
14	已经出行但行程发票忘记搭了，现在应该怎么补办
4	认证时名字对，身份证号对，为什么说证件格式错误？
1	两个人同时预选座位，我怎么看同行人是否已值机？
1	有约选座提前多久
12	什么东西不能托运
10	如何添加常客卡
12	盆栽可以随身携带登机吗？
5	临时身份证办理
12	电脑可以托运么
12	两个人的行李额度可以放在一起用吗
1	您好，航班因为天气原因被取消了以后，值机无法取消
20	儿童票
15	我想问一下，我定的航班，突然取消了
14	怎么打发票
1	选坐位在哪里搞呀
13	机票在哪里可以打印出来
15	中途要转机的是否需要提取行李
1	你好，我是明天中午十二点飞机，请问网上选座几点开始
11	不可以买票吗？
1	什么时间开放手机选座
1	怎么取消帮别人选的位置？
7	我想升舱
12	请问平台上购机票是说没有行李免费托运额的，是不是就不能免费托运行李
15	我想问一下，下载了pro版，就可以看2011年的记录吗
20	贵宾厅
8	电话打不通
7	机会升舱
4	怎么删除旧证件
20	怎么租车
0	迪拜飞国内能否查询是否购票成功
4	怎么注销？
12	能带鸡蛋吗？
1	带锁的座位是什么意思？
15	飞机晚点包赔
10	修改常客卡
1	靠窗
1	你好，我想问一下为什么我值机值不了？
0	上个月的记录没有？
12	从柏林到北京行李限额
15	你们的服务超级烂 没人回复也就算了 并且给一个永远加不进去的QQ群
1	请问如何在大人那里添加小孩的选位的
1	为什么我值机不能添加同行人
1	不能值机，怎么回事
4	未满十八岁 未绑定银行卡 如何认证
1	你好，我明天飞往珠海的航班什么时候开放占座？
1	如何进入常用联系人页面
15	HU7869有没有餐饮
8	我要人工客服
1	国际航班能预约值机吗？
11	为什么点击购票没反应？
4	怎么添加港澳通行证
1	可以帮别人选座位吗？
0	怎么查询别人的信息
0	别人给自己买的机票可以查询吗
12	国际航班阿胶糕可以托运吗
1	请问有手机自助值机教程吗
1	在哪里添加选座
13	同行人已在携程办理选座，如何帮同行人在纵横办理电子登机牌
1	预约选座问题
12	糕点能带上飞机吗？
19	没有解决问题
14	乘机凭证现实未乘坐
0	行程改了为什么还在更新
6	你好我有辆奥迪车想专门接机送机，不知怎么操作
0	香港的机票怎么显示不了呀
12	可以带液体食品么
1	请问在哪里选座
13	怎么取票
19	新手机号码也注册过，该方法无效
4	如何添加护照信息
0	个人行程列表在哪里？
1	儿童怎么办理值机
2	延误了为什么没给旅豆
7	仓位升级
1	如何选座位？
12	怎么办理托运
8	贵阳机场派出所电话
1	客票暂不支持手机值机，要往柜台办理，这是为什么
0	怎么能查别人的航班信息
1	我咋么选座
0	国际行程不显示
5	能用护照买机票吗
13	电子登机牌托运
1	你好，儿童如何值机？
1	怎样取消值机
1	手机值机后登机牌的打印
0	2012年的航班
15	飞机延误值机时间会延后么
1	我们一共4个人，已经给三个人选了座位还有一个怎么选
0	我刚才订的航班怎么不显示
5	没带身份证
15	飞机延误 退票
1	非同行他人选座
15	QQ群号码不对
12	怎么样购买行李托运额
0	亚航行程未显示
1	为何我不能值机？
15	为什么我的英文版机票出行单上面没有电子客票号
4	注销账户 审核多久
1	请问选座位同行最多能选几个？
3	得知飞机延误事可以晚到机场的？
1	请问我值机要值多人的，怎么弄
1	值机预约记录
15	错误码1040707是什么原因
1	怎么选择飞机座位？
0	选座后有短信提醒吗？
12	我买了15公斤的行李，有点少，能增加买吗？怎么买？
12	液体可以上飞机吗
12	电动剃须刀可以随身携带登机吗？
0	怎么查询订单
1	办不了值机
0	我本人没有乘坐飞机
4	护照哪里添加
13	别人的电子值机牌呢
12	洗脸仪可以带上飞机吗
12	药品可以登机吗
8	有电话么！
12	上飞机能携带单瓶不超过100ml总量少于1000ml的液体吗
12	可以带奶粉吗
4	手机值机我收不到手机号验证码
0	我未来的机票为什么没有显示
1	在航旅纵横办理值机时间
4	我要认证
14	要不报销不了
1	我在智行上帮四位朋友买了四张机票～为什么不能先预约座位呢～
1	如何选取紧急出口座位
1	为什么我选好的作为突然变更了？
1	儿童怎么没办法值机
1	几岁可以自己坐飞机
1	如何帮我的宝宝值机
12	请问，吉利手动剃须刀（多刀头，可以换刀头的那种），可以随身带上飞机吗
0	不小心删了行程怎么办
12	请问可以带100毫升以下的护肤品上飞机吗
11	怎样才能看到自己的机票订单和行程
0	没有多段行程
0	身份验证没有行程
0	我的行程没有同步到行旅纵橫
1	认证多少个人
1	办理选座
1	不能选座
12	电池可以带上飞机吗
5	户口本可以登机吗
8	请给一个人工服务电话
1	认证好了怎么选不了位置啊
17	哈喽你好
11	我已经定了机票了但是名字和身份证的不一样怎么办
12	港澳台托运需知
0	国际航班是要取票后才能显示吗
13	软件怎么显示不了电子登机牌
13	找不到登机二维码
5	出身份证以外证件可以取票吗
5	婴儿登记需要的证件？
1	我怎么选坐
15	你好，我手机想把今天的机票取消，怎么取消不了了呢
10	南航会员卡绑定
20	80岁的老人购买飞机票有什么要求
15	在哪里
14	机票报销行程单怎么邮寄？或者机场打印？
0	可以查询他人信息吗？
4	证件添加不了
1	从哪里选座
1	已升级最新版本还是不能正常值机
14	报销凭证
12	能托运多少牛奶
4	身份认证提示已被其他人注册
1	为什么预约的座位能被别人选了
1	值机14排什么时候开放
4	幫我認證護照
12	20寸拉杆箱能随身携带上飞机吗
15	飞机延误到晚上了，现在让通知正常值机？
15	是不是还没到网上选座时间，不能提前办理值机？
1	广州到柬埔寨的航班可以选座吗
1	看不到选座这一项就是还没开放选座吧
0	我的好几个国际行程没有显示
12	鸡可以带上飞机吗
0	我没有定今天的航班 怎么莫名其妙的有今天的航班呢
1	明天的航班，为什么我不能值机。谢谢你！
0	购票成功后为什么没短信提醒
14	怎么打印电子客票行程单
15	加不了QQ
0	6.10号出行的行程为什么没有
5	没有身份证如何登机
1	怎么选座啊
15	升级pro
1	取消手机值机
0	你好，请问我在去哪儿网上订了机票，但是航旅纵横订单里面看不到呢
12	移动电源可以上飞机吗？
8	山东航空电话
12	行李托运如何收费
1	怎样预约选座
0	有对方身份证号码如何查询机票信息
0	现在是需要完成乘机后才会显示航线吗
14	发票无法开具
12	可以托运防晒喷雾吗？
1	APP里面没有选座选项
4	我的认证始终通不过
14	行程单为什么没有座位号
20	孕妇要证明吗
1	为什么不能值机
13	儿童需要换登机牌吗
1	能添加别人的行程值机吗
5	乘坐飞机需要什么证件
3	我购买的机票是早上九点零五的为什么会显示是晚上十点
1	我儿童值机取消了，为什么大人还不行
1	怎么成为VIP
19	擦
14	我的乘机发票什么时候能收到？
6	如何办理接送机
12	需要托运行李的能手机值机吗
12	修眉毛的小剪刀可以带上飞机吗
12	笔记本电脑可以托运吗？
1	选座是显示信息保护
0	为什么我去年出国的行程没有显示
0	手机值机了没收到短信
0	行程丢失
1	请问我的两个航班有没有预约座位服务？
1	为什么11号重庆飞南宁办理不了值机呢
15	我拍的照片在哪里
12	什么东西能托运
1	已经出票了，手机不能值机是什么原因？
1	如何两个同行人一起办理值机
1	儿童怎么选座
1	我选了座位了，没看到什么时候值机
4	我要删除过期护照
12	奶粉带上飞机需要打开查验吗
4	如何修改密码
0	我一些今年的行程没有显示
1	预约了怎么更换座位
1	你好 怎么选座位
15	可以提前几天值机？
13	如何帮别人办理电子登机牌
20	请问免费泊车48小时如何办理
0	选座位后会有短信通知吗
5	儿童坐飞机带什么证件
4	我想认证ElD电子身份证怎么办
8	有电话客服吗
12	西藏航空行李限定额度
4	我的认证一直是证件被占用
1	予约植机位调换不满意咋办
13	已经在官网办了值机，能在航旅纵横上下载二维码登机牌吗？
11	预订机票
1	在哪添加同行人
8	人工服务
0	为什么境外飞行看不到
15	几点开始值机
12	托运行李额
6	预定接送机
1	怎么帮他人值机？
19	等于没说
0	潜加证件后，将要出行的计划为什么显示不了？
11	怎么不好订飞机票
14	费用报销
1	为什么春秋航空不能值机
15	退票手续费
0	我3月去的清迈，6月去的俄罗斯，为什么都没有行程显示？
1	不好意思，能不能先跟我说一下在哪里选座位？
12	您好，我想问一下行李箱具体尺寸有限制吗？
4	无法认证
4	怎么审核还不结束？
0	怎么添加行程
12	东方航空托运行李限额
1	为什么做不了值机
0	注销提交了10天了，为什么还没通过
4	已经注册，忘记密码
1	怎么为其他人选座
1	取消值机操作不了
10	怎么补东航卡号
1	QW6071航班什么时候开放值机？
1	我不能值机，朋友可以了
1	为什么已显示值机状态，但又不能手机值机
8	方便，有电话联系一下吗？
15	网上值机最晚起飞前的几小时
15	今天收拾东西，发现邻座的书落我这，请问要怎么归还？
0	国外的行程为什么不显示呢
1	你好，我想问下儿童改座位要怎么修改
1	婴儿票 值机
20	老人乘机需要什么条件
15	有无清真餐
13	同行人登机牌
1	请问空客320的机翼在哪里
1	取消我的值机，我要改签！
7	如何进行里程升舱？
4	我已认证过，只是删了APP，重新登录时显示还要重新认证，而认证时又显示已被认证过。
1	可是朋友都往返预约值机好了啊，为啥我的返程不行？
12	药品能带上飞机吗
1	值不了机
4	提示已被其它账号认证
0	丽江三义机场出场航班怎么查询
13	补登机牌
1	麻烦问下，预约值机是不是只能选两位同行人？
12	花露水和香水可以带吗
14	4792148288708需要开发票
15	飞机上有无线网么
1	我怎么取消值机
11	机票名字错误
8	有咨询电话吗
1	是不是我网上预约座位后，在去航空公司app办理值机
1	坐飞机的顺序
8	有电话可以打吗客服
19	说了也白说，等于没说！
3	7月2日北京南苑机场KN2201次起飞时间
1	如何取消朋友的值机？
15	最晚什么时候到机场
12	行礼箱可以带电吹风机吗？
1	cz8371明天起飞，我没找到可以选座
4	只有身份证号码怎么注册
15	提前多久可以值机
12	请问护发素可以托运吗？
3	航班拥挤度是什么
15	改签查询
4	关于认证重复问题
5	忘记带身份证可以乘坐飞机吗
15	怎么样升级viP会员卡
0	航线图没显示最近一个行程
12	粉底液能不能直接带上飞机
1	什么时候开始选择座位
12	请问300毫升的蜂蜜，可以托运吗
4	如何修改已经认证的错误信息
12	请问飞机✈️可以带香烟🚬吗可以带几条
6	送机车如何收费
1	同行人没有+
14	如何取得纸质行程单，用于报销
11	我同时买了四张票
1	7月6日贵阳至毕节华夏航空10：45航班，网上已值机，现需取消值机，取消不了怎么办？
1	预约选座 可以更改吗
5	身份证掉了怎么登机
1	请问6月20日MU2176张家口到上海的航班什么时间开始选座?
1	在app里怎么选座啊？
17	在没
1	改坐位是点取消直机吗？
4	电子认证怎么不行
3	航班取消是不飞了么？
1	问问你如何选座
19	我跟你们反馈了半天有用吗？
12	飞机上可以带打火机吗
15	你好。我孩子的衣服落在飞机上了
4	验证码
0	怎么查询别人是否给我订票
1	小孩值机
1	Ca1321航班无法值机
14	个人乘机凭证多久发送
5	飞机场是否可以办理临时身份证
12	液体标准
0	怎么查别人帮我购买飞机票
4	修改证件信息
20	哈尔滨机场哪里可以寄存东西
15	军人值机柜台在哪
12	20寸的行李箱不用办理托运是么
1	怎么值机
1	航班不支持手机值机
12	自嗨锅能上飞机吗？
4	我给同事选座位，手机号码输错怎样做更正
4	怎样修改短信推送信息的手机号码
15	机票可不可以退
1	天津航空公司能取消值机重新选座位吗
12	可以带酒吗
11	查询订购的机票
11	本软件不能搜索机票啊！晕了
9	转机需要第一次就把登机牌全打出来吗
0	如何查别人帮定的国际机票
1	为什么在航旅纵横上订的座位被修改了，还不让取消值机，如何处理？
1	帮别人值机，
14	接机行程单
1	查找常用联系人
1	哪里选座
1	我能用航旅纵横给别人选座吗
0	行程查不到
14	补打登机证明
1	今天第一次使用，不能在App上选座位
1	需要取消订座位
1	如何给其他账号的人选座
20	老人年出入境规定
12	乘坐飞机可否携带熟食粽子
0	你好，我有一个订单已经退票了，但为什么还一直显示未使用啊
15	机场雷达
11	可以买机票的吗
1	为什么我选了座位又给我改了
1	美国航班可以值机吗
4	认证过不去，是因为长久设用在线了，另外电话号码改了，怎么办？
12	托运行李超限可以和同行人一起算吗
4	修改认证
19	没搞懂？啥意思
14	行程单上为什么有样例
5	eID电子身份证乘机
1	怎样取消选座
0	航班信息没有显示
6	有免费接机吗？
0	别人帮我定的票，我怎么查询有没有订票
7	升舱怎么取消
1	怎么改不了座位了呢
0	未来行程要多久才能查到
1	为他人选座 上海虹桥飞香港的 是要填写身份证号还是护照号码？
1	南航国际航班能手机值机么
15	餐食
0	你好，我想问一下怎么能查别人的行程
20	绵阳机场晚上关门吗
1	值机选座怎么选不了
1	在哪里可以自动选座
0	你好，如何添加好友的航班信息
0	行程删除了能恢复没
12	500ml的液体可以托运嘛
12	牙膏带上飞机
1	付费选座，如何取消
12	沐浴乳可以托运吗
4	证件上名字写错了
15	改签同一航空公司没有航班怎么办
1	同行的小朋友不好选座位
1	小孩有户口本，跟大人一起买的机票，怎么选座位和取机票
1	不能取消值机的原因是什么
1	台湾同胞，如何值机？
1	怎么帮助他人办理值机
6	接机退款
4	商旅纵横注册护照上的英文名输入错误 怎样能更改
0	想查韩国的行程
14	如何打印乘机凭证
8	南方航空公司电话
4	小孩子怎么认证
1	国际航班能值机吗？
1	儿童单独
1	为什么我直机不了
0	我的行程不翼而飞了
12	飞机能不能带口服液
0	请问我添加了一个行程，为什么在app上查不到呢
12	飞机托运酒
1	请问，山东航空我在航旅纵横手机值机后还需要到机场办理值机吗？可以直接登机吗？
0	我的国际航班信息为什么没有显示
0	为为什么实名认证后没显示明天的行程？
1	取消值机还可以继续值机吗
0	如何能查到别人给我订的机票
12	学校手工锤子能办理托运吗？
1	上机流程
12	时间赶不上托运怎么办
6	需要出租车发票
0	为什么我买了机票缺没有显示行程
15	过境签
12	喷雾可以带上飞机吗
1	选座位页面找不到，工具箱页面在哪里
19	没定机票咨询各屁呀？
1	取消值机后还能再次值机吗
1	你好，手机办理值机手续几点开始
1	怎么取消值机？
1	有一张不能值机
1	我想帮我妈妈值机
1	你好，昨天已经值机，座位号为什么变更了
11	您好，机票如何付款
15	起飞前多久停止检票
4	更换护照后不更新动态
1	无法给同行人办理值机
1	你好！我预约值机为啥只能选3个人的座位，我有4个同行人，怎么预约值机？
1	为啥选不了预约机
12	行李怎么托运，托运我下飞机就可以拿到了吗还是要等
1	如何选座啊？
11	可以帮我查询一下机票吗
15	飞机起飞前多长时间停止登机？
15	一点进去就异常
1	我想选座
15	但是找不到界面
1	不支持值机
12	带上飞机的行李箱尺寸
12	请问在国内旅行乘机一次可以带多少香烟
1	我现在因故误机了，如何取消原航班值机?
10	在客票信息里添加常客卡
0	为什么我在携程订的机票在航旅纵横中没看到
4	是我本人证件没有在别的地方添加啊
3	如果航班延误了，可以晚饭去打印登机牌吗
1	机舱安全出口在什么位置
1	我的手机为什么选不了座位
5	荔波机场办理临时身份登记
1	怎么才知道开始选择座位了？
12	可以带充电小风扇吗
2	为什么我预测成功，旅豆被扣
11	请问怎么买票
1	你好，请问我为什么不能值机？
1	座位号怎么选
1	工具箱手机选座卡片在哪
1	我的孩子机票怎么不能值机选座
0	没有订票为什么出现无效票？
13	纸质登机牌丢了怎么在app导出电子登机牌?
3	2015年中川机场到南宁机场的时间
1	预约选座显示有误
1	我没有操作过值机，系统怎么给我选定了座位？
11	国际机票在哪里可以查到
5	身份证丢失了，能取到票吗
1	选定的座位取消之后还能再选择吗
20	婴儿坐飞机
0	我有几次行程为什么看不到呢
15	Pro版在哪里下载
1	我怎么不能选座
14	怎么打印行程单
0	你好 我的东京飞上海的航班应该是2017年的 结果给我加到了2018年。还有上海飞兰州的已经审核过了 但是没加到行程列表里
12	托运行李有大小限制吗
4	如何更改已认证的信息
15	最晚的登机时间是什么时候
1	什么时候可以开始选座位
1	自己没有买票，能不能帮别人在手机值机
0	为何6号机票已出，没短信通知呢
1	第一次坐飞机
5	没有身份证可以乘机吗
4	更改证件号
0	没订过的航班出现在航旅上了
12	护肤品乳液可以带吗
4	添加不了证件
12	可否携带干辣椒面
13	如何取票
15	你好！请问6月8号8点半CA1909去西宁曹家堡的航班时间改了2次为什么？还会再改吗？
15	升级以后软件不方便，显示信息不清楚
15	我想你们网站可以办理vip么
15	办理延误证明
11	我买的明天的机票
15	哪里下载pro
1	值机不能取消，另外选座吗
12	两件行李没超过行李额，要收钱吗
1	取消某次航班值机会影响去机场柜台办理该次航班值机吗
4	我的认证信息里，身份证号码是我的而名字变成了我父亲，如何修改
12	携带液体
15	团票可以显示吗
1	为什么我的值机显示不是本人行程？
0	怎么查到已购买的机票
0	最多可以有多少年的航行记录啊？
11	我要订机票怎么订呢？
20	到机场客服处租轮椅吗？
1	HU7736机翼的位置在哪几排
12	可以带水果吗
6	取消预定的接送机
0	我在2010年9月份乘机从厦门飞往郑州，为何行程上没有显示？
0	怎么查以前的国际航班
1	怎么选第一排座位
12	行李两张机票重量可以叠加吗
6	出租车发票
1	儿童怎么改座位
1	选座时间在什么
6	你好我预约今早4:40送机上海虹桥机场T2的别克商务车（沪EY4188）没有按时按点来接，并且司机关机。点击取消后费用自动扣除。这扣除的一口价费用怎么退换给我？
12	防晒霜可以带吗
12	20kg行李箱有体积的要求吗
1	而且现在已经正式开放选座了，选不了
4	我今天只是修改了手机号码
12	HU7605航班行李限额
13	创建航旅纵横桌面快捷方式
14	机票能开发票吗
1	调换座位，
19	你还是没解决
4	我想关联我的港澳通行证，为什么老是说我的中英文名字不匹配
15	飞机延误险有用吗
14	请问一下，帮人选座后，登机凭证是用什么？
15	你好，请问飞行模式在哪里查看？
12	国际航空行李托运多少斤免费
13	行程如何放入钱包
1	大人已经完成值机儿童怎么选
13	机票在哪可以打印？
19	骗子
0	空中航线图在哪
15	怎么查里程
12	我有二十斤蜂蜜可以带上飞机吗
11	机票无法预订？
0	亚行怎么导入行程
11	怎么订票
1	1岁宝宝值机
0	已经结束行程，却提示该行程尚未乘坐
19	太费劲了
0	为啥我添加的航班信息还没过审！！！
0	请问我今天没有任何出行，为何收到值机通知？
19	我要投诉！
1	回乡证如何提前预约值机
1	电子客票号只有六位 添加不了
0	如何帮别人查询预订信息
12	行李超额怎么收费
15	怎么改签或者退票
20	孕妇乘机有便捷吗
13	在哪找的电子登机牌
5	南宁机场临时身份证办理
7	我在航旅纵横上升舱的费用怎么开具发票
15	你好，飞机可否预订素食，我们大约40人
1	怎么添加常用联系人
17	有人吗
19	没太懂
3	今天航班怎么取消了
20	我出镜有食品不能带走，我想存放
12	电动牙刷可以直接带上飞机吗
12	境外行李额限额
0	为什么没有当前行程了
1	怎么选座
11	这个app可以购买机票吗
15	身份证丢了怎么办
1	办了值机还需要换登机牌吗
1	为什么前十排选不到
14	需要开发票
0	美联航如何添加行程
8	西部航空客服电话多少
1	为什么我办理不了手机值机了？
11	怎么查看机票
14	行程单要如何获取？
20	脑梗可以坐飞机吗？
12	植物油可以托运吗？
1	我如何帮我朋友值机
12	可以随身携带武汉热干面吗
12	隐形眼睛液能上飞机吗
1	我的座位36A为什么被随意调整为38A了？
4	原始密码
8	好的。怎样才能联系到航空公司？
20	75岁以上老人坐飞机
12	购买行李额
5	有效证件没有带怎么办
0	儿童票在哪里查行程
1	航班保护中是啥
15	我的里程在哪存储呢
4	我的通行证换了新证件，号码有所改动，但是添加不了，该怎么办？
4	可以认证两个人吗
1	你好，我为什么不能选座位呢
1	选座在哪个页面
12	机场安检要求不能携带的行李
0	我改签的行程，这里为什么显示已使用？
15	航旅纵横Pro无法下载
15	怎么查询航班是否延误
0	怎么查询自己的返程机票
1	请帮我取消值机
4	你好，问一下，我之前注册的账号没用了，忘记了，怎么办
15	网上值机了，如何取消机票
1	为什么我不能给同乘人预约值机？
1	值机好了，还需要去打印登机牌吗
8	厦门航空的客服电话
13	点不开查看登机牌
0	为什么我没有订票短信提醒了呢
1	我的值机为什么没办法取消？
11	如何看票价
1	为什么不能选座
1	值机为什么无法获取仓位图
17	亲在么
4	你好，我的一个证件已丢失作废，可以注销吗
20	婴儿乘坐飞机需要提前报备吗？
5	身份证号掉了怎么坐飞机
6	通过你们约的接机和送机的发票怎么开
19	还是不行
19	你是机器人吗？
12	密封咸菜可以带吗
0	怎么帮别人查机票买没买
15	open票怎么使用
5	儿童需要提供什么证件办理登机
1	你好，帮小孩值机一直显示值不了
1	值机输入正确的信息还是没办法查询
12	充电宝用多大的
0	为什么查不到我的订单
5	没有身份证怎么办
1	如何帮孩子值机
0	历史关注的航班信息没有了
0	如何帮别人查询航班行程
4	您好，我的身份认证一直做不了
0	PRO版不显示2011～2015.01的行程，有办法解决么？
0	我今天没有航程，为什么显示有我的航班？
1	我的航班什么时间开放选座
7	请问如何办理升舱？
1	手机值机算换登机牌了吗？
12	矿泉水可以托运吗
1	在哪选座位
11	可以买票吗
1	换座位
13	手机办理了电子登机牌，是否可以在自助机上打印纸质登机牌
20	停车收费哪里办理
19	曹尼玛
12	请问随身携带液体有什么规定
11	不能购买机票吗
0	为什么不能显示行程？
0	我添加行程的时候显示已存在，但是没法值机
12	上机对充电宝有何要求
1	我定的8h4980机票，为什么不能手机值机，不能出电子登机牌
1	别忘了下午办理手机值机
14	只有行程单
12	酒可以托运吗
4	能不能用别人的手机号码进行认证
0	昨晚发现有我的航班信息，大连到北京南苑机场。从起飞时间、延误、及到达信息，全有。而我本人并没有乘坐飞机，是怎么回事？
15	可以提前多久打印登机牌
1	取消值机 会咋样
12	水果刀可以带吗
4	手机号被别人使用 该如何注销重新注册上传证件？
6	我的神州专车发票怎么开？
11	我想订上海至乌鲁木齐机票，点开后找不到订票窗口？
18	好的，谢谢
12	微波炉可以带上飞机吗
12	中联航KN2988R座 能够免费登记的行李重量
12	行李超重怎么收费的
12	托运行李一个行李箱加一床棉被是不是免费
1	你好，非本人机票不能在线选座吗
1	怎么样能帮助我乘机
12	剃须刀可以给上飞机吗
0	怎样查询我订没有订过机票啊
14	发票怎么申请
11	这个app上能购买机票吗
0	半年内的航班没有导入
11	户口本买票
8	怎么投诉航空公司
1	亲，可以值机，但是为啥走的座位还是选不了
15	机上是否有wifi如何查询
1	预留座位
8	转人工
1	这些位置是不是机翼旁
1	如何预留座位？
3	你好  我想查询到达某个城市某个时间所有的航班信息
1	不能选座位呢
0	行程没显示
12	请问航拍无人机能带上飞机吗
1	为什么手机值机只能值3个人？
15	退票是退多少
0	我在前两天就购票了。但是航旅纵横显示没有
1	电子客票超过13位
12	电动牙刷能随时带吗
1	能为别人办理值机吗？
0	路线图如何添加国际航班
1	手机值机  座位上有锁。
6	我昨天在你们这儿订的接机服务，结果首汽约车司机没有来接我，害我动车晚点在杭州多住了一晚，但司机钱已经收了，联系首汽约车客服，说要找你们处理，这事该怎么办
12	在这里值机后还可以办理托运吗
1	取消值机失败
11	app如何买票？
12	电动剃须刀必须托运吗
4	我的证件之前在另一个手机上登录过，我现在换手机了，怎么操作？一直显示我不能认证
20	吸烟区在哪儿
8	昨天到客服一直没有回复我，请问有电话号码？
1	如何预留座位
1	值机还能托运吗？
1	我想问下更新过的的航旅纵横如何选座
0	我的行程怎么没有显示
20	行李破损
13	电子登机牌二维码从哪获取
0	怎么添加亲属行程
1	值机失败，请稍后在试
12	飞机上可以携带避孕套吗？
0	在其他网站买的机票这里可以查到么
1	值机能不能大人和小朋友选择在一起？
12	春秋航空行李限额
15	福州到宜昌，宜昌中转到曹家堡要提取托运行李吗
1	你好，什么时间开始选座？
0	我是在注册航旅纵横之前买的机票、为什么注册完之后机票没有显示呢
1	如何添加其他乘客
3	航班延误了，登机时间会延后吗？
12	出入境行李要求
14	发票怎么取
20	婴儿可以坐飞机？
12	托运收费吗
1	会在起飞前多久开放选座呢
0	查不到票
0	如何查询别人的机票有没有出票
1	怎么取消值机页面不显示
12	充电宝能不能托运?
12	托运多少钱
11	多久前可以订机票
9	一个半小时的时间转机够吗
0	之前的飞行纪录，为什么都没有显示
13	如何打印机票
1	春秋航空选座
1	青岛航空可以手机值机吗
0	误删了很多行程
5	临时登机这名
12	你好，我的充电宝20000mAh，可以上飞机吗？
11	我怎么在上面买票
12	药水携带
20	老年人乘机
10	怎么申请常客卡
1	我怎么不能手机选座
12	中国联航行李限额
1	自己不出行，可以给家人选座位吧！
1	请问怎么选位置
12	这个人可以携带两个充电宝吗
0	为什么不显示我的行程在航线图里
15	丢了
1	你好！我就是本人为什么值机不下去
1	预约值机成功了，为什么不能取消，从新预约
3	北京到南昌 首都航空 经济舱 有托运吗
1	我无法取消值机
15	延误证明在哪里开？
15	提前多久到机场办手续
14	如何查看行程单
20	幼儿登机
11	国际航班为什么看不到价格
1	网上值机约好位子后，还要办理别的吗？
4	只需要修改认证的身份证名字
1	可以添加家人信息吗
5	机场可以办理临时身份证吗
8	东方航空公司客服。
15	丢了东西
14	我们需要电子机票行程单
15	你好，请问我可以在这里改签？
8	你们有人工客服电话吗？
0	我想查我朋友最近的航班信息
13	请问值机后还需要到机场打印登机牌吗？
15	你好，我从北京经停厦门转机到井冈山，可以直接托运到井冈山吗？在厦门不取行李
5	儿童乘坐飞机需要什么证件
1	怎么没有值机了
0	别人订的票我怎么查询航班信息
1	无法值机
1	我要取消值机，让我先取消孩子的，取消孩子，又说不让取消
8	航空公司电话号码
12	20寸行李箱可以不用托运
1	值机完成不显示座位
1	怎么添加乘机人？
11	8.31号的机票订不了吗
14	报销单据
5	只带护口本行吗ll周岁
11	别人帮买的机票
0	护照信息已经录入，为什么我的航班迟迟不显示
6	接送机发票问题
12	去哪托运行李
11	如何订票？
0	为什么春秋航空的没有记录
4	怎么取消或修改已认证的证件
5	13岁小孩没身份证可以拿户口本吗
1	请问为什么我预约选座后的飞机 取消不了值机
12	洗发水，沐浴露，护发素能带上飞机吗？
0	手动添加行程之后要审核多久
12	洗漱用具用托运吗
1	从哪选座位
19	滚
5	儿童可以用户口本登机
15	退票怎么办
1	帮其他人预约选座，但我不坐飞机
0	为什么国际行程不显示
15	你好，什么时间可以值机
6	你好 请问怎么取消送机服务订单？
4	如何添加 證件
14	机票报销
4	改手机号
1	为什么值机选不了座
4	你好！我要关联护照，怎么关联，提示我的中文名和英文名不匹配
1	我昨天换了6个人的登机牌，都退票了，全部取消了座位，但是只有一个人现在显示还没有取消选座，而且取消不了急死人了
3	怎么查询机场有哪些航线
15	怎么补登里程
10	什么叫常客卡
4	值机，手机验证码一直收不到
3	我之前买了一张到三亚的机票，换手了了，导致信息都没了，能帮忙查一下吗
1	你好 在航旅纵横值机的航班，但无法取消值机了
1	非本人行程 无法值机
15	我想问下从哪里可以看自己里程？
14	怎么打印发票
1	为什么和成人一起添加值机，儿童显示航班不同？FM821
8	需要人工客服
1	在哪个选项上定座位？
12	祥鹏航空有没有托运额
0	为什么出现很多不是我的航班行程
8	咨询电话是多少
4	怎么添加护照
1	你好，我要值机的时候要连朋友的一起值机怎么办理
1	没办法取消值机啊，好像是你们的系统出现故障了
1	柜台私自改我机票位置为什么
1	办理过值机的话，是否可以取消？
12	查找行李
15	机场雷达在哪看
19	试过了不好使
11	怎样订票
19	ume47218316客服回答简直是说废话啊
1	怎样选座
0	已经出票可是没有行程显示
12	22寸行李箱需要托运吗
2	可以购买旅豆吗？
15	飞机上的餐是怎么安排的
5	孩子户口本值机
12	亲，酒水能够托运吗
10	常客卡在哪
1	为什么有的座位是锁定的
0	可以用身份证查订单吗？
12	床上四件套能不能带上飞机
8	需要转人工
5	临时身份证
12	国航班机小孩的滑板车能带上飞机吗？
1	怎么预约选座
12	国际航班酒水携带要求
11	航旅纵横能购买机票吗
12	一个人可以带多少行李
11	如何查询联航的机票座位等级
15	怎么预订清真餐
12	上飞机能带铁锁吗
1	在线值机无法办理
1	手机值机以后，还可以打印登机牌吗
4	注销账户申请
0	怎么查看出港航班
20	病人
15	先问一下怎么找不到订餐的窗口了？
14	发票可以不和机票同时邮寄吗
1	麻烦问一下，我想知道如何预选第二个行程座位
1	取消值机后有什么问题
15	补登里程
0	同事帮忙订的航班，能查到航班号吗
3	你好  怎么查询所有航班到达出发的时间?
4	已申请，已认证的账号可以申请注销吗
4	怎么添加亲属的身份证
4	修改不了证件
0	国际航空的为啥没有显示
19	你媽死了
13	亲，和我同行的家属可否办理登机牌
1	为什么预订的座位调整了？
14	您好 电子发票怎么还不开啊
19	我是不是该卸载航旅纵横呢？
15	怎么改签
4	原来朋友用我的手机注册的账号，我想重新更改一下信息
12	电子耳温计能托运吗？
1	我要值机新加坡航空的
1	值机如何添加同行人
1	怎么退值机？
1	为什么不能手机值机呢
12	睫毛膏能带吗
1	请问怎么增加别人的航班，为他人选座
1	请人工帮我取消值机
0	我们在航空公司订的票为什么在航旅纵横上没收到任何信息呢
12	无人机可以上飞机吗
13	有了电子登机牌 还能要求打印纸质登机牌吗
11	买票点不进去？
0	为什么我2013、2014年的行程数据没有！
15	航班延误赔偿
11	航旅纵横能不能购买机票
3	KN2927是否延误
14	报销费用
5	身份证丢了，乘飞机怎么办
1	预约座位多久有结果
15	退票联系那里
1	提示该航班在不支持手机选座
14	电子行程单
1	APP上登记了身份证和护照，但是系统默认的是护照，值机时未注意，所以我取消了值机。可以重新值机吗？怎么在APP上将自动默认的护照改为身份证？谢谢！
0	可以尽快审核吗
20	如何申请有氧仓？
15	第一航段的飞机延误，第二段的飞机怎么办？
1	手机值机无法取消
3	航班信息错误
10	常客卡在哪里
1	添加儿童联系人选出生证明，证件号码怎么填？
1	这个办不了值机，是什么情况？
1	为什么我值不了机
4	如何修改原来登记护照的名字，原来的名字写错了
1	你好 我在办理值机过程中 提示同行的一名儿童与我们不同航班 我们六个人订的都是同一航班
1	请问东方航空国际航班不能为同行人选座？
1	预约好的座位，为什么被更换了
12	我拿两瓶酒在箱子里没有问题
12	万花油可以带吗
1	无法远商务舱座位
1	订错票但是二维码过安检了怎么取消座位
0	如何添加行程
12	充电宝多少毫安可以带？
12	洗面奶可以带上飞机吗
1	如何选位？
1	深圳航空班机可以手机在线为儿童办理值机吗？
4	证件添加
0	请问亚航的机票怎么添加
1	我是为家人办理的值机
1	经停乌鲁木齐，20点55到龙嘉机场的航班是哪班
15	电子客票号在哪？？
1	手机值机几号可以？
3	到晚上了，航班座位还没有开放，究竟有没有这个功能啊？
8	请问有电话客服吗？号码是多少？
15	退票
12	怎样办理犬只托运
12	白酒如何携带
0	我没有订机票，为什么航旅纵横显示我定了机票而且还已经值机
14	电子行程单能发到邮箱嘛？
15	旅游团队票可以选座吗？谢谢
1	加拿大航空可以在这个app上年值机么？
0	热力图在哪
12	洗漱用品可以带飞机么
1	请问办理了在线值机后去到机场流程是怎样？
0	首页不显示行程
1	行程保护取消
12	酒可以托运吗？
1	靠窗的飞机昨座位怎么选
1	值完机，需要换座位
20	怀孕四个月的孕妇可以坐飞机嘛！需不需要什么证明
0	你好，我昨天去柬埔寨的航班为什么没有显示
1	我现在不能值机选座
1	我的航班什么时候开始选座
1	机舱安全出口
0	请问国外廉航的航班号无法添加怎么办？
12	那个人可以带多少东西上飞机
0	添加行程还没有加入
1	瑞丽航空儿童手机无法值机
4	如何销户
1	怎么把小孩选座位加在大人上
1	我怎么办不了值机？
1	预约值机不成功
15	你好刚刚下了航旅纵横pro版可是打不开软件一直闪退我已经试过手机重启和重新下载软件都不行 求解求帮助
12	南航可以带多少公斤东西上飞机
1	为啥明明有很多空位置，我不能选
6	投诉 在贵平台预定了接送机服务 但是无法开具发票
3	航班延误已发更改起飞时间，是按照原起飞时间去机场还是按照更改时间去
20	85岁能坐飞机不
4	为什么认证都失败了
4	删除原有用户证件认证
15	我要求退票
1	我想了解10号出发成都几号能选座
15	提前多久进场？
1	我问一下携带婴儿如何值机
1	在网上购票    到机场拿身份证在自助机直接打印登机牌吗？
14	怎么打印电子发票
12	我带120润肤水和120乳可以带飞机上吗
1	你好！我想选座位
1	手机选座位
4	：换新护照信息怎么处理？
12	奶粉可以带吗
6	预约接机，司机没有来，退钱给我
15	你好，机场是否有快速通道
1	我可以为几个同行人值机
12	指甲油可以托运吗
6	接送机专车发票开不了怎么办
5	无身份证 乘机
12	禁止携带的物品
4	航旅纵横账号绑定的手机号不用了
1	请问可以帮他人预约选座吗
1	登记手续办理
1	四川航空国际航班手机上如何选座
11	不支持购票？
12	水乳可托运吗
12	食品必须进行托运蛮
12	可以托运什么东西
1	你好，选座位时添加的家人信息有误，如何修改？
12	HO1840航班有没有免费行李托运
7	升舱订单可以取消吗
15	机场雷达在哪里
1	如何帮其他人选座位
4	我找不回我的密码了
15	为什么我的旅程数没有导入凤凰知音的会员卡里
0	为什么不显示新的行程了
17	你好！
5	身份证过期能过安检吗
0	提取行程
12	你好，喷雾可以托运吗
2	旅豆干什么用？
8	山东航空联系电话
1	现在我们其它五人都一般好值机 就其中一名儿童无法办理值机 怎么办
12	金属玩具枪可以带上飞机吗
12	化妆品可以托运多少
11	购买机票
10	怎么注册常客卡
12	羽毛球拍可以带上飞机吗
1	我已值机，行程里怎么不显示座位号呢
4	更换身份认证
5	不到十一岁的儿童，需要带什么证件？
4	如何认证
1	取消不了值机
0	国际航班没有行程历史记录
11	我登记的名字跟你们出机票的名字不符
0	能用身份证查询机票？
12	充电宝每人可以多大的？
11	买票时名字写错一个字怎么办
1	值机失败
11	你们这上面能不能在线购买机票？
15	你们那个QQ群不对
19	没有解答问题
14	发票怎么开
15	物品遗失
12	请问银行POS机可以随身携带上飞机吗？
12	飞机上带1罐奶粉可不可以
8	rl人工服务
1	网上值机取消不了
12	昆明去泰国的飞机能带白酒吗？可以带几瓶？
12	电子值机要办理托运
15	快速安检
1	我在软件值机后，可以去机场取票吗？
15	无法兑换机场雷达码
0	为什么我未来的行程查不到，及为什么没有显示
5	临时身份证怎么办
11	我已经购买了机票，怎样在系统中选座呀
15	如果别人给我订票，我手机完成值机后，别人还能不能退票
1	如果取消值机，能不能重新值机？
12	随身携带液体
4	已经申请注销要多久
17	您好
1	请问上海航空公司的航班可以在航旅纵横上选座吗？
12	可以带上飞机的行李重量
8	有客服电话马
15	有没有航空延误险
15	如何下载pro
12	托运行李免费额度
0	添加的行程为什么一直在审核中呢？
15	电子值机以后最晚几点可以过安检
1	我的儿童已经取消值机了，为什么我的还是不能取消
7	如何办理升舱？
1	你好！请问在航旅纵横上如何办理选座
1	航班取消值机记录取消不了
4	是证件认证里的名字拼写错误
15	请问我有一个从深圳到重庆的航班为什么不能退改票？
1	为什么手机选不了座
12	口服液可以随身带上飞机吗
12	插排可以托运吗
4	为什么我的证件号反馈无法认证
1	进去座位页面根本没有取消值机的按键
1	为什么孩子不能和大人一起值机？
1	给我办理一下取消值机
1	取消值机还可以重新选座位吗
0	我的行程添加成功了，为什么没有显示
1	请问靠窗的位置
12	手提行李额
4	如何添加港澳通行证
8	航空公司电话多少
13	海南航空支持电子登机牌吗
9	联程票对转机时间有无规定
15	我想选前排座椅，请问什么时候能值机？
14	行程单没有怎么回事？
15	别人帮我选座之后，我要改签怎么办
0	2009年的行程看不到吗
0	手动添加了行程。还是不显示？
13	机票掉了还能补办吗
15	飞机上可以打开蓝牙吗
12	水果拼盘可以带上飞机吗
1	手机选座取消不了了，影响改签
1	我跟同行人同航班，同仓位等级，为什么不能给他手机值机？
0	国际间的航班不能显示？
4	我的身份证被其他账户认领
12	可以带移动电源？
0	我有明天下午13点40的HU489航班没有接到显示
1	为何手机不能选座
12	如何取托运的行李
1	你好，我想取消值机
12	乳液和防晒霜可以带上飞机吗？还是必须托运行李
12	电动剃须刀能托运吗
13	办理了电子登机牌还需要办托运手续吗
1	什么时候开放
15	飞机有Wi-Fi嘛
4	注销需要多长时间
15	我想问一下我乘坐的CZ390航班的飞机餐是午餐还是晚餐
4	为什么添加不了护照
3	卡塔尔航空能查到吗
1	两岁半儿童值机
1	您好！我怎么能看到我的手机值机之后的情况
13	怎么操作取登机牌
11	身份证可以查定的机票价格吗？
1	怎样删除常联系人？
1	办理他人值机取消
1	我的值机怎么取消不了
11	你好 我想问下我的行程不是联程航班
15	30000毫安充电宝如何申报
1	没有办法取消值机
1	为何无法值机
15	因飞机延误我要退票怎么解决
20	有氧舱
2	为什么我的航旅纵横手机选座只能提早2天，而我朋友的航旅纵横可以提早好多天选座？而且猜一猜点不进去，只出现上一行程结算情况？
1	值机在飞机起飞几天开始
5	一个大人带2个小孩怎么坐飞机
1	您好，为什么我的航班不能选座位
11	买票怎么操作
14	开发票
0	我的航班已经起飞时间更改了，为什么航旅纵横里还是没有更改
0	为什么有的行程不显示
1	儿童六岁，怎样值机？
11	忘了怎么订机票了，已查询好航班，无法点开预订，怎么回事？
1	怎样手机选座
1	出了登机牌就算办理了登机手续了吗？
12	为什么我没免费行李？
1	在哪选座
5	临时身份证哪里办理
14	我需要机票的报销发票
1	已值机还可以改座位吗
19	有病
1	怎样提前选择座位
1	怎么取消已经值机的飞机
17	客服您好
8	你们电话多少
1	可以帮别人值机吗？
1	我要取消值机
12	请问行李箱可以放泡沫状的浴液或洁面吗？
0	为什么更新后，所有历史飞行记录以及即将开始的行程都沒有了？
20	机票早已订好，但近期不慎脚受伤，我想申请地面轮椅，如何办理？
0	2011年前的行程能查看吗？
11	我已经认证过了，怎么买票
1	灰色带锁的位置是什么意思
19	问你问题为何不回答
11	帮我查看机票
1	为啥有时不能值机？
15	中转行李托运能直接到目的地吗
1	预约选座后到正式开放选座时不用再操作了吧，座位号不变了吧
1	怎么选位置
1	我想办值机选位置时，怎么能在加一人
0	怎么看过去的航班
1	出票了在哪选座位
0	为什么我的行程里面没有显示6月26日的行程
12	一次性刮胡刀可以不用托运吗
3	有航班起飞提醒吗
14	携程，同城的行程单怎么打印
1	我填写的信息都对的，在保存时候，显示提示我非本人行程，不可值机
11	麻烦问下怎么定机票
3	大暴雨能起飞吗
4	怎么添加护照号
13	值机二维码可以直接去安检口吗？
4	怎么绑定身份证
13	如何查询我的电子凭证
11	买机票名字错了身份证是对的
1	为什么明天起飞了还是选不了座，说没有航班信息
0	为什么之前的航程没有在内
0	怎么添加不了行程？
1	怎样为他人选座
12	纽扣电池可以带吗
3	您好，app里的拥挤度是指飞机的客座率吗？拥挤度是不是等于购买机票的人数 ÷  飞机的总座位数呢？
3	7.1号到贵州铜仁凤凰机场现在可以购票吗？
1	什么时候可以手机选座位？
0	在别的地方买票能在这上面看到吗
12	电饭煲能带上飞机吗
1	为什么儿童不能办理值机？
12	随机行李箱尺寸
1	常用联系人在什么地方找
11	订机票
14	5月29日天津航空7552航班和田飞乌鲁木齐的报销凭证怎么开
19	失望
12	充电宝可以带多大
15	刚看新闻四川发生了地震 想问一下明天下午飞重庆的航班是正常起飞吗
13	电子机票怎么托运
15	怎么办理航空公司VIP
4	认证失败
15	飞行里程兑换
12	硬盘带上飞机
1	我怎么不能手机值机
15	支付参数异常
12	笔记本电脑能托运吗？
10	你好，如何成为常客
12	飞机自带行李规定了带洗面奶等的数量吗？
6	我是在APP进行打车的、为何不能出发票
12	武汉飞往海口的飞机，能带香肠吗
8	客服电话多少
15	航班自己取消了行程，我怎么办
0	飞行记录
12	生鲜瓜果能过安检随身携带?
1	取消值机后可以接着选择吗
1	如何取消别人的值机
1	我的位子选的怎么取消呀？
12	洗发剂可以带么
1	婴儿需要到柜台办理值机吗
0	如何查看历史行程
19	太麻烦
20	老年人乘机有什么规定
1	预留座位总被调换
15	取消航班
15	你好，我下飞机了，然后把机票丢了，还能在补回来么？
1	提前选座
12	20000ma的充电宝可以带上飞机吗
14	我的报销凭证何时邮寄回来
12	珍珠粉可以带上飞机吗
4	名字换了，请问怎么更新
1	我给儿童值机没法完成
12	2万毫安的充电宝能带上飞机吗？
1	请问值机取消不了怎么回事
5	儿童乘机需要带户口本吗
4	我的微信认证都两天了，咋还没审核通过啊！
15	保险还能在买吗
12	托运三个人一个大箱子30公斤，行吗
17	有人吗？
0	行程不见了
1	因为修改座位问题投诉
0	我也没有购票凭证呀，能告诉我不显示行程的原因吗？？？？
14	报销机票怎么打印
14	机票行程单打印
1	既然不能保证我的座位，那你们提前预约值机有啥意思呢？我已经给朋友发送过座位了，现在岂不是很难看？
6	订接机服务，订单有误，用户取消订单为什么不退费？
4	我的姓名改了，身份证号没变，但是认证不了
1	被改座位
4	我认证不了
12	飞机能带水果么
4	两人的证件 如何认证
1	你好，我给我和6岁的孩子同时在飞猪上买了机票，但是刚才值机时孩子不能和我同时值机，显示与已添加的乘客航班不同，请为其单独办理值机。我不懂，这是什么意思呢？
1	我订的是东航的，显示可以添加同行人值机，可实际添加时却告知无法添加同行人，目前孩子无法手机值机😥
12	请问女士化妆品洗面奶可以带按压泡沫式的了吗
1	怎么帮别人选座位
15	离线模式怎么用
12	2万毫安的充电宝能随身带上飞机吗？
4	认证信息不是本人
17	你好，
0	为什么我买了机票，今天出发，还没有信息显示的？
0	非本人行程
1	预约选座取消
12	充电宝随身带还是随行李呢
12	普通人能托运蜂蜜吗
1	我给家人定的机票，想提前选座位，怎么操作？
0	没有历史乘坐航班记录
1	儿童可以值机吗
11	航旅纵横可以订票吗？
0	手机选完座位 怎么有的人发短信有的没有
1	相关错误是等我把验证码输完之后，进入下一步，结果显示，我的行程处于保护状态，我的详情不能被我自己查看。
14	行程单号
1	你好，我昨晚办理了值机，现在想取消值机重新选座位，怎么取消不了呢？显示我已打印行程单，但我实际没打印呢
5	无身份证怎么乘机
12	化妆品托运
1	儿童座位怎么值机
1	不能值机多人
12	眼膏可以托运吗
15	可以提前托运行李吗
0	无法手动添加行程，有报错
11	航旅纵横只能查询不能购买机票吗？
1	您好 取消值机后 可以重新值机吗
14	你好，如何取得报销发票？
12	带电池的风扇可以带上飞机吗
1	我要取消预约座位
3	请问8l9616取消了吗
12	两个人一起行李托运数可以合到一起吗
11	怎么属于联程机票
6	航班取消，扣除了接送机服务的取消费，怎么处理
12	能带花露水吗
8	请问一下客服电话是多少
15	如何申请儿童餐
1	预约选座算数吗
0	查询其他人的航班
14	打印发票
12	鼻炎用的喷雾剂可以随身携带吗？
4	添加证件
5	你好！持香港回乡证可以先值机选座号？
12	请问从上海去深圳的航班，要带一只5 KG内的狗狗，需要准备什么证件呢？
0	在国外的航班不能添加？
13	电子登机牌，在哪找到
12	请问吉他能带上飞机吗
1	怎么坐飞机
12	液体药品托运
11	儿童无成人陪同服务怎么办理或买票
15	染发剂可以带出国吗
14	请问哪里拿发票报账
1	HU7907西安-巴黎，06月11日。啥时手机值机？
12	笔记本电脑取下电池可以托运吗
12	飞机可以带化妆品吗
1	手机选座位在哪里？
1	添加行程后，显示非本人行程，无法值机
12	飞机上可以带成条的烟吗？
1	值机取消失败
0	我没有订过这张票，为什么出现我的订票信息呢
12	廉价飞机有免费行李托运吗？
1	明天的航班，今天值机选座紧急出口为什么选不了
0	国际飞行记录
1	儿童为什么不能值机
4	忘记就账号了，认证不了怎么办？
12	可以携带中药吗？
1	同行三人网上选坐，名字后面没有+号
4	换了一个手机后，用户名登录不了，不知是帐户还是密码记错
4	认证频繁提示被其他账号注册
20	您好，我的钱包遗失在客舱里了，能帮忙找一下吗？2019年7月13日昆明长水机场飞往北京的海南航空HU7112次航班
20	折扣商务舱是否可以享受贵宾厅服务。
1	预约值机为什么最多只能选三个？
0	怎么查不到飞机订单
15	开飞行模式能玩手机吗
15	行李托运停止时间？
1	常用联系人页
12	化妆品能带多少上飞机
19	国航也不行
12	国内航班可以带小型植物吗？多肉？
1	儿童不能选座吗
12	国际航班托运规定
1	我订的票是商务舱，为什么只能选头等舱的座位？
1	为什么值机不成功
1	是不是还没开始选座
1	怎么才能避开机翼
11	怎样查询自己的机票订单
1	可以大人先手机值机，儿童再去机场柜台办理值机吗
8	航旅纵横客服电话多少
1	同行人跟我是同舱位同行班，为什么选不了座位呢？
0	为什么我没有退票结果航旅纵横显示我已退票了
1	你好，通行5人，如何同时选座
1	我取消今天下午出发重庆到天津的值机业务取消不了
20	我今天在飞机上拉下了我的充电宝！能不能找回
0	添加成功的行程不显示
4	证件无法删除
1	值机失败是为什么？
1	我想在手机上办理值机手续，请问几点能办
1	怎么帮助别人选座
20	婴儿乘机规定
13	补打登机牌
1	为什么不能选座位呢
3	我的航班晚点了 那我是不是可以晚一些去机场
20	你好！请问机场停车一天收费标准是多少？
14	莫斯科机场哪里可以打印国航的行程单
14	你们这个可以打发票吗
13	可以补以前的登机牌吗？
11	怎么购买往返机票
1	同行选座可以选几人？
12	行李箱托运能带面膜吗
15	飞机延误如何索赔
5	身份证读不出信息，如何办理登机
1	值机后还能托运行李吗
15	飞机延误赔偿
1	而且还不能值机
1	边上的座位上锁
1	晚了五分钟，不能值机了。
0	国外航班没显示的吗？
0	请问一下，带的计算机可以上飞机吗？里面有电池，需不需要拆开看
1	可以自己选座位吗
0	春秋航班无法加入
1	同样航班，我朋友已经值机好了
1	成都航空支持儿童值机吗
0	关注列表里的航班没了
15	没有行李托运可以直接取票安检吗？
12	超出的行李如何收费
13	我需要7月13日，从兰州到成都的电子登机牌。
12	你好请问为什么行李不给免费托运
8	东航北京头等舱休息室电话
13	如何下载登机二维码？
15	飞机起飞前多久不接受安检
3	不是用完手机号订的票能查到机票吗
0	已经开启消息通知 可是没有短信提醒
8	航空公司电话
1	我重新预约值机为什么添加同行人时会提示重复预约
1	可以帮其他人在我的手机上值机吗
1	手机值机后，是不是可以直接去登机口登机？
12	你好，携带行李上机登机行李箱尺寸是不是每个航空公司都不一样吗？我是吉祥航空他们有什么要求吗？
5	乘机证件有哪些
1	为什么不能给同行的人办理值机
12	冷吃兔可以带上飞机吗
19	可以骂人吗😓
12	请问天津航空对随身携带行李箱的规定
1	修改乘机人电话
1	请问一下，我的航班怎么选不了座位好
1	早上预约了座位号，不知道成功了没有
12	每个人可以免费托运多少东西
1	我为什么在航旅纵横上不能够值机
1	为什么不能手机选座了？
1	我选完的座位被占用了
0	别人帮我买的飞机票但是留得他的手机号为什么我这里没有行程显示
19	互动你妈啊
12	行李限几件
0	而且也不显示之后的行程，查不到航班
1	无法为孩子值机
4	护照认证英文名格式如何填写？
1	我提前选择的座位，为什么没有经过我的允许，把我座位改了？
1	明天的飞机怎么不能选座啊
12	行李托运购买
1	提前多久可以选座
8	需要人工服务
15	航班群
1	我想问下，孩子怎么值机
12	如果超过免费托运额度
1	值机是随时都可以还是要在起飞前几天内
1	值机只能帮同行两个人值机吗
12	牛奶可以托运?
4	我认证身份证和孩子的姓名串了，需要马上修改，怎样处理。急！
12	周黑鸭能带上飞机吗
13	电子登机牌可以登机吗
0	国航航班行程查不到
1	小孩手机不能办理选座值机。怎么操作？
0	输入身份证查航班可吗
4	更换护照后如何办理证件认证
3	航班拥挤度
4	收不到短信验证码
12	沈阳到泰州 行李托运怎么收费
14	你们能寄给我行程单吗？
1	为什么我选不了，提示还未值机
15	航班起飞前多久可以办理值机
15	cz3297有餐吗
1	常用联系人怎么删除
4	删除已认证的证件
0	为什么无法行程验真
12	携带行李
11	机票看不得到价格
1	上航值机要付费吗
14	怎样补打行程单
12	哪些动物可以托运
1	同行人值机办理
17	这个软件能做什么
0	值机后会有短信提示吗？
4	变更账户证件信息
0	值机记录没有了
1	春秋航空是不可以选座么
15	今有事无法登机怎能退票
4	认证护照需要几天
1	请问小孩怎么认证身份?我想选机票座位
14	为啥我的行程单申请不了
15	我想改签怎么弄
15	我要预约儿童餐，素餐怎么做？
8	客服电话是多少
2	我竞猜赢了旅豆怎么没到帐
12	随身携带行李规定
1	如何查看常用联系人
15	找不到电子客票号
8	你们有电话吗
13	值机成功生成的二维码是干什么用的
1	选座，有些座位加锁
15	以添加QQ群，多久能通过
1	我没有值机，为什么自动值机了呢
11	怎么订往返机票
3	航班预警什么情况？
12	乘机能带液体护肤品吗
1	国航航班值机，同行三人
1	我国际航班没显示，没法值机
1	预定好的座位为啥给我换了
11	在哪购票
4	怎么添加好友身份证
0	为什么我为其他人购买的机票看不到航班信息？
12	飞机可以带发蜡，弹力素么
19	垃圾软件
15	航旅纵横和航旅纵横Pro有何区别？
1	只有调换座位和取消执机没有取消座位按钮
20	婴儿坐飞机需要注意事项
14	怎么拿到发票
12	东方航空的托运行李额是多少
12	托运需要登机牌么
4	为什么我设置显示英文名与中文名不一致
1	值机怎样操作
1	第一次坐飞机不知道相关流程
12	行李有尺寸限制吗
4	证件格式错误
4	但是我忘记了以前的账号和密码
1	没有办法取消值机，怎么办？
8	电话客服
1	去哪里值机
1	提前几天选座
14	机票没有行程单号
12	陶笛可以带上飞机吗
1	国际机票怎么值机
1	我这边不可以选座，显示不是本人行程
15	新加坡过境签
12	可以托运液体防晒霜之类的吗
13	怎么取登机牌
5	儿童需要证件
1	预选座位还有什么意义？预选为了方便，临到开放后都放到后边的座位，还有什么预约的作用？！
15	手机值机，显示参数错误
15	航站楼在哪看
15	如何打开离线模式
0	你好我16号晚上出行北京，现在没有显示待出行信息
4	护照怎么绑定
1	我所在的座位已被占用或锁定
12	飞机上可以带水果吗
12	手机值机后，可托运行李么
13	你好！电子登机牌什么时间可以办理
12	吉祥航空国内免费托运重量
4	为什么多次认证失败
1	来回航班怎么值机？
1	问下儿童的值机怎么弄？
13	支持电子登机牌的城市
0	护照认证成功，没有提取出行程
13	如何办理机票快递？
12	可以携带多大容量的充电宝
1	如何调整已选座位
0	没有改退，显示非本人行程
4	忘记账号
1	我要取消值机，怎么操作不了呢
4	我添加别人，为何显示格式错误
12	托运可以带洗漱用品么
13	登机牌是什么
1	如何选择座位
1	何时开始选座
17	你好在吗
1	怎么预约值机
1	我要如何帮别人值机选座
14	如何查以前的行程和行程单
12	野营灯可以上飞机吗
0	我怎么查我已经购买的机票信息？
1	预约的座位后来变成了锁定是什么情况
1	不能取消值机怎么办
1	想添加家人信息如何添加
8	有人工客服吗
20	未满十六周岁乘机
5	登机婴儿需要哪些证件
1	如何确保一家三口人坐在一起？
1	孩子不能值机吗
10	为什么添加常客卡总是显示请求失败
11	查询机票
12	坐飞机可以带多少毫升洗发水？
5	哪里办临时身份证
4	添加护照信息有问题怎么办
12	飞机给自带食物吗
1	我的值机取消不了
0	如何提取2009年行程
12	你好，酒水托运
1	预约选座记录
1	为什么我不能值机
1	怎么帮别人选座预留座位
6	接送机订单如何取消
20	贵宾室
12	带化妆品的规定
4	手机值机为何收不到验证码
20	大理机场大巴
7	我已有17000左右里程了，可以用里程的换升仓吗
1	你好，我的座位为什么无缘无故改了
12	托运不能超过多少毫升
15	联系保险公司吗？
1	已打登机牌如何取消值机？
0	如果我用的护照买的机票我这个上面会显示出来吗
15	托运，行李被打开，丢了东西。
15	我早上的航班是否改过时间
12	橄榄菜可以带吗
1	为啥值不了机
12	50毫升的铁皮补水喷雾可以带上飞机吗
1	怎么手机上我选不了座位
8	人工客服？
15	Qq群没人加我啊
19	你看吗？
11	从哪个地方买票？
12	首航行李超出7kg怎么办
1	我需要重新预定座位
1	紧急出口选座
1	我自己不飞的情况下，可以帮别人值机吗
7	升舱订单怎么退
13	可以使用此软件取登机牌吗
14	帮忙把5月份的行程单邮寄给我
3	请问春秋9c8667明天是不是延误？
11	你好，可以帮我看下机票有没有买成功吗？
1	16号的飞机几号开始选座
12	网上值机如何托运行李？
15	买的广州到成都，现想改深圳到成都？怎么办
15	怎么查我下载的版本是不是新的
12	航空公司一个可以带几个行李箱
14	打印报销的机票信息
1	如何给未成年子女值机
4	怎么查询已添加的证件信息
8	你好，可以打人工客服吗？
11	订完票怎么不出订票信息
1	座位信息在哪
11	小孩要买票
4	一个手机号只能认证一个证件吗
8	请问，国航美国客服电话？
8	客服电话是什么
1	我想给同行人在线值机
1	我想问一下明天的ca409何时可以办理手机值机
1	为什么手机值机选的座位跟登机牌上不一样
19	拒绝
12	网上值机可以行李托运吗
13	如何办理电子登机牌
1	为什么添加同行人值机显示不是本人不可值机
12	可携带的酒
12	请问由重庆飞北京航班可以托运酒吗
1	同行人值机数量限制
13	电子登机牌怎么登机
15	航班显示已退票
1	请问付费选座订单在哪里
1	东航飞机无法添加通行人选座
17	在不在
8	天津航空公司的客服电话多少
15	飞机晚点了
1	机舱安全出口一般在多少号
15	6月24日 CA1252飞机 西安飞天津  飞机上有餐食吗
15	购买餐食
1	你好什么时候可以选座位呀
15	行李托运最晚什么时候
14	我的发票什么时间能开好
4	我以前注册过，因更换手机了，密码也忘了，怎么重新注册或更改手机号？
4	多次认证均失败，怎么回事啊
0	去哪儿买的机票这里不会显示马上
0	我在香港国泰航空定的机票在咱们行程里没有显示
14	电子登机牌能报销吗？
15	改签机票需要补差价嘛
8	机场电话
8	青岛流亭机场电话
4	别人绑定我身份证
15	可以提前一天取登机牌吗
0	问下为什么我的国际票行程不显示了
12	化妆品登机限额是多少
19	垃圾垃圾垃圾垃圾
5	订票证件
12	行李箱多大的不用托运
19	投诉你！
14	可否自己打印电子行程单
15	提前订餐
0	怎么查航班
7	怎么升舱
12	可以带乐器上飞机吗
1	CZ3712为什么不能手机值机呢
1	问什么海南航空的无法值机？
15	行程积分兑换里程，有机票吗
1	选座被取消了
14	电子发票事项如何处理
13	选座后的二维码是否是电子登机牌？
1	我想查下孩子的座位号
12	行李托运怎么收费
4	忘记以前的账号
1	航班取消，如何取消值机？
1	我的客票号15位
4	Hi．我的护照怎么能关联上啊！
5	你好，购买机票是用台湾通行证，办理手机值机时只有护照和港澳通行证选项，请问要如何选择填写证件？
1	一个账号能给多少人值机选座
8	航空电话
4	为什么旧护照和新护照不能同时通过认证？
12	防晒喷雾可以托运吗？
1	我已完成6月4号的，为什么还是不能预约9号的值机？
0	为什么我在携程购买的国外航空公司机票，行程里没有显示？
1	带婴儿怎么值机
12	请问托运行李里能带3斤液体不？
15	怎么升级pro
15	头等舱是免费改签吗？
1	座位信息找不到
19	无语😓
1	春秋航空公司的航班可以办理手机值机吗？
0	我个人原定的机票取消了，但是我在你们app上帮其他同行人预定的座位，现在我看不到信息了，怎么办？
17	亲亲
12	超重提前买
20	托运行李破损
11	预订机票怎么办理
12	喷雾能带上飞机吗？
11	如何查询是不是联程机票
20	孕妇
1	如何删除他人的值机信息
20	重庆江北机场T2停车收费标准？
0	你好为什的我未来的行程没有显示
6	接机服务发票开不出来
4	你好，我名字变更了信息显示不出来
15	飞机延误我需要按正常时间办理值机过安检吗
0	查询航班hu7232
9	我想问下中转不是同一班飞机要取两次票吗
15	我上两天换了那个2011以后的行程
1	在哪里预选座位
1	明早7:55从银川到重庆的航班CZ8048为啥不能在手机上选座
0	未来行程删掉了，怎么找回
11	怎么在上面订票
1	我可以为同行程的其他人值机么？
15	北京遗失物品电话
1	如何更改常用联系人信息
1	Cz3532值机
4	我要更改认证人的身份证号码信息
11	我是第一次使用纵横购买机票，请问操作流程是什么？
0	提取行程没看到
15	航班取消，会提前通知吗
0	我的aop显示有一张机票，但不是我买的。
0	别的app导入行程
1	常用联系人在哪里
4	护照信息怎么添加？
0	为什么行程没有显示
1	手机取消值机了以后，还能在机场去办理吗
14	怎么开发票
5	有快捷登机牌可以不永身份证吗
15	手机办理值机提前多长时间
1	怎样选座位
0	这个软件怎么越来越垃圾了，国际航班不显示，国内航班也不显示
1	取消的办理值机手续。
15	如何改签机票
4	怎么删除认证
0	app不能顯示我的行程
1	怎么删除已有常用联系人
1	请问，国际航班提前多长时间可以手机选座直机
11	怎么不能定票？？
12	行李托运有质量限制
15	取消订单
5	儿童未领取身份证怎么验证身份呢？
4	您好，为什么认证总是失败啊
1	明天上海浦东到台湾高雄的HO1315航班，为什么不能手机值机呢
15	什么时候确定值机
1	为什么，手机值机不了
1	怎么使用手机提前选座
0	怎么看已买的机票航班信息
1	可以修改乘机人吗
14	怎么关掉航旅纵横给我发的乘机凭证
4	添加认证输入身份证号为什么总显示格式错误
11	怎么订票呢？
15	如何进入空中模式
6	接送机服务
1	选座上面有锁的图案
0	为什么绑定了护照显示不出行程
1	那如果我想网上值机呢？
1	您好，我帮别人定的机票，在航旅纵横上通过证件等信息可以办理值机吗？
11	如何查询机票信息
1	航空公司客服已经联系过了，因为是在航旅纵横app上值机选座的航空公司那边无法解决只能联系你们的
15	如何用里程兑换机票
0	如何查看我下一个行程？
15	登机时间
8	没有客服电话
4	变更姓名
1	无法办理值机呢
4	我都没有注册过、为什么显示我的信息已经被注册了
1	可以查朋友的座位马
0	您好，我无法添加我的行程
1	我的航班显示保护中
12	电磁炉可以托运嘛
1	预约选座 可以往返航班都选吗？还是只能先选去的航班
1	为什么我预定不了位置
1	坐飞机的注意事项
5	你好什么没在身边可以办临时身份证上飞机吗
1	我的飞慕尼黑为何值不了机，说不是本人手机号？
0	手动添加了行程，一直没有通过
4	身份证有字母
1	在哪里选座
14	请问邮寄飞机票和行程单需要邮费吗？
0	为什么我提取不出行程
12	境外行李托运限额
0	2016年之前行程可查吗？
9	经停需要下飞机吗
1	值机取消
1	暂不支持手机值机，是啥意思？是时间没到还是不允许手机值机？
8	有人工服务吗
11	怎么预订国际航班
1	不能取消座位
15	天气
1	怎么给儿童选座
13	手机值机需要打登机牌吗？
1	替别人值机
12	你好，去广州托运行李20公斤，对托运行李个数有作要求吗？
20	我有衣服忘在飞机上了？是否过几天能拿的回来？
14	托运行李后，发票在哪里打印
1	瑞丽航空可以在线值机吗？
1	为什么选座选了两个人只看到了一个人的
12	100ml不透明的防晒霜可以直接带上飞机吗
1	“您无权查看该信息，乘机人已开启行程保护”
0	能帮我查下订单出票没吗
11	预定机票
2	我想问，刚刚兑换的口令，为什么过期或不存在
1	取消值机对该航班有影响吗
15	怎么购买延误险
1	怎样把儿童设置为同行人
1	托运注意事项
14	如何邮寄行程单
17	Hi
11	这个app在哪里买机票
12	行理怎样托运
4	你好 我要删除认证证件信息
1	如何多人选座
11	怎么样订机票？？
1	如何为家人值机
0	没抢到会有行程吗？
4	认证提示认证格式错误怎么回事
14	我要查，我前两天出行机票的发票还没有收到
1	你好，值机值不了，页面刷不出来
1	怎么帮随行的家人办理值机呢
7	这个可以升级仓位么？
12	行李箱大小有要求吗？
1	我可以为家人办值机登记？查询家人的电子客票号吧
1	值机预约
15	怎么预订素食餐
12	我想问行李托运是下飞机之后就可以拿吗
9	如何直接中转
8	怎样联系航空公司呢
1	选座时，带锁的，是没法选的吗？是需要付费才能选吗
0	怎么看不到机票和座位？
1	没有13位电子票号
1	我帮别人在这软件选座位怎么弄
12	20000毫安充电宝可以带么
1	我明天的行程为什么不能值机
13	有电子登记牌了 然后想打印纸质的登机牌可以吗
12	如何网上购买托运
1	儿童票不能提前手机值机是吧？
0	为什么看不到行程
12	充电榨汁杯可以上飞机吗
1	我要选座位，如何填加我孩子的身份，我填加成功了，孩子没有
1	值机不能添加同行人吗
15	飞机延误多长时间才给予理赔
12	托运能带多少斤
1	取消我的值机
20	刚出生的婴儿能乘飞机吗
15	行程兑换
4	认证身份证和名字有误怎么办
1	如何选座
0	行程里为什么只有2017年2018年的，没有2019年的
1	为什么两个月前选的座位被占用了
15	FM9451昆明长水14点飞上海，机上有配餐吗？
20	怎吗才能到vip休息室
1	请问如何进行手机送座，谢谢！
15	啥时值机
11	我要定烟台-北京7.26去、8.8回的往返机票，怎么操作不下去了？
12	托运行李怎么弄
12	在线值机了可以托运吗
12	行李两件，怎么算重量
15	飞机延误
4	为什么我的身份证认证不了
4	這個app可否添加香港特區護照
15	最晚什么时候办托运
1	为什么有的航班不可以提前预约选座
12	国际托运行李重量？
15	怎么退票
12	东航的随机行李体积
15	提前多久停止登机
12	行李托运，随身带上飞机有何要求？
8	服务电话有没有
12	200ml的洗发水能不能带
8	客服电话多少？
5	身份证丢了可以坐飞机吗
9	请问怎么知道自己的航站楼
0	请问可以添加没被提取的历史行程吗
1	可以用手机选座位吗
1	机场停止办理值机
0	8年前的飞行信息能查到吗
12	托运行李注意事项
10	常客卡被冻结后，多久才能重新添加上？
12	可以带电动剃须刀吗
1	拿完登机牌就可以安检了吗
12	可以带锂电池吗
4	不是上传护照编号就可以自动提取了嘛？
15	飞机晚点了，还是按照计划起飞的时间过安检吗？
1	怎么可以选座
1	本人可以为同行人选座位吗
1	怎么取消行程保护
2	都六月一日了也没结算呀！骗人的游戏
15	我能把10月1号的飞机票改签到明天吗
14	问下怎么开电子行程单
1	常用联系人怎么找不到
12	花露水携带
1	网上值机之后取消，会有影响吗
0	我订的国泰航空的机票怎么没有出现在行程中？
1	在哪里添加同行人呢
0	我的行程没有出现在订单中
15	加了QQ 没反应
1	春秋的无法网上值机吗
0	春秋航空的航旅纵横为什么不显示，没有合作关系吗？
1	选完座可以改吗
15	错误代码3121
12	可以带蓝牙音箱吗
13	电子机票在哪里
1	你好，请问怎么在你们平台上选择座位
1	值机无法增加同行人
12	电池容量20000mAh，额定能量74Wh/3.7V，这样的充电宝能带上飞机吗
4	认证怎么不能通过
15	飞行中可以打开蓝牙吗
1	航班取消，改签需要取消值机
12	托运对液体的要求
1	你好为什么我的预约值机操作不了
12	请问参团境外游可以网上选座吗？怎么选？另外自热饭可以带上飞机吗？
8	客服电话是多少号
13	如何打印登机牌？
12	随身携带香水有限制吗？
1	我要改预留坐位怎么改
6	我的接站车如何付费？
0	为什么12年的查不到。
11	为什么我购买不了票
1	为什么选座后会变更座位号
13	登机牌可以补打吗？
1	小孩怎样与大人一起值机？
15	已经试过多次，错误代码108
0	我为什么查不到我明天出发的信息呢
0	国外航班不会显示吗
13	一般出什么时候能出电子登机牌
12	柏林到北京托运行李限额
8	怎么联系客服
15	联程票的行李如何中转
0	我的行程没有更新
12	如何办理行李托运
15	怎么看自己机票是否含餐？
20	老人行动不便，要租轮椅
1	怎么自选位置
1	婴儿能不能在航旅纵横App中办理值机？
12	托运限重多少？
1	为什么值机选座显示开启保护
12	请问 在这个APP值机后 到机场还能办理托运行李吗
1	如何帮儿童选座？
11	刚好满两岁的宝宝如何买机票
12	火折子可以托运吗
4	删除 姓名：张二愣 证件号：524683569856981452 删除原因：此身份证非现18653102101手机号机主，影响我绑定身份证号
1	带两岁半小孩可以手机选座不
15	今天Gs7886航班取消了吗？
6	怎么取消接机订单
15	怎么查签证到期时间
13	用航旅纵横APP给自己和家人选座值机，生成了一个二维码（登机牌），我们还需要换纸质登机牌吗？这样一个二维码，可以让我们同时过安检和登机嘛？我们不需要办理托运。
1	请问今天的值机信息为什么一直没有收到
15	航班晚点凭证
0	可以帮别人查看飞机票吗
12	洗发水可不可托运
0	很多航班没有显示
5	临时身份证明
1	取消值机后还可以从新值机吗
3	春秋的航班不能自动搜索到吗
14	我近期的飞机发票去哪里找？
13	如何打印国航登记牌
0	订单在哪里可以看？
11	如何订瑞丽航空的机票？
14	发票什么时候寄过来给我
12	行李箱可以带上飞机吗
14	你好！我需要提供机票报销
12	针线 剪刀可以托运吗
7	你好 我有一万多行程，请问可以升仓吗？
5	珠海金湾机场怎么办理临时身份证
14	怎样用航旅纵横打印机票票据
15	怎么分享航旅纵横
0	我行程没显示？
1	预约值机什么时候成功
1	怎么提前预约座位
1	取消值机后能重新选座吗
2	旅豆能换什么
12	彩妆可以带上飞机吗
1	SC航班什么时候可以选座位
20	钥匙丢在飞机上了
0	可以添加多个人查看行程吗
11	我们公司订的机票我现在个人买能买上同一个航班吗？
0	没有我的订单
12	行李若超重了怎么算
1	为什么我不能办理值机？
1	怎样帮同行的人添加到航旅纵横来
1	办理多人值机
0	亲 我新添加的航线经常没有在航线图上显示
4	我的认证证件不小心改成了孩子的名字
0	如何显示以往全部行程
1	我想换座位
4	我要用原有手机号重新注册
1	你好，可以帮别人值机吗
1	你好，儿童和成人一起值机怎么操作
1	最多几人同行值机
15	我办了延误险，飞机延误了怎么弄
12	可以免费托运多少重
12	20寸旅行箱能上飞机吧
0	我买的泰国航机票，为什么没有显示呢
20	地窝堡机场停车费怎样收取
1	选安全出口前面的座位
13	已经办理电子登机牌
1	软件一般在起飞前多久可以选座
11	为什么不能买机票
8	你们电话是多少？
15	可以开飞行模式不关机吗
12	护肤品150ml 可以托运吗？
0	出现不了历史航班信息
8	大庆机场电话
13	如何打印电子登机牌
1	常用联系人界面在哪
0	您好！我本人7.15 号没有安排航班旅程，是不是弄错了……
0	我已经支付宝快速认证，为什么看不到行程？
4	姓名和证件号不符怎么修改
0	可以查询他人行程吗？
4	认证的名字错误，需要取消重新认证怎么办
1	为什么我不能选座位？
12	1斤蜂蜜能随身携带上飞机吗?
1	为什么不能帮助同行者选座位?
15	中转旅客要领取托运的行李再托运吗
1	儿童 值机
0	这几天我有行程吗
1	如何取消联系人
5	持有身份证的幼儿如何办理值机
1	怎么选择座位号
1	可不可以取消值机，重新办理
15	飞机延误了怎么办
12	首都航空沈阳到海口jd5222航班，没有免费托运行李，带行李怎么收费
15	儿童餐怎么预约？
15	国际航班多久停止托运行李？
1	登机注意事项
12	行李托运能托运酒吗
4	认证不通过
11	无法购买1630元的机票
1	第一次使用怎么选座位，没看到工具箱
19	我要你有什么用？
1	为什么不支持值机？
0	以前乘机选座记录
0	怎么查看全部行程
8	客服电话号码多少？
15	回复太慢。QQ群是加不进去。
1	我被莫名选了座位是怎么回事？
1	请问哪里可以选座
4	为什么微信认证不了
1	为什么不能替同行人选位置
4	账户注销
0	国际航班不会在行程中显现出来？
12	笔记本能托运吗
1	选座啥时候正式开放
4	我忘记了我的账号是什么
1	小孩在手机上能办值机吗
1	川航如何与儿童一起选坐
14	如何获取行程单
8	我需要客服电话
1	飞香港可以值机吗
0	亲，我的国际航班都没有显示
5	婴儿登机证件
12	手提行李限额吗
4	台湾通行证认证失败
1	值机如何取消
1	值机是什么意思
1	明天下午16:35呼和浩特飞贵阳现在可以选座吗？
4	儿童名字后面加CHD是什么意思
1	如何选坐
12	护手霜能带上飞机吗？
1	不能帮他人值机
12	国际航班随身携带行李可以带洗发水吗
12	电子值机后可否去柜台办理行李托运
12	飞机可以带吃的吗
1	婴儿要不要选票
12	客服姐姐，飞机上可以带行李包吗
0	手动添加行程确认
8	你们人工客户电话是多少？
12	行李箱托运费多少钱
13	已经办理完电子登机牌，在哪里找到
1	我用自己的手机替孩子购买了机票（北京至巴厘岛）怎么没办法值机啊？
12	助焊剂可以带上飞机吗
18	好的
0	如何通过身份证查询航班信息？
8	请问客服电话是多少？
0	怎么查别人的航班信息
0	验真服务
3	KN5911航班7月9号 有没有取消？
12	每人行李限额
3	航班动态错误播报！！！！！
13	电子登机牌在哪里
5	湛江机场临时身份证办理
13	哪里能看到电子登机牌
1	添加常用旅客
1	在哪里可以选座
5	兰州中川国际机场+临时身份证办理
1	选坐取消
1	在哪里加入同行人
1	取消选座
15	里程兑换
1	提前预约值机
4	这是我的登录名和注册手机号
1	我已删除以前的朋友，现在怎么就只能添加一位旅客
19	有毒吧
0	pro版怎么也只有一年的行程
4	我的账户绑定错了，怎么修改
14	补打行程单
14	接送机行程单
1	国际航班可以电子值机嘛
0	缺少行程记录
3	乌鲁木齐到阿拉山的飞机有没有 具体的时间有没有
0	怎么查看自己买的是不是里程票
12	火锅料可以托运吗
12	你好，小横，托运瓶装洗发水500ml，可以吗？
12	怎么向航空公司申请托运宠物
15	赠送延误险
12	最小的瑞士军刀能带上飞机
8	如何联系航空公司
1	飞机座位靠窗
13	如何查看行程支持电子登机牌
15	延误险怎么买
2	怎样查看已经兑换的口令
1	无法找到预定信息
17	你好。
7	如何使用旅豆升仓
12	化妆品可以带多少上飞机
0	为何我购买的韩亚的航班。。航旅纵横上没有显示
1	常用联系人管理
0	我的名字有做过更改，更改之前的航线记录怎么没有了呢
1	我们4人同行，为什么预约值机只能3人？还有一人怎么预约值机？
0	国际机票添加行程
14	行程单补办
12	可以带充电宝吗？
11	可以在这里买机票吗
0	国际航班查不到吗？
0	你的机票没有显示 为什么
1	改座位
1	15位的客票号怎么填写
19	出你媽
1	怎么帮同行孩子值机
0	你好！我没有订机票，怎么发信息给我
15	飞机什么时候停止值机
4	在哪里添加护照？
20	如果预约wifi
1	我买了去日本的飞机票，怎么选座啊？
15	航旅纵横飞行模式下拍的照片怎么找不到了，存在哪里了？
1	怎么没选座位了？
1	我要取消选座
4	我的证件怎么删除
12	有行李的可以网上选座吗
1	我要取消我的订座
1	我选的6D的位置是不是经济舱的位置？
15	身份证件丢失
14	个人乘机凭证
12	托运行李超重怎么收费
12	食品能托运吗
6	飞机突然降到浦东，我要取消约车订单
7	川航怎么付费升舱
19	这是什么回答
8	人工服务电话
1	值机怎么登机
12	请问生鸡蛋可以带上飞机吗
14	你好！能邮寄机票报销凭证吗
15	加你们QQ为什么，还没有通过
3	CZ6390航班延误到几点
15	机场雷达如何打开
1	为什么取消不了我的值机
1	怎样取消值机？
0	我能查一下我孩子的机票信息吗
0	请问怎么添加亚航行程
1	你好，我想问下我的航班显示是15号两点开放选座？为什么现在就可以选座位？
1	我一次只能办理两个同行人值机吗？
1	没过安检就不算办理登机手续吗
1	我给别人选座了
12	可以带雨伞托运吗？
1	航班取消后，取消选座
10	怎么办理常客卡
1	你好，为什么预约值机时只能添加除自己以外的两位乘客？
12	请问能带葡萄酒上飞机吗
12	可以几件托运行李
10	常客卡有什么用
7	我办理了升舱，怎么取消，有人工电话吗
6	神州专车接机司机联系不上，关机。如何退款？
1	怎样取消执机
1	不乘坐航班，可以为别人选座嘛
14	电子行程单在哪里查到
11	请问在这个APP上可以购票吗
4	证件已被其他账号注册
1	为什么我无权查看自己的信息 为什么提示我开启了行程保护
1	想取消预留座位如何操作
20	遥墙机场过安检后里面有吸烟室吗？
9	东方航空长沙飞上海，再从上海转机到日本，需要出机场安检再从新进国际航班吗
1	自动选了座位
0	13位电子客票无法提取行程
4	认证的护照姓和名写反了怎么改
15	你好，儿童乘坐飞机已在航旅纵横上值机，柜台打印登机牌有没有截止时间？
0	如何查询别人的航班信息
3	不能买长春到北京的吗
15	网上办理值机后晚到机场有没有影响
15	没有找到我拍的照片
0	如何退升舱
1	为什么我不能取消座位
1	怎么添加儿童乘客
1	请问为什么我不能网上值机
0	可以查询别人有没有订机票吗
4	我的证件被其他人认证，我认证不了，怎么办？
12	违禁物品
20	不支持婴儿票的在哪里购买
1	如何或许随行人员值机信息
1	自己的行程不能选座
1	如何提前预约座位？
15	可以提前多久打印机票
1	提前多久能手机值机选座
11	如何确定是不是联程机票
0	为什么没有显示国际航班？
0	我的2017年行程为何显示不出来？
1	你好，我已经办过值机，孩子四岁半不能单独办值机，请问，孩子的怎么添加上？？
1	如何在APP里添加孩子的信息
1	如何取消预约座位
11	港澳机票查询
1	先安检再行李托运吗
1	网上选座最多同行人是几个？
1	座位怎么选
1	快速选座功能在哪
1	怎么帮同行人选座
0	证件认证过后，怎么还是不显示行程呢
8	你们人工客服电话是多少
1	你好哦 我想换一个位置
4	新护照怎么无法添加
1	非本人行程不能值机？什么意思？
13	打印飞机票怎么办理
14	如何更改登机凭证邮箱
12	无免费托运行李的航班，托运行李是怎么收费的
14	乘机证明无法获取
11	如何帮其他人买票
1	我想为我同一航班的朋友一起选座，怎么操作
1	我怕我赶不上飞机了怎么办
12	春秋航空经济舱登机箱尺寸
1	首都航空可以在线选座吗？
0	没有买机票，为何显示登机提醒！？
1	国航的航班，儿童能办理值机吗
1	姓名没有问题 但无法办理值机
4	身份认证那个手机贴近为什么不行
17	晚上好
11	大龄老人如何买机票
13	手机值机，有电子登机牌还可以打印纸质版么
12	香皂可以带吗？
1	怎么样取消值机
15	可以提前办理机票吗
11	怎么买机票
15	你好，怎么看自己机票有无餐
15	请问Pro版昨天开始一直显示服务暂时无法连接是什么情况
1	带婴儿选座有没有优待
15	显示该航班已取消
8	是人工客服吗
5	儿童带什么取栗
5	你好，身份证找不到了，可以使用户口本登机吗
4	请问如何更改电话号码
1	怎么帮人值机
6	我定的神州接机定单打不开
4	身份证消磁能坐吗
20	今天孩子生日，坐飞机有惊喜吗
19	天呐
1	第一次乘飞机的流程是……
0	我给小孩订票，小孩的行程怎么看？
0	飞行轨迹怎么找不到了
0	为什么现在没有短信提醒通知了呢
1	怎么选座？
14	增加行程单
12	瑞丽航空手提行李要求
19	立刻投诉
15	飞机可以用蓝牙吗
15	限制访问次数
15	韩国过境需要签证马
1	办理值机总提示开启行程保护
4	我的手机号码为什么绑定的是别人的身份证，我没有在你们的网上下载过订票
12	白酒可以托运吗
14	报销发票在哪开
1	为什么我选不了坐往
15	如何查看照片
1	我帮家人买了两张票，我可以帮他们选做吗
1	在哪儿选座
1	如何成为VIP
13	如何打印登机牌
1	儿童选座
15	如何购买航班意外险或者航班延误险
4	其他人证件怎么添加
19	这样让人信任的出行订票的app怎么没有客服？问题怎么能够及时解决啊
4	为什么无法认证
0	如何删除历史飞行记录
1	我什么我没有办法给我父母预约值机
1	为什么我办理值机确不让我选座位啊
20	可以提前寄存行李吗
12	托运行李的重量？
15	出票成功无客票号
1	瑞丽航空可以在线选座吗？
1	取消值机无法操作
12	行李额怎么购买
4	亲，我的身份证有变动，我怎么更改
11	怎样订机票
1	取消座位，显示航空公司退款失败
5	出生证明
1	我在手机上值机了，到时候可以打印纸质登机牌么
1	1在哪个页面找？首页只有手机值机而没有手机选座。
15	机票能改签吗
0	怎么查看自己的机票
5	婴儿坐飞机带什么证件
15	所有航班值机时间
12	托运的行李箱重多少？
12	我乘座GS7898这个航班，托运行李是免费吗？
8	怎么能联系到乘坐的航空公司？
11	这软件有订票功能吗？
14	电子行程单最久多久下载
1	什么时候才可以选座
12	苏打水能放到托运行李里面吗
14	这是我的登机牌，我想要机票发票，不知怎么办理？
4	申请注销后多久有答复
0	怎么查预定的机票
15	同航班群
1	那为什么我朋友的同样航班是可以预约的
1	如何帮别人值机
8	有没有电话咨询
1	亲，在哪里可以帮别人预约值机
1	预约值机之后怎么操作
5	长水机场临时身份证办理
1	团队出国旅游，什么时候可以开始选座？
11	我买的7.6号的机票，把孩子的名字写错了，能否帮忙更改一下
11	订票
0	为什么提前买的机票不显示
0	历史行程无法显示
1	祥鹏航空班机第一排座位怎么选择
1	常用联系人在哪个界面
1	怎么手机值机
1	为什么票号输入都值不了机？
1	同行人信息在哪里修改？
15	MU551有午饭吗
5	机场能办临时身份证吗
1	您好，如何办理国际航班的值机？
15	KN2267这趟航班我退票需要多少钱手续费
14	你好 请问乘机发票怎么打印
14	怎么获取行程单
12	手机值机后可否去柜台办理行李托运
1	为什么国际航班不能在航旅纵横上值机？每次都提示认证？
4	怎么还没有认证审核完成？
0	pro查不到11年行程
1	请问如何取消值机
1	常用联系人在哪里添加
0	你好，问下春秋航空为啥在行程显示不出来
1	如果座位被锁定，应该提前告知，怎么还能让预选。
0	IOS pro版可提取的最早行程是多久以前的
1	航班取消了 但是没有取消登机
15	我换了机场雷达卷，但找不到可以打开的地方
12	蜂蜜1斤，不托运，随身携带，可以吗?
15	黑头铲可以去带上飞机吗
15	预约清真餐
1	如何为家人选座
1	您好，请问显示可以值机，但是点进去页面选择完座位之后显示选座未开放是为什么？
1	我预约过了，不小心取消了，现在也预约不了了
0	请问怎样查国际航班
20	目前已经离开机场，可否快递？
1	为什么我选完座  告诉我被占用 给我调到别的座位？
12	托运能带肉类吗
19	你们都是机器人吗？
8	请问你们的客服电话是多少
0	查看别人的飞行记录
12	行李超额怎么缴费
15	为什么飞机延误了没有时时更新
5	怎么办临时身份证
1	取消值机什么意思
1	您好，国泰航空公司登机牌找不到13位的数字购票单号，手动添加的行程是几年前的了，座位编号不知能否查出。
1	亚洲航空可以值机吗
20	东西在飞机上 忘记了
1	大韩航空可以在线选座吗
0	我买了一张新加坡去印度尼西亚的机票没显示
0	我乘坐的俄罗斯航空 为什么不显示
1	携带刚出生37的宝宝该如何值机
15	什么时候停止托运
1	手机值机后，能在机场换到纸质登机牌吗
1	手机选座在哪里
1	成人陪同儿童值机
19	这样做了还是不行
1	东航可以值机吗
12	100ml的水，乳，洗面奶可以随身携带吗？
0	为什么只能添加自己的行程？
12	行里超重怎么办
1	取消值机不成功
0	为什么没有2011年以前的行程呢？
1	怎么帮朋友跟我一起预约值机
11	请问：咱们航旅纵横啥时能在手机APP上购买机票呀？
12	一个人的行李限额是多少？
12	辣椒酱能不能带上飞机
1	带婴儿坐飞机选座
1	如何预订座位？不是值机
15	没有客票号
0	添加行程要审核多久
13	值机后怎样获得纸质登机牌
12	我要办托运 可以先在这手机值机然后再到机场办托运吗
12	路由器可以托运吗
14	我要开发票
12	真空泵可以携带吗
0	已出行的国际行程如何添加到我的航线图中呢？
15	可以预定儿童餐吗
4	护照中英文名字无法匹配
19	还是不会
18	好的，知道了，谢谢您。
0	为什么没有我出国的记录
1	泰国狮航可以值机选座吗
4	密码也忘了？
0	无法看到常用联系人航班信息
1	我巳预约座位成功，还需办理值机吗
1	我帮别人办理值机完
15	之前在航旅纵横中拍的照片在哪
4	这个版本是不是最新的？无法删除认证的护照
1	怎么办理选座呢
12	想问丽江飞西安天津航空公司可以免费托运行李
19	不行
3	我的航班为什么取消了
12	可以带两个充电宝吗
1	怎么样看座位
11	怎么购买机票
4	怎么添加其他证件
12	我办理了订位还能托运行李吗
1	如何删除常用联系人
0	怎么才能输入身份证号查询是否出票
1	不能添加同行人值机
1	能帮忙值机吗
1	我只有2个同行人呀
20	请问机场停车楼入口在哪
13	二维码在哪里
14	你好，我想打发票
15	怎么预定儿童套餐
19	我都急死了
1	值机时总显示乘机人已开启行程保护，这是为什么
12	最大号行李箱不超过20kg可以办理托运吗？
15	你好什么时候给我选的值机呀
18	好谢谢
20	血栓患者能坐飞机吗
1	为啥我手机值机选座点不了确定呢？
14	行程单为何没有打印
12	化妆品托运的话有没有什么规定呢
12	你好，请问飞机上可以带多少葡萄酒？
1	怎么不能添加同行人？
15	我在飞机上拍的照片找不到。
8	你们客服电话多少
15	改签
15	改签航班
4	我换新护照了 怎么修改？
12	自己买行李额多少钱
7	我的航班取消了，我临时升舱的钱什么时间退还
14	电子发票需要取票马
1	手机软件何时可以办理值机
12	你好，化妆品水乳液超过100ml 是需要托运么
3	Mf8215是延误了吗？
12	行李箱大小
19	晕
1	在线值机后如何办理登机手续
15	想要改签可以吗
10	常旅客卡密码
1	为什么不能添加同行人
4	儿童如何认证
0	我未来的行程没有显示
14	你好，为什么查询不到我的行程单？
1	航班取消值机取消
4	怎么注销账号
1	没有取消座位按钮
11	怎么查到我今天飞机票
8	你们没有电话吗
8	有电话客服么？
1	无法帮别人值机
1	国际航班能不能手机值机
4	你好 我的同事 束志明32030319620226001X 无法注册 好像不识别身份证号码 怎么办？请解决问题
12	登记行李箱是多少寸
1	怎么添加不了同行人
18	谢谢你啦！☕️
1	不支持手机值机
1	航班保护中什么意思
19	试过了不行
1	我取消不了值机
1	添加乘客
11	任何渠道买票都可以选座位么
14	报销凭证可以报销么
1	无取消座位按钮
15	丢失物品
12	超过100ml的护肤品可以托运吗
1	我今晚八点五十航班，怎么没有手机选座信息？
11	儿童怎么购买机票
0	我的二个未来行程均未显示？
19	你死了
12	可以不托运的物品有哪些
11	学生的机票也可以在网络上购买吗？
11	我的问题是机票验真
4	注销账户后多久可以申请账户？
11	不能点购买机票
4	我的护照需要更改
0	你好，我没有定机票呀？
1	福州到香港的机票不可以值机吗
11	怎么预订机票
0	我买的机票没有显示为什么
1	可以帮助朋友选择位置吗
8	客服人工电话号码
1	我要为别人值机 为什么没有+？
4	为何添加家人信息保存时显示证件号格式错误
4	我那个证件不是我的
15	申请了几遍群都没通过啊
7	如何帮朋友升舱
1	儿童票值机
4	440513199710024026 陈悦燕 名字输错
12	随身携带行李有重量限制吗
15	没有登机牌，需要保险
9	胡志明到威海可以一托到底吗
7	我买了机会升舱
13	如何获取电子等离散
1	选不了座位
14	行程单邮寄
0	行程不完整
1	选座位已开放，无法查看舱位图是怎么回事
1	为什么不解决取消座位的问题
9	我买了29日延吉（朝阳川）至长春CZ3605航班和长春至广州的CZ3605航班。两个行程为一个航班。我现在要在延吉上飞机，到长春还要下飞机重新安检吗？两个行程如何选同一个座位？
0	国际航班能查到吗
1	我选的6D的是不是经济舱的位置呀？亲
0	我的机票怎么查不到
1	想问问哪排不是靠着飞机机翼的
1	值机后可否更改座位
1	选座位怎么选
6	约车退钱的怎么处理？
0	怎么查询订票是否成功
0	为什么没有以前行程记录？
1	我不能手机值位
12	托运可带的护肤品化妆品有哪些？
4	怎样添加护照
1	为什么我办理不了值机
8	国泰航空公司服务热线
13	帮助别人值机后为什么会显示不了二维码
15	购买飞机延误险
1	国航儿童不能在线值机吗
12	飞机可以带手拿小风扇吗
15	关键是不知道电子客票号啊！单位统一订的票，你们后台就不能推送给我吗？
4	我自己更换了手机，之前账号忘记了，用手机号登陆，但显示身份证已被认证
1	红土航空为什么不能手机值机
1	都没有这些怎么坐飞机
9	请问TG679和TG944是联程机票吗
0	当地时间7月5日s7418纳德姆飞莫斯科没有添加上呢？
0	不是讲3个工作日内可以查询到2011年后数据吗？，咋过了这么多天还是只看到2015年后的数据？
1	南航为何不能选座
15	怎么开启飞行模式
1	该乘客的航班与已添加乘客不同
3	请问我明天乘坐的航班会晚点吗
1	你好，预留的座位如何确定
0	请问航线图为什么显示不全
1	怎么在手机上选择位置呀
15	特殊旅客服务
12	带上飞机的液体是总量不超过100ml吗
1	我是帮别人买的机票，怎么帮别人预约选座？
5	十六周岁以下的儿童可以用户口本登记
12	国内飞国内可以带多少条香烟
15	航旅纵横Pro的安卓版怎么安装
1	37  到45是机翼？
1	我为什么不能选座位
1	为什么不能办理值机
1	没有取消座位的按钮
12	无免费托运行李额是什么意思
14	行程单怎么打
14	你好，可以打行程单吗？
15	起飞前多久停止安检
1	你好一般什么时间可以预约值机
4	我的证件显示被其他账号使用，怎么办
15	兑换里程
15	托运和办理登机牌需要提前多久
0	别人给定的机票怎么查下来没有
15	加了QQ号一直没人接呀。
1	取消座位的问题
15	如何进入飞行模式？
20	摆渡车怎么坐
15	Dz6234在杭州t1还是t3
1	取消值机还可以选座位么
1	国航ca887值机后不显示行程
1	值机取消不了
1	怎么值机呀
5	儿童乘机证件有哪些
15	补登记里程
12	乌龟可以携带吗
12	坐飞机可以托运多少液体
13	电子登记牌，在哪里找到？
3	登机时间提示错误，导致我没有登机。如何处理
3	航班晚点值机时间后延吗
15	为什么总显示电子票号格式错误
1	怎么网上值机
15	国际航空安检时间
8	咨询电话
11	如何购买机票
1	您好，可以选位置不?
1	座位变更
1	为什么不能选座位呀？谢谢
15	HU7825 明天的航班取消了吗
0	添加行程没反应
5	护照乘坐飞机
20	圆通快递，长春市高新技术开发区三佳新村B栋109单元13514413309朱立春
0	怎么提取2011年的行程
12	我问下，我可以带两个行李箱吗
8	有没人工服务
12	手机值机后还能托运吗
7	订的机票如何升舱
12	国际航班行李限额
4	旧护照没有提取的行程。护照号：G40990668，姓名：吕颖，删除原因：已过期并已更换新护照。
1	小朋友怎么直机
4	我的护照不能绑定，为什么？
12	行李托运两个人的限额可以一起用吗
12	荷兰航空 托运要求
1	如何为4人同时选座
13	珠海金湾机场可以用电子登机牌吗？
20	机场贵宾厅
1	能否给山东航空的航班办理值机？
12	化妆品要带有ml标识的吗
1	选座无法取消
1	航旅纵横上只能选3个人的座位嘛
12	充电宝可以携带吗
4	你好 证件无法认证
1	你好我的行程无法取消值机
13	航旅登机牌在哪里？
0	提示非本人行程
12	vj605免费托运行李
0	国外飞国内查询航班
1	你好 我的值机作为发生了更改
1	什么是在线值机
15	怎么查询电子客票信息
11	7月11号去三亚的厦航的机票价格是多少？
1	还有就是在app上飞机选好座位了就是成功了吧
12	防晒喷雾可以托运上飞机吗？
13	儿童能网上添加登机牌吗
0	输入身份证能查航班吗
1	同航班怎么不能一起值机
19	你这个客服有鬼用
12	超重
1	你好！请问怎么选座？
12	可上飞机的行李箱多大
6	神洲专车发票开错
1	我能添加其他乘坐人员信息吗
15	怎么不能拍照
0	2014年的行程不能添加么
15	如何退机票
1	值机查询
20	请问，70岁以上老人乘机，需要提供体检报告吗
11	这个软件可以买票吗
4	我要删除旧护照，以便添加新护照，该怎么办？
1	添加同行人
20	泊车功能
4	如何删除自己的证件
12	你好  乌航  充电宝能带多少毫安的
12	洗发水可以托运吗
12	请问41寸的吉他可不可以带上飞机
11	如何查看机票种类
1	厦航小孩无法值机
15	若延误，怎么得到延误险赔偿
14	你好，想打印行程单是怎么办理？
12	笔记本电脑可以随身携带吗
12	烟和酒能托运吗
0	为什么我买的机票显示不了行程呢
1	我儿子的为什么不能值机
3	航班动态中怎样查询呢？
20	取消租车
1	帮别人值机后如何查看别人的电子行程单
15	怎么查询CA817航班动态就闪退
17	请问
8	红土航空电话
1	现在给我换的座位我不满意为什么取消不了？
1	为什么改变我的值机座位
4	我想添加护照为啥很不行啊
11	如何订机票
1	我未办理值机？为什么系统提示已值机？
1	为什么我选了三个座位，客票信息就只有我一个人的呢
12	洗面奶能托运吗?
1	怎样手机选座位
12	我的mu9911行程的行李限额
19	什么破软件
15	托运时间
1	为什么我的航班自动值机了？
15	别人代买的机票，可以自己付费改签么
11	怎样买票
1	我只希望取消选座
1	帮别人值机显示没有行程
12	飞机上可以带水吗
15	沈阳天气
1	怎样才是预约座位成功了？
0	为什么刚出行完毕的订单不显示
0	我朋友帮我买的机票该怎么查询
0	国际航班导入
15	安检时间什么意思
14	为什么我的行程单还没打印出来
0	如何查询别人的航班
20	婴儿出生多少天可以坐飞机
12	我的航班能否免费托运行李？
15	网上值机之后还可以改签吗
1	阜阳飞往昆明的飞机可以网上值机吗
12	国航国际航班免费托运行李重量
15	怎么订国际航班wifi
14	行李托运电子发票
1	你好！怎么取消值机
12	你好，两个人同用一个行李箱，托运限量可以叠加吗
1	.如何帮别人值机？
12	托运行李价格多少
1	预约值机了还需要手动值机吗
12	您好，我想问一下38寸的吉他能带上飞机么
12	国际航班46kg行李额
10	如何添加更改常旅客
12	可以携带几条烟
17	在吗？
15	您好，累计的行程可以兑换里程或者机票吗
4	怎样注销账号
14	乘机证明
8	换人工服务
12	防晒霜能不能随身携带
1	选座显示错误
15	电子票号怎么查
1	值机为什么没有台湾通行证这一选项
15	找不到你们的群
12	不锈钢筷子和勺子可以随身带到飞机上吗？
8	你们的客服电话是多少
0	可以查询值机记录吗？
1	手机从哪里选座？
1	儿童值机
0	别人帮我汀机票怎么查
14	可以打印电子发票吗
12	托运行李体积重量说明
1	航班延误，如何取消值机
13	怎么办理机票
14	查询行程单
20	吸烟区
12	电子烟可以带吗？
1	没法选座位
19	投诉
20	请问一下孕妇做飞机需要办理哪些手续
14	发票多久能到
15	伤残军人如何安检
1	你好怎么帮别人值机
10	怎么获得常客卡
1	查看座位
1	如何给儿童选座
8	请告诉我你们的客服电话
4	我注册后不能看到自己的信息，已经申请注销账号，重新登记，请速速通过审核，我需要选座。
8	你们的人工客服电话多少
13	用电子登机票时行李箱在哪托运
1	请问6月6日Dz6204航班，何时开始网上值机
1	靠近安全门的位置可以值机吗？
1	航班取消，已办理值机，如何取消？
1	取消预留座位
12	去阿拉伯，可以带头疼药，止痛吗？
1	多次值机失败，可以协助吗
8	有电话客服吗？
0	我没定过这个航班
1	UA089航班可以选座位了吗？6月12日纽瓦克-北京
12	真空抽气泵可以带上飞机吗
1	什么时候开放选座
1	我要取消手机 值机这项功能怎么操作。
0	之前的机票号如何查找机票已使用证明？
13	电子登机牌还用领取纸质的吗？可以直接过安检吗？
7	那我怎么取消升舱
1	她和主乘人不同行程，可以值机吗
15	行李转盘号查询
3	你好，问一个问题。我儿子的下周一个航班加拿大航空的从上海到蒙特利尔直航，加航官网显示是7月23日上海浦东16：50起飞，但在他本人的航旅纵横上显示是7月22日16：50。请问为什么是22号
1	常用联系人添加
1	只有一段航班，为什么看不见我预约的情况了
12	托运的行李可以带所有的化妆品吗
1	帮别人值机怎么取消
19	你是智障吗
12	充电宝可以放在行李箱托运走吗
0	为什么有的历史航班没有显示
1	你好，我想问一下，如果取消自助值机或者选座？
1	我要取消选座，取消不了
11	如何查询预定的机票信息
10	如何获取常客卡
12	托运规定
1	手机值机还会开放座位吗
1	怎么选座啊？
1	在手机上值机后还能打印纸质登机牌吗
1	ios怎么选座
1	怎么查看帮别人的选座
0	怎样查别人的航班信息
8	天津航空电话
0	想问一下我外航的机票没显示
12	携带物品要求在哪里查看？
0	怎么查不到航班信息？
1	网上选座位，怎样没有选座界面
1	我帮朋友怎么预约调座位
11	怎么查询保留机票信息
1	为什么儿童不能提前预定座位
12	飞机上可以带多少毫升液体
15	为什么没有电子客票好
1	带着70多岁的老人，订票时忘记选座了怎么办
1	我乘座的南航cz8243没有提前值机吗
12	手机办理值机业务后到机场是否可以办理行李托运业务？
12	请问：随身携带手机充电宝的容量有什么规定？谢谢！
11	如何购买机票？
1	为什么不能手机选座
1	春秋不可以手机选座吗？
0	这个行程已经完事了，是我早晨添加的，怎么还在待出行里面呢
1	在app上怎么选座位
4	证件认证失败
15	您好 怎么改签
1	自己的账号可以帮别人选座吗？
1	请问儿童可以手机值机吗
1	我又没有确定为什么给我选好的座位？
0	换了护照，之后的行程看不到
12	扩音器可以带上飞机吗
19	垃圾
12	托运行李液体
12	请问，托运可以带剪子，螺丝刀，钳子之类的东西吗？
15	从哪里看飞行多高
4	行程列表需认证才能看，我由于上述原因不能查看行程
19	有用吗？
8	你好，请问有没有客服电话
12	经济舱可托运行李多少斤
1	怎么查询其他人位置
1	航班取消，取消值机
1	非本人无法值机
1	怎么看挨着窗户
0	宁波飞澳门的航班怎么查询
12	液体可以带多少
15	去年买的票没使用，可以退吗？
4	总是认证失败，说证件已被其他账号占领
1	我是9号凌晨40分从上海浦东机场起飞到布达佩斯航班什么时候可以手机值机选座
1	无陪旅客
4	绑定不了护照
2	旅豆如何兑换
11	机票查询
1	请问父母能帮11岁孩子在手机上办理国际航班的值机吗？
12	托运对化妆品有没有什么要求
15	飞机延误了
20	打扰问一下。70岁，做过心脏支架的可以坐飞机吗
14	我要报销
1	预约值机在哪取消
14	6月20日济南到泉州厦航飞机，电子发票如何获取
1	更改座位
1	当前课票暂不支持手机值机
1	自动值机选座
15	你是谁做的
1	值机管理中为何找不到值机记录
0	改签了，怎么还没有更新
0	请问春秋航空行程无法显示吗
0	我最近订的机票查询一下
20	vip休息室
12	行李箱限额
15	飞行模式拍的照片在哪里
12	婴儿推车可以带上飞机吗
1	能不能预约2个人的座位
0	怎么看港澳行程
0	如何查询国际航班
7	我要升舱
1	为什么不能手机值机呢？
14	你好！我现在还能打3月份的行程单吗？
1	为何不能值机
19	会话失效
6	接送机开不了发票怎么办
15	我6月6日的行程想订素食，怎么定
8	有人工客服嘛
10	常客卡办理
15	找不到 所以问你啊
0	怎么查到我定的国际机票
12	从哪里买行李托运
14	取消发送行程单
1	怎么不能手机选座
1	取消值机不能取消
4	但他为满16岁.绑定的是家长的卡，请问这样怎么认证
1	如何添加联系人
15	你好，如何改签
11	能买机票吗
1	同行人中无法添加香港居民
1	怎么添加同行人手机值机
12	你好，乌龟可以带上飞机吗？
15	但预约选座点进去就显示网络异常
12	自热小火锅可以托运么
13	已经选好座的同行人，如何为其办理电子登机牌
12	防晒喷雾可以带嘛
15	怎么查询以往的飞行里程
0	绑定了证件没有未来航班
20	飞机上能不能充电？
3	能查询到谁给我买的机票吗
3	延误没有餐食吗？
14	请问，报销凭证是在机场打印还是发到登记的邮箱？
20	孕妇可以乘坐飞机吗
1	我怎么选靠窗位置
9	航班因天气更改到第二天，航班公司是否会安排当晚住宿？
12	能随身携带白酒上飞机吗？
5	您好，请问我在你们的网站买的酷鸟航空的机票，但是护照还有两个月到期，请问可以用新的护照办理登记手续吗
4	认证两天还未通过
1	要是一个人可以选位置吗
14	我的行程单如何获取
8	我需要联系人工客服
0	我的行程怎么没有体现
1	为什么没有查到可预约值机的行程
12	您好，我明天的那班飞机，是包含了午餐吗？是不是有20kg免费托运的，行李箱托运，不自己携带
12	电钢琴可以随身携带上飞机吗
1	为什么不能选择安全出口位置
8	客服电话是多少？
1	如何代他人选国际航班的座位
8	人工客服电话
12	熟鸡蛋可以带上飞机吗
1	航班处于保护状态
20	我可以去贵宾休息区吗？
12	中国国际航空公司国际航班行李限额多少公斤啊
0	我是想找手机App 航旅纵横上的行程列表-手添行程这项
0	亲 我刚注册完为什么一条飞行信息都没有呢
4	怎么修改卡包东方航空会员密码
4	添加新证件显示证件类型
12	你好！我咨询一下特价机票每人可以托运多少公斤，
4	能否帮忙删除我的一个认证
12	南苑机场行李有什么要求
12	电子烟能带上飞机吗？
0	任何查找以前的飞行记录
0	我想查我的机票动态
0	春秋航空添加不上
10	一般如何联系航司获得常客卡
12	怎么办理行李托运
12	衣服能不能带上飞机
0	我的机票信息都没显示，怎么操作啊？
11	如何帮朋友买票
15	请问以前的行程能补登里程或者积分吗？
0	为什么看不到国外的飞行记录
7	你好！请问我可为他人申请四川航空的升舱服务吗？
1	如何进入常用联系人
1	我的值机为啥老给我更改
1	我只想取消我选的座位，为什么就取消不了？？？
15	有小朋友一起，会有儿童餐吗
4	认证不了怎么办
4	后来就没理他了，为什么我的航旅纵横不能注册？
17	你好，有人工吗
12	国内航空行李限额
19	答非所问！
4	新证件无法添加，显示名称不一致
0	你好，机票改签你们的信息不更新吗？
20	飞机上可以用手机听歌吗？
12	腊猪肉能带上飞机吗？
1	找不到座位信息
15	为什么我查航班动态 就闪退
5	我没有身份证怎么办
1	我如何帮朋友值机
4	手机号丢了
0	你好，为什么证件号码一致，但是行程显示不出来
1	航班未开放选座
0	一年前的行程记录查询
8	转人工服务
4	帮我注销账号
4	如何添加护照
4	我的账户绑定错了，可以修改吗？
0	为什么春秋航空的，在我的行程里找不到？
1	为什么孩子值不了机啊
12	上飞机能带洗面奶吗
12	登机可以带充电宝吗 多大的
4	我的认证问什么失败了呢
15	你好，怎么查看飞机时速和高度
15	过了值机时间还能办理托运吗
19	白痴
15	直接托运还是需要提前预约？
11	不能在APP上买票吗
4	更改认证
1	请问学生没有持户口簿可以在这个软件上办理值机业务吗？
0	飞行轨迹怎么同步热力图
1	座位预约
1	8/7 MU5807航班为什么不能预约值机？
1	手机值机，我核对信息后确认，出现非本人行程，不可值机，这是为什么？
4	请尽快审核下该手机号码的认证，该认证是小朋友，还未办理身份证，也没有微信和支付宝，所以无法立刻认证，但目前航班已经可以值机了，想和爸爸妈妈位置选到一起。谢谢。
1	为什我的手机无法值机
12	托运对行李箱有啥要求
18	谢谢回答
15	保险单在机场的何处去取
1	怎么帮孩子值机
1	怎么选座号
1	选座橘色黄色
15	如何把航旅纵横APP推荐给朋友啊？?
15	更改语言
1	更换乘机人
1	是否能添加家人信息
1	我想要取消值机
1	网上值机后如何登机
4	支持认证多个人的证件那
15	能不能改签今天
19	不管用
20	我想问下首都航空在巡航状态下可以开手机吗？
6	打车发票问题
1	怎么添加乘客
20	老人第一次坐飞机需要注意哪些
1	儿童同行人为什么不能值机
15	客票监控
12	国际航班可以带杨梅上飞机吗
0	值机已成功，但是没有收到手机短信
1	我在app上值机，7月11日明天从上海飞北京的，现在行程变化要取消，但提示说是在其他渠道值机，不能取消，请尽快协助取消。
7	可以升舱么？
2	旅豆可以购买么
8	你们客服电话多少？
12	请问玻璃小瓶装的口服液药能不能随身携带，共计240毫升
12	飞机上不能带什么物品
1	网上订的座位A6、现在变A13啦、怎么回事？
12	请问尖头的镊子可以带上飞机吗
3	飞机延误可以晚点过去吗
1	17岁的孩子可以单独乘坐飞机吗
11	怎么购票
12	请问14号下午14.55的郑州到乌鲁木齐的JD5383首都航空行车可托运是多少公斤？
13	怎么去机场取票
4	如何上传身份证认证
0	你好，我的行程为什么没有啊
0	旅行团代买机票怎么查已购买
4	身份证变更姓名
1	为什么app无法值机
1	你好！请问：我是7月17日的机票航旅纵横已显示已值机是什么意思？
1	问下，可以替他人值机吗
1	手机值机为什么所有座位都不可选？
4	认证的姓名和身份证不一致
1	怎么给机票选座
15	安检24小时都有吗
4	居民身份证可以认证吗
17	有人在吗
20	80岁老人可以乘机吗
15	为什么值机一直显示网络超时
1	你好！请问7月16日海航7304航班什么时间才开放选座，目前我看到的信息是“航班保护中”。谢谢！
1	改签后同行人添加不了了
12	保湿喷雾可以托运
13	有电子登机牌直接安检就行吗
12	泡面能带嘛
1	你好，小孩的坐位怎么不能选呢
7	怎样办理升公务舱
0	以乘坐航班为什么显示还是未使用？
15	2019年已飞公里数
1	选座按钮没有
1	软件可以选应急们通道的座位吗？我怎么无法选择
1	在哪里添加替别人选座
12	可以带上飞机的行李箱
13	自动值机之后怎么取票？
1	您好！为什么孩子不能和我们大人一起选座？
4	可以注销账户后，重新注册吗
20	请问如何投诉机场办理登机牌工作人员
12	蝴蝶酥可以带上飞机嘛
8	客服热线电话
13	怎么看不到电子登机牌
1	我要选座位，能选两个人的吗
5	可以用护照登机吗？
12	托运液体有没有什么限制
1	由北京到伊斯坦布尔是土耳其航空，能提前值机吗
1	如何查看值机信息
15	open票是什么意思
8	东海航空人工客服
2	口令忘了，在哪里可以看到
5	12岁以下儿童需要携带什么证件登机
12	28寸行李箱可以托运吗？
15	查电子客票信息
3	拥挤率是什么
0	护照上的行程为何没有提取出来
0	春秋航空的行程找不到
1	如何帮别人取消值机
10	怎么修改会员卡密码
12	托运行李重量限额多少
1	可以在线办理值机吗
11	这里可以预订机票吗？
3	查询飞机几点落地
1	Z H9756航班取消，退票为什么还在审核中
4	证件已经被其他账号认证了
1	我在app上进行了值机手续，但是现在航班取消了，我现在在app不能取消值机手续，请问怎么办理呢？
8	川航客户电话
1	同时办理了五个手机值机，其中两个办不了，为什么？
1	手机值机的二维码找不到了
12	二十斤可以带吗
5	只带出生证明可以吗
1	暂时不能选座
1	可以帮别人值机吗
14	乘机凭证，发票
1	同行人修改预约选座记录
15	手机App无法正常打开
1	没有取消座位选项
15	穆斯林餐
1	请问，我的选座与登机座位不同为什么？
17	客服你好
0	我想问问，为什么我们从三亚飞日本的机票查不到
1	cz6184为什么不能在手机上值机？
0	为什么我收到，济南到丽江的航班订票信息？
15	你好我在软件上已经值机，是不是我赶飞机起飞前登机就可以？不用按照票上的时间？
14	报销凭证打印错了
1	一个大人一个儿童怎么值机
12	手机可以托运吗
0	为什么改签后的航班信息不显示？
11	我怎么在APP上买不了票呢
1	已选座位为何变动
12	防晒喷雾可以带上飞机么
1	不输卡号就不能选座吗？
12	iqos电子烟可以带上飞机吗？
12	水果店可以携带吗
1	保存保存同行人
4	添加旧护照
1	如何为同行伙伴选位
1	请问我想值机选座
5	有出生证明照片
1	手机怎么办不了值机？
0	为什么显示已开放值机 缺提取不到我的行程
12	请问充电宝登机规定
12	请问粉底液可以带上飞机吗？
4	如何更换认证
0	手动添加行程
4	认证问题，另一个手机注册，这个手机要登录，不行。另一个已退出，还是不行。
11	订机票可以吗？
12	飞机上能带哪些东西
20	机场停车服务为什么没有找到了
1	为什么只能添加2个同行人
1	怎样选座？
0	您好，查询2012年行程
11	如何订机票？
12	冻海鲜办托运怎么包装
12	带吃的东西能过安检不
10	添加常客卡什么意思
5	旧的护照的机票信息可以导入吗
12	行李不多可以不办托运吗
4	新证件无法认证
12	请问每人行李限额
0	如何添加春秋航空
11	查机票价钱
5	身份证丢失驾驶证是否可以登记
1	预约的值机被强制解锁换成别人了
0	我没有买这个从拉萨到重庆的机票，为何提示我已买票并马上起飞呢？
1	为何无法为他人值机
12	充电宝可随身携带吗
8	你们能说一下客服电话吗
12	化妆品能托运吗
1	帮别人值机
14	发票的单号哪里看的到
0	行程提取
9	联程换飞机吗
1	怎么看帮别人预约值机的内容
12	飞机能带水么
14	发票如何取得
12	公务舱托运2件行李不超过30公斤即可，对吗？
4	名字错了 怎么办
12	洗面奶能随身携带吗
1	小孩子不能直机吗
15	退机票
1	座位信息从哪里找来的
12	怎么添加行李托运？
1	如果取消值机，谢谢
20	孕妇服务
1	工具箱的手机选座卡片在哪里
12	可以带洗头膏嘛
12	你好，托运怎么办理
12	小米充电宝可以带上飞机吗
1	选座功能在哪
13	青岛机场可以用电子登机牌吗
12	带肝素针剂托运要医生证明是吗
1	怎样查询选好的座位
5	从国外回来乘坐国内的航班，值机的时候证件用身份证还是护照？
14	是否补打行程单
0	如何用航旅纵横查询其它人的航班信息？
0	你好，春秋航空怎么不显示
1	帮我查下我这班一个叫李梦涵小姑娘的座位在哪里
15	你好，怎么知道电子客票好
15	用航旅纵横拍的飞行照片在哪里找呀？
15	7月13日深圳去重庆的深航ZH9425需要申请一份素餐。谢谢
1	如何办理值机？
0	为什么我的国际航班行程没有显示
12	飞机上能携带的液体数量
12	国内航班，虾能不能带上飞机
0	我没有预定机票 为什么上面显示我有要飞的行程
1	网上直接座位被改了
0	我近期有没有订够机票
11	我想定机票
0	我想确认下我的机票有没有购买成功
1	然如果我预约的座位不想要，可以选择其他座位吗
15	app能否预定婴儿餐
4	新手机号被注册
12	可以带充电宝吗
1	如何联系航班值机
1	已值机航班如何查询
1	我选了座位为什么东航那边查不到
14	我的电子发票开错了，需要重新开怎么弄？
3	航班为什么会取消
12	请问冰鲜三文鱼肉带冰块能过安检?
1	选座成功提醒不
15	我的东西丢了
15	到南京禄口机场是T2还是T1
12	你好，儿童行李箱有限制多大吗
12	你好！七月二号，南苑机场KN2201次航班 行李限额是多少
8	航空公司电话多少呢
15	开延误证明
1	为什么不能预约选座
12	行李托运有件数要求吗
12	可以带多少行李上飞机
12	飞机不能带什么
0	联航如何查询行程
12	我从乌鲁木齐乘坐西部航空回重庆，没有免费行李托运，请问是怎么计费的
4	证件上姓名有错
7	那个升舱想退订
0	历史航班没有导入全
14	登机证明
4	身份证末位x
0	身份证号查询机票
13	随行儿童如何一起办理登机牌
14	请问乘机凭证为啥邮件不发了呀？
1	东方航空航班可以在航旅纵横上值机吗
13	您好，我的电子登机牌怎么看
1	我要手机值机说我自己开启了行程保护无法查看行程
1	安全出口座位
12	可以带多少条香烟上飞机
1	为什么无法值机
10	添加常客卡显示非本人常客卡怎么回事
1	如何帮别人预约选座
12	买行李额
1	如何为第二个航班预约坐位？
4	怎么添加其他人的身份信息
0	国际航空怎么看不到
1	航班取消如何取消值机
1	怎么帮朋友值机
0	咋样可以查询到自己买的机票
13	我的钱包在哪里可以找到
1	取消值机后可以再次值机吗
3	但是我找不到那个代理机票的点也没有时间到那个机场怎么搞啊？
12	护肤品有限制吗
6	我在app上存了500元机场接送服务的预付费，请问是神州专车吗？
4	你好，小孩身份怎么认证
4	修改密码
15	马来西亚可以落地签吗
1	CZ6123可以手机值机吗？
12	携带液体要求
0	离线看航线
13	添加到钱包
11	你好，请问搜机票为什么不显示票价？
1	值机没有座位
0	非本人航班
1	我要取消明天的选座可以吗？
0	可以查其他人的航班吗
0	国际航班没有显示行程吗？
1	同行的都能值机了，为什么我的不能，
12	膏状药可以携带吗
15	open票
15	已经买过票了怎么申请儿童餐
0	票退了还会显示吗
4	取消认证
0	行程已经添加成功
15	飞机晚点，值机时间顺延吗？
18	哦，好的
13	航旅纵横的电子登机牌去哪了？
4	证件信息更改
1	厦航办理无成人陪同登机方便吗？
1	为什么不能选座呀
0	我的机票信息怎么显示不出来呀，
6	接机的发票为什么一直没有发给我？
14	怎么打行程单
14	你好，这个发票是在哪里申请？
13	如何打印以前的登机牌
19	哪智能😪
1	可以为首都航空12岁小孩选座吗？
1	去香港儿童可以选座妈
4	如何更改证件信息
6	接机，自动取消为何不退款
15	航旅纵横和航旅纵横pro有什么区别呢
11	没有购票凭证，是电子购票单
1	儿童如何跟随成人值机
12	托运行李很麻烦吗？
0	怎么我有一个7月6号的行程没显示呢
1	航班取消 无法取消值机怎么办？
15	已经值机的机票能退吗
11	我购买机票
12	医用拐杖能上飞机吗？
13	武汉机场支持电子登机牌么
1	选座功能在哪里
4	添加的朋友电话号码如何修改？
1	我怎样选座位
1	儿童办理值机 怎么选同行人
8	请问人工客服电话
11	用护照能查到自己的机票吗
0	只知道身份证号，怎么查询是那个航班？
4	我要注销此账号
0	机票已出，为何没有显示
4	删除旧护照信息
12	重量
1	哪里预约座位
13	你好 请问值机了 就不要拿票登机了嘛
1	如何取消手机值机
0	我的行程只有2018年的，其他的哪里去了？
12	请问只有免费托运行李额没有免费手提行李额
12	直机禁止携带的行李
20	麻烦帮我预定3U8438航班轮椅
12	防晒喷雾可以携带吗
1	为什么值机取消不了？
1	明天早上从济南出发到桂林的航班，我为什么不能选座位呢
1	现在没法取消值机了吗
1	选位在哪？
15	照片在哪
1	同行人如何删除
5	重庆临时身份证
1	我为什么不能值机？
15	升级最新版本
6	接送机发票需要几个工作日开出？
0	为什么查不到2018年以前的航程记录呢
0	请问 我没有买越南机票 为什么会出现
1	航班保护如何取消值机
13	二维码怎么使用
6	为什么在航旅纵横定的接机无法开发票
14	电子客票行程单
20	八十岁的老人可以坐飞机吗？
10	常旅客怎么申请
0	为什么没有办法手动加入行程
4	护照英文姓名不符合
1	不能进行自己和同行人同时值机
15	open票如何使用
0	只能添加自己的行程吗？
12	化妆品可以拿透明旅行瓶装吗
1	我为啥选不到坐了喃
8	人工客服电话号码
1	选座位什么时候开放
18	谢谢！
1	已经预留了的座位，就不用值机了吗？
15	如果行程改变，已购的机票多久时间内可以改签？
4	账号注销
12	免费托运行李
12	充电宝可以携带多少毫安的
15	购买航班延误险怎么办理赔付
1	常用联系人在哪里？
15	请问怎么判断是否行李直挂
12	你好小横，请问西部航空PN6405航班的行李限额是多少？
0	我想问问这个护照信息输入为什么有些查不到航班
14	可以打行程单吗
0	怎么查看我的历史行程
15	国内航班一般提早多久到
1	如何在线选座位
0	无法显示我以前的里程
1	儿童办理值机显示失败
0	航线图没有显示我最近的行程
0	出现非本人行程是什么意思
4	我的账号显示重复认证，我已经提交新的信息到你们指定邮箱
12	手机放包里过安检要拿出来吗？
14	怎么打印有单位抬头发票
12	行李都能带什么
0	为什么我没有买机票，却提示我今晚有航班
5	小孩子做飞机需要带什么
19	做的什么界面 真难看 感觉一点都没有档次
0	为何有的航程没有记录
0	廉价航空添加行程
4	请修改认证的姓名
12	1.2米的行李可以托运吗？
1	如何添加其他乘客的信息呢
12	日本成田机场到上海浦东机场，能带几条烟啊？
4	如何认证？
18	哦
1	为什么小朋友值不了机呀
5	请问身份证过期几天可以登机么？
1	mu786不能办值机
1	首页手机选座在哪里
15	需要签证吗
1	这种情况怎么取消值机
1	小孩如何值机
8	回答不正确。你们有客服电话吗？
0	为什么我实名验证后没有往期的航班
1	网上值机完可以直接登机吗
12	隐形眼镜护理液可以带上飞机吗
4	乘机证件认证
12	相机可以带吗
1	已经预约选座，离起飞还有一天了，怎么还没有确定座位
12	新加坡航空托运一米二的行李
1	请问是每个航空公司都可以值机吗。
13	电子登机牌怎样获得？
1	航班被取消了但是值机状态没有被取消
1	航班值机尚未开放，为何同伴已预约选座我们不能？
1	国际航班想给两个人值机怎么办
4	你好，我问一下，我绑定护照的时候显示英文名字和中文名字不符合，是什么原因。英文名字不就是中文的拼音吗？还需要加什么符号吗？
1	你好。川航儿童可以手机值机吗？
12	25000的充电宝可以随身携带吗
12	电子烟可以带上飞机吗？不使用烟油的
20	行李箱托运损坏了怎么办
15	怎么进行里程兑换
1	你好，我已认证，但是我现在要给孩子选座位，
12	可以带多少毫升的液体去香港
1	靠窗位置
20	手机要关机么
15	经济舱有餐饮服务嘛
19	你们这个平台纯粹是骗子，我订的票怎么显示去哪网订的呢？
4	证件添加完了
0	旧护照 行程没被更新
6	有没有接送机服务
1	为什么孩子的身份证值机值不了？
7	升舱发票
14	未查到出行行程单
12	花露水可以托运吗
1	我想取消值机
0	请问如何用户照查询他人给定的机票
11	网上查机票姓名和身份证姓有误，怎么办
0	不是直达的航班为什么查不到
12	水可以带吗
12	充电宝111wh可以带上飞机吗？
11	可以订机票吗
13	你好，我之前在携程买的机票，补打登机牌，在哪里可以操作
13	有电子登机牌还需要办理纸质登机牌吗
4	有个身份证号码注册不了
11	小孩票价多少
14	您好，请把和我一起出差的同事牟德生的登机牌发给我一下，报销需要提供，谢谢
0	怎么帮别人用护照号查机票？
10	如何成为海航会员
1	如何添加同行人
1	部分座位锁定，无法选择
19	你好，回答我的问题。请你
12	行李限额是多少？
13	我怎么打不开电子登机牌二维码
15	什么时候可以取机票
14	发票一直不发给我
0	知道对方身份证号码如何查询对方预定的航班
0	国外城市之间的行程不显示在行程清单当中？
6	接机发票
0	为啥我有的行程看不到
17	您好在呢么
12	托运限重
1	你好，国际航班，手机选座不可以添加同行人吗
12	刺猬是不可以的对嘛
1	我选了四个人的值机
8	服务电话
12	可以带上飞机的液体是多少
1	如何取消帮别人选的座位
1	上海航空可以提前选座吗
15	改期
1	怎么提前选座
1	如何添加常用联系人
8	咱们客服电话多少
3	怎么看实时航班
12	祥鹏航空行李携带上机的尺寸？
12	托运物品有哪些限制
1	办理不了值机
1	我怎么给我的家人订位子
15	改签机票，飞机停飞故障，从新订票，这费用谁承担
8	客户热线多少
1	儿童值机怎么办
11	机票搜索不到
9	什么联程机票
1	你可以帮我值机吗？
11	机票名字错一个字
1	您好，我的值机办理成功了吗
12	乘飞机可以带小孩推车吗？
1	你好，现在提前一天不能值机选座吗
4	怎么把帐号注销掉呢
0	我明天从烟台飞上海的机票，没显示
12	请问，白酒可以不托运了
1	明天的航班，今天办理值机，提示没有两天内可以办理的行程。
1	我想知道我的四张票，三张都可以选座，只有一张不能选座是为什么？
1	买了机票，怎么选座
20	东西忘了拿，在飞机上
12	退热贴可以带上飞机吗
1	我已经买了值机，托运还可以办理吗
1	预约选座被占用
1	如何手机选座
11	航旅纵横卖机票吗？
12	你好，请问一下，要托运可否手机上值机
1	在哪里选择座位号
1	儿童选座怎么选不了啊
12	20000毫安的充电宝可以登机吗
11	能帮我查到机票吗
0	航班的状态链和一周航班正晚点的情况怎么查询不到了？
1	找不到常用联系人
4	用户名及密码忘记，无法认证
4	护照认证时姓名填写错误如何修改
15	里程补登
0	行程添加
15	∴长春深航在哪个航站楼值机？
0	行程审核需要多久
19	不对
1	你好，我在系统里要值机选座，系统已经替我选了不能改。座位不好，我要重新选
8	北京东航vip休息室电话
5	大理机场+临时身份证办理
1	带婴儿能手机选座吗
13	如何分享电子登机牌
15	可以向你查询电子客票号吗？
1	前几天帮我和其他两个人，三人一起预约的座位，为什么今天就看不见了
0	印尼鹰航的行程为什么导入不进去
12	打火机可以带吗
1	工具箱手机选坐卡片在哪
15	如何切换离线模式
10	常用旅客添加
0	今年3月的飞行记录怎么也没有
12	不准携带物品
12	可以带化妆品嘛
4	如何修改认证信息？
0	联程行程查询
1	没有看到取消座位按钮
1	我已预约座位，还要值机选座嘛？
17	好
1	从哪了选座位
1	系统提示今天早上6点开放选座，为何到现在都不开放
8	客服人工台如何联系
1	怎么选座位呢
1	请问可以给别人值机吗
13	航旅纵横上预定的机票如何取？
5	长乐机场临时身份证办理
12	化妆品可以携带多少毫升
14	在哪开电子发票
12	这个航班可以免费小行李箱吗
1	今天下午航班，昨天乘机人已经在你们这个app上确认好的座位了，但后来又接到更改座位的信息，前后相差10排，所以特别着急要解决这个问题
1	如果取消值机 会不会影响上飞机
1	为什么预留的座位被别人抢了
0	我购买了两张机票，怎么只显示一张
13	加入钱包
1	儿童怎么值机
13	怎么查看电子机票
11	机票验真
0	之前的行程还可以导入吗
1	13:05从太原飞往珠海的航班怎么没不开放选座位呢
12	5V两万毫安的充电宝能带上飞机?
1	请问波音738飞机什么位置是安全出口
0	我有行程没有显示
8	龙嘉机场电话
12	带动物
1	为什么查不到手机选座
13	你好，我们是川航，刚刚给孩子办理了手机值机，孩子的登机牌是不是只能到柜台去打印，不能用自助机器打印啊？
0	你好我刚刚出票，为什么现在还没有行程
1	飞机机翼在什么部位？
1	南航cz8371不可以吗？手机值机
12	托运狗狗多少钱
1	航班不能值机
1	开放选座时会给消息提醒吗？
4	我刚才操作失误，证件需要重新认证，麻烦帮我取消现在的证件，那个是我爱人的名字
12	托运不能超过多少
12	选座位后，能办理托运吗？
1	帮我取消HU7505的值机
1	如何值机国际航空
12	cz3467可以随身携带行李多重
4	如何添加其他人证件
15	我想问一下到时候我兑换了口令后，怎样可以提取以前的行程
1	如何成为会员，选座可以选最前面的
0	如何查看小孩行程
12	可以带白酒？
14	行程单怎么打印？
14	发票怎么打
6	从贵平台下的接机服务，但是车没有按时出现，现要退费，怎么处理？
13	你好，荔波机场不支持电子登机牌，那机场有值机柜台可打印登机牌吗？
7	我怎么帮朋友升舱
0	在哪里可以查询自己的机票
0	你好，我预定的本月26日从澳大利亚黄金海岸到墨尔本的航班为什么没有显示？
12	瓶装白酒可以托运吗？
0	我要如何查询我男朋友的航班
