1	手机值机几号可以？
1	帮他人选座
15	你好   我四月十四日由青岛飞香港、再由香港飞伦敦 ，怎么没有积分
15	工具箱在哪
0	护照查询机票
15	去英国，有什么注意事项
8	人工客服电话
17	你好在吗
8	人工服务
1	Cz3532值机
1	怎么删除已有常用联系人
15	我在这界面上传照片的时候却上传失败，且说网络繁忙，但我手机却又连了网的，请问是怎么回事？
15	票号在哪里
15	可以支持微信支付吗？
5	身份证过期怎么办
1	我在手机里为家人买的飞机票怎样可以帮忙选座位呀？
15	成绩证件
12	港澳台托运需知
12	防晒霜可以带吗
12	飞机不能带什么
15	如何获取电子客票号
15	二维码登机
0	怎样帮别人查他坐的航班信息
1	为什么明天起飞了还是选不了座，说没有航班信息
12	可以带化妆品嘛
1	为什么我直机不了
1	川航如何与儿童一起选坐
15	航线图
15	奖品收件地址修改
15	飞行旅程
15	办理里程卡
15	选座位
11	儿童无成人陪同服务怎么办理或买票
11	请问怎么买票
12	免费拖运行李的重量是多少？
15	机场怎么打发票
17	你好
1	儿童六岁，怎样值机？
12	乘坐飞机禁止携带哪些物品？
1	不能添加同行人
1	儿童选座
1	为什么无法取消值机
15	电子客票号
12	可以带奶粉吗
12	免费托运行李
15	我给忘记了
1	国内航班可以提前多久在手机上值机？
1	手机选座位在哪里？
1	如何帮朋友选座
0	你好我刚刚出票，为什么现在还没有行程
14	行程单邮寄
13	哪里能看到电子登机牌
15	有遣返第一时间告诉
15	人工
15	如何推荐朋友下载航旅纵横
4	证件已经被其他账号认证了
1	请问靠窗的位置
0	没有导入的形成
1	25排靠窗吗
1	灰色的是选过吗
0	我的行程没有出现在订单中
4	如何认证
11	为什么我看不到机票的价格？
15	行李托运
1	预约选座可以比正常选座更快选到座位么
13	如何打印机票
13	已经办理完电子登机牌，在哪里找到
0	我本人没有订今天从沈阳飞西安的机票，为什么在行程列表中有这个行程呢？客票号是8262501963205。能帮我查一下吗
19	我拒绝这样的答案
1	值机只能帮同行两个人值机吗
1	怎么值机
15	证件错误
12	祥鹏航空有没有托运额
1	第一次使用怎么选座位，没看到工具箱
15	新加坡过境签
15	为什么添加还是不显示
12	HO1840航班有没有免费行李托运
11	不支持购票？
15	国外的往返有记录吗
11	我买的7.6号的机票，把孩子的名字写错了，能否帮忙更改一下
1	我是为家人办理的值机
15	怎么解决
1	我在app上值机，7月11日明天从上海飞北京的，现在行程变化要取消，但提示说是在其他渠道值机，不能取消，请尽快协助取消。
15	只有户口本可以吗？
15	工具箱在哪里找
1	没过安检就不算办理登机手续吗
15	添加不了
15	我想问一下
5	孩子未带证件，如何乘机
15	从河东机场做大巴到银川多长时间
1	为什么选不了同行孩子的座位
13	东航值机好可以在自助机上打印登机牌吗
1	前天我用手机值机了两个人，但是只发了一个登机牌到我的邮箱里
15	1
1	您好，请问显示可以值机，但是点进去页面选择完座位之后显示选座未开放是为什么？
1	两大一小出门，如果我们大人选了座位，那小孩怎么办呢?他是固定的位置还是什么呢？第一次带娃坐飞机
1	我要取消值机
15	说是我不能通过小横取消
0	行程审核需要多久
15	可以提前办理机票吗
2	怎样查看口令卡
1	取消座位的问题
1	可是朋友都往返预约值机好了啊，为啥我的返程不行？
15	9.99367E+12
1	如何手机选座
15	有早餐吗
15	邮寄狗狗
8	有电话客服么？
4	账号忘记
4	怎么还没有认证审核完成？
12	28寸行李箱可以托运吗？
4	能否添加别人的证件
0	飞行计划在哪看
8	你们有电话吗
4	认证不了怎么办
15	订单号9992113227649国航CA1368是几折票？急求
1	取消选座
15	总说我电话不对
15	北京遗失物品电话
11	有余票为什么订不了
1	可以值机多少次？
15	网上值机最晚起飞前的几小时
11	怎么订机票
15	中转有免费餐吗
15	∴长春深航在哪个航站楼值机？
15	这是怎么回事
1	怎样添加随行人家值机选座
1	好多座位全部带锁
15	能改签吗
12	可以带充电小风扇吗
1	座位是在你们app上定的，航空公司需要联系你们，更改的
15	open票是什么意思
14	行程单打印不了
1	小孩值机
15	化妆口 可以带多少？
0	怎么查看自己买的是不是里程票
15	电子登机牌开通eID标识怎么生成电子二维码？
4	行程列表需认证才能看，我由于上述原因不能查看行程
1	常用联系人在哪删除
14	机票能开发票吗
15	延误证明
0	国际航班没有自动显示
15	您好 我在网上订的座位 然后二维码什么意思呀
15	无法获取仓位图是什么意思
5	12岁以下儿童需要携带什么证件登机
15	航旅纵横Pro无法下载
20	幼儿登机
5	户口本可以登机吗
13	网上值机哪里打印登机牌
12	托运对行李箱有啥要求
1	怎样更改已选座位号
12	自己买行李额多少钱
1	预约选座能添加几人
5	临时身份证哪里办理
1	你好，我给我和6岁的孩子同时在飞猪上买了机票，但是刚才值机时孩子不能和我同时值机，显示与已添加的乘客航班不同，请为其单独办理值机。我不懂，这是什么意思呢？
1	我要选座
12	纽扣电池可以带吗
20	吸烟区在哪儿
4	我的护照信息姓名反了
3	航班拥挤度
0	怎么查询别人给我订的机票
15	自己不能添加，必须由你们来修改
6	打车发票问题
15	飞机晚点包赔
15	值机需要什么信息
11	请问：咱们航旅纵横啥时能在手机APP上购买机票呀？
4	用户名及密码忘记，无法认证
15	机票能改签吗
15	怎么没有岳阳机场信息
12	洗衣粉能不能坐飞机
1	为什么值机不成功
1	如何在手机上选座
1	1岁宝宝值机
12	这个人可以携带两个充电宝吗
1	春秋航空公司的航班可以办理手机值机吗？
13	如何打印登机牌？
15	说是提前72小时
1	儿童办理值机 怎么选同行人
8	你们客服电话是多少呢？
1	预约选座会被更改座位吗
15	飞机上
1	哪里在线选座
3	大暴雨能起飞吗
15	行程提醒
11	购票
4	换了手机号
1	我怎么给我的家人订位子
1	我的航班取消了，但是我已经做了值机，无法取消
15	我现在Fm836怎么没有显示啊？
15	Wallet
15	你发个链接给我，我好下载
15	午餐
15	军人优先
5	乘机证件有什么
12	坐飞机行李重量不超过多少可以带上飞机
12	可以带上飞机的行李重量
15	之前充值的2000元是干什么用的
15	工具箱
15	快点注销
1	明天的飞机，为什么现在还选不了座位
8	人工客服
20	婴儿票
15	eid
15	我的身份信息是以前的号码
4	护照英文名的格式老说我不对为什么
1	你好！我去的行程位子选好了，回来的怎么不能选
1	已办值机，怎样取消？
1	能为别人选座吗
12	移动电源充电宝携带标准
8	你们没有人工服务吗
15	航班取消证明
15	我们赶不上飞机，可以改签吗
11	可以买机票的吗
1	有一张不能值机
12	超过100ml的护肤品可以托运吗
1	选不了座怎么办
12	飞机托运哪些东西不能带
4	我已认证过，只是删了APP，重新登录时显示还要重新认证，而认证时又显示已被认证过。
1	预留座位总被调换
1	我帮同行人值机了，航班被取消为什么取消不了同行人值机？
1	为什么我添加了同行人，在信息里找不到，再次添加又说存在着呢
12	从西安到圣彼得堡托运估计要多少钱
15	延误4个小时
5	身份证丢了怎么取票登机
15	直接告诉我
15	川航A330座位分布图
12	飞机上哪些东西不能带
15	升级pro
1	南航为何不能选座
15	杨 018-2358865806
15	8.52E+12
15	历史值机记录发一下
12	什么东西能托运
9	经停需要下飞机吗
0	我买的泰国航机票，为什么没有显示呢
1	取消我的值机，我要改签！
13	请问可以帮朋友值机出电子登机牌吗？
13	电子登机牌怎么用
1	我要退出值机
19	你们的体现非常不好
11	我朋友给我买的机票，但是我这里差不了
1	我乘座的南航cz8243没有提前值机吗
1	怎么查询其他人位置
15	没办法自行删
15	每日抽奖在哪？
4	认证护照英文姓名失败
1	如何删除常用联系人
17	哈喽
1	帮我取消HU7505的值机
15	浙江附近哪里飞三亚便宜
11	请问昨天的机票能查询ma
15	？
4	手机号显示已被注册
4	我要认证
0	2012年的航班
1	没看到预约选座？
1	值机时总显示乘机人已开启行程保护，这是为什么
1	如何添加家里人登机
1	怎样选座位
1	小孩子不能手机选座吗
15	更改身份信息
1	怎么看我选的座位
1	东航国际航班儿童值机
1	如何选坐位？
12	两万毫安充电宝能带上飞机吗
5	福州长乐国际机场临时身份证办理
15	延误险
15	飞行大师
1	如何为同行伙伴选位
1	更换不了座位
4	怎么删除旧证件
1	为什么两个月前选的座位被占用了
12	我是想问我明天的行程有免费托运额吗？
11	在哪购买机票
15	为什么变成了12A
15	电子登机牌
15	英文名是什么
8	你们的客服电话
4	儿童名字后面加CHD是什么意思
15	儿童免票吗？
15	机票订单
15	身份证遗失
12	相机可以带吗
15	我不会选座
12	滑板可以带上飞机吗
8	有人工客服吗？
5	购买机票的身份证过期
0	怎么查看自己的机票
11	预订机票怎么办理
11	我如何在上面购票？
1	怎么帮别人选座位
0	请问一下，带的计算机可以上飞机吗？里面有电池，需不需要拆开看
1	你好，值机值不了，页面刷不出来
0	查看全部机票订单
15	如何打开飞行模式
11	港澳通行证能否订票
3	有航班起飞提醒吗
12	化妆品托运
12	万花油可以带吗
1	带婴儿坐飞机选座
0	如何查看小孩行程
14	我要查，我前两天出行机票的发票还没有收到
15	上面写的开放
0	买了飞机票怎么没显示了
15	选位
4	一个手机号只能认证一个证件吗
4	输入验证码说是错误，然后重新获得验证码又说号码已经使用？是为什么呢？
11	如何订机票
1	航班取消，取消值机
15	怎么总这样
4	怎么添加其他人的身份信息
15	如何修改出生年月日
1	成都航空EU2270明天晚上21点45的航班现在不能帮别人值机吗？
19	等于没说
4	新证件无法认证
12	可以带雨伞托运吗？
1	值机后可以改座吗
13	国航手机值机后怎么没有二维码值机牌
0	国外航空公司的行程可以查到吗
17	在吗
15	实时飞机轨迹
15	改邮箱
1	值机取消不了
1	然如果我预约的座位不想要，可以选择其他座位吗
12	iqos电子烟可以带上飞机吗？
1	怎么预选座位？
8	请给我一个人工客服电话
14	我16号的行程，为什么还不能打印行程单
11	如何帮其他人买票
15	已认证的账号想删除添加的人，可以删除吗
4	如何更改认证证件
17	您好
17	在不在
15	弹力素
1	怎么预选座位
0	联程行程查询
15	常旅客
5	出身份证以外证件可以取票吗
8	人工服务电话
19	扯淡，耽误旅客时间
15	机场雷达
4	添加新证件显示证件类型
1	已经网上值机还可以取消吗
1	姓名没有问题 但无法办理值机
1	如何选位？
1	我取消不了值机
18	好的，知道了，谢谢您。
1	软件一般在起飞前多久可以选座
15	可以提前几天值机？
15	怎么查询以往的飞行里程
12	你好，喷雾可以托运吗
15	怎么联系客票代理
4	改手机号
15	手机值机问题。
15	怎么看自己机票是否含餐？
11	谢谢小横！再问：国航、山航、南航、东航等其它航空公司的机票啥时候可以在手机APP上购票呀？
0	添加行程要审核多久
1	取消值机不成功
8	有客服电话吗
15	现在这个飞机是不飞了？
15	QR1409
1	你好，我想取消两个人的值机，为什么只能取消我自己的
0	行程不显示
0	亲 我刚注册完为什么一条飞行信息都没有呢
1	瑞丽航空儿童手机无法值机
11	我要订机票怎么订呢？
12	我的航班能否免费托运行李？
5	身份证没有激活
1	红土航空为什么不能手机值机
11	团队订票 值机
1	为什么取消不了值机
1	预约座位可以吗
15	信息提供的有错
15	澳门登机手续
15	请问，浦东机场有供婴幼儿休息的房间吗？
15	照片
11	如何查询订购的飞机票
12	充电宝每人可以多大的？
1	是否能添加家人信息
14	登记牌丢了无法报销怎么补打
15	我怎么样才能连我女儿的信息
4	注销账号
5	只带护口本行吗ll周岁
11	如何查询联航的机票座位等级
4	账户注销
1	取消我的值机
15	航班取消了
12	请问办理值机以后，还可以到机场托运行李吗？
15	怎么系统越更新越觉得不方便看了
15	没有啊，是一致的
8	航空公司电话
1	提前选座
15	怎么查出没出票
0	飞行轨迹怎么找不到了
12	怎么购买托运
1	可以自己选座位吗
15	未来支持国际行程？
15	电话号码
15	取消失败
15	国内航空
15	儿童餐
13	加入钱包
1	你好，取消默认选坐怎么操作
1	如何修改同行人信息
15	和浏览器没关系
15	9992113227649是几折票？
15	防晒喷雾
1	请问我们有七人出行，怎么一次办理预约选座
15	联系电话
15	矿泉水
1	国航ca887值机后不显示行程
15	点了没反应
1	预约座位多久有结果
15	常用联系人
1	我们一起6个人
1	需要帮我取消值机
15	预约值机，需要多久位置能确定
7	仓位升级
1	一般靠近机翼的位子是几号
0	国际机票能验真伪吗
12	最小的瑞士军刀能带上飞机
12	锂电池规定
0	航旅纵横里怎么能查询定的机票
15	能我帮看下我未出行的车票吗？
4	可以添加其他人的证件吗？
8	客服电话
15	蓝牙耳机
1	预约完选座 还可以去柜台打印登机牌吗
1	航班延误，如何取消值机
15	怎么预定
8	客服电话多少
4	注销账户后多久可以申请账户？
12	洗发水可以托运吗
1	快速选座功能在哪
6	从贵平台下的接机服务，但是车没有按时出现，现要退费，怎么处理？
5	外国人能用护照买机票吗
15	我明天早上6点20昆明到厦门的机票
12	羽毛球拍可以带上飞机吗
1	怎样才能为多个同行人员值机
12	请问乘坐飞机时可以带化妆品吗？
1	座位号怎么选
1	我可以帮朋友选座或值机吗
15	手机上选座
15	联系方式
15	我在重庆机场
15	账号不能实名
0	联航如何查询行程
1	如何办理值机
1	前提多长时间可以选座位
1	还是不能给同行人值机
0	定了机票以后多久可以查到行程
15	马上飞了，但是升舱不成功
1	无法办理值机呢
5	孩子户口本值机
15	酒
1	什么时候可以选座
1	选座位看不到飞机翅膀
5	你好，身份证找不到了，可以使用户口本登机吗
15	染发剂可以带出国吗
8	怎么投诉航空公司
4	添加旧护照
14	补打行程单
1	如何为同行的朋友值机
15	可以带上飞机吗
20	机票早已订好，但近期不慎脚受伤，我想申请地面轮椅，如何办理？
15	移动电源
15	微信
4	证件格式错误
15	怎么回事
17	人呢
1	只有调换座位和取消执机没有取消座位按钮
1	国际航班想给两个人值机怎么办
1	为什么不能取消值机
15	充电宝
15	飞机上有没有无线
1	怎么选座位
20	请问机场停车楼入口在哪
15	一般多久可以看到自己的行程
1	不能添加同行人值机
15	入境规定
4	身份证号是对的，就是名字最后一个字打错了，能改吗？
2	我想问，刚刚兑换的口令，为什么过期或不存在
1	17岁的孩子可以单独乘坐飞机吗
12	奶粉可以带吗
11	请问查询机票以后，只能通过电话订票吗，能在线订票吗
12	请问行李箱可以放泡沫状的浴液或洁面吗？
1	登机的流程
0	请问航线图为什么显示不全
15	航空公司发来飞机起飞时间变更
5	乘坐飞机需要什么证件
15	怎么购买
0	以前乘机选座记录
15	怎么查签证到期时间
12	可以不托运的物品有哪些
8	客服电话多少?
15	工具箱在app哪个位置
15	如何退改签
12	去年托运的行李箱里的充电宝，在托运时被拿走了，现在还能取回吗？
15	托运
8	人工客服电话多少？
15	泡沫类的不算易燃易爆物品吧？
12	国内航线，液体怎么带
11	机票搜索
4	：换新护照信息怎么处理？
1	请帮我取消值机
12	固体的火锅底料可以带么
1	为什么我选不了坐往
15	加了
11	在航旅纵横上面可以定机票吗
5	身份证丢失咋登机
15	升级为pro
5	身份证过期能过安检吗
0	不能提取行程
15	航旅不能用了
15	取消航班
15	没有电子客票号怎么手动添加
8	请问，国航美国客服电话？
15	怎么办理航空公司VIP
15	辣椒面呢
0	你好， 为什么我看不到我飞韩国的行程呢？
0	国泰航空航空行程看不到
15	航旅纵横的工具箱在哪里
15	凭证号码是什么号码
1	选座位在手机值机里面吗？
1	怎么不能手机选座
15	登机序号1是什么意思
15	能删除再重新注册吗
15	飞机延误 退票
15	打印飞机票
14	发票
0	帮我查一下航班
1	当前客票不支持手机值机
13	已经办理电子登机牌
12	能带花露水吗
12	可以带多少公斤 行李上飞机
12	你好，请问一下，要托运可否手机上值机
1	为什么无法办理值机
15	为什么电子登机牌得登机口一直在变
15	可以提前添加值机人嘛
15	我的卡包
15	我今天没登机
15	噢噢！！看到低价票，😭😭
17	你好！
11	我们公司订的机票我现在个人买能买上同一个航班吗？
15	不能随身携带
12	20000mAh的充电宝可以带上飞机吗
15	同行旅客用自己的会员卡
15	记录
15	这就是提示
1	我要为别人值机 为什么没有+？
8	航旅纵横人工客服电话
1	我怎么帮朋友值机
1	你好，我已认证，但是我现在要给孩子选座位，
0	常用联系人的行程怎么查询
1	值机选座，有的位置是上锁的
17	在吗？
0	忘记航班，能查一下吗
1	如何添加其他乘客的信息呢
1	怎么为其他人选座
1	儿同为什么不能办理值机
15	值机器
1	携带刚出生37的宝宝该如何值机
19	无法沟通
1	儿童手机选座
14	怎么获取行程单
1	你好，手机办理值机手续几点开始
15	显示孩子的航班与大人不一致
15	开发票金额大于企业开票金额
15	需要签证吗
15	可以随机
15	常客卡
0	我没有定机票为什么出了一张票
15	我是在你们航旅纵横打的车
15	飞机上可以开机吗
15	航班前多长时间可以值机
1	怎么没有选坐功能了？
15	请问航旅纵横可以买到这个票吗
15	小孩的规定
13	如何办理机票快递？
15	还好有非常准
15	302422066
1	取消座位
19	你还是没解决
4	怎么绑定身份证
8	请问人工客服电话
12	花露水和香水可以带吗
1	我跟同行人同航班，同仓位等级，为什么不能给他手机值机？
6	我昨天在你们这儿订的接机服务，结果首汽约车司机没有来接我，害我动车晚点在杭州多住了一晚，但司机钱已经收了，联系首汽约车客服，说要找你们处理，这事该怎么办
1	无法给同行人办理值机
1	添加同行人
15	值机为什么值完了一个另一个显示未开放
1	登机规定
11	我同时买了四张票
14	行程单怎么在这个软件上打印
1	我怎样选座位呀？
0	为什么我在携程订的机票在航旅纵横中没看到
1	飞香港不能值机吗
1	春秋航空选座
1	网上值机选座几点可以
15	别人行程
20	74岁的老人坐飞机有什么规定
15	航班时间变更
8	在线客服
8	客服电话号码多少？
19	为什么不解决问题？？
1	我能否帮他人选座
12	能带充电宝吗
14	去年的机票怎么打印报销凭证呢
1	明天早上从济南出发到桂林的航班，我为什么不能选座位呢
4	你好我的手机重装了系统，航旅要求认证，无法认证
0	用身份证能查到航班嘛
15	时间后面了+1什么意思
14	要不报销不了
12	无托运行李，手提五公斤
15	可以查询其他客人信息吗？
11	怎样订票
1	我本人操作提示非本人无法值机，
1	开放选座时会给消息提醒吗？
0	为什么不显示我的订票信息
12	防晒喷雾可以托运吗？
15	一一我不喜欢QQ，也不可能用QQ
12	行里超重怎么办
0	我的机票信息能帮我查询一下嘛
20	孕妇可以坐飞机吗？
0	为什么我之前的行程有一部分没显示
18	谢谢
4	新护照跟旧护照的号不一样了怎么改
0	我最近的行程怎么查不到呢？
0	13位电子客票无法提取行程
1	带婴儿能手机选座吗
14	怎么打印行程单
1	手机值机的取消不了
15	飞行速度
15	😄
1	值机查询
1	您，我给别人办了值机，现在黑4别人取消不了
0	手动添加行程确认
1	无法取消座位
20	我有东西丢失在航班上，能帮我找回来吗？
12	请问充电宝登机规定
1	儿童值机
1	是不是还没开始选座
8	航空电话
0	你好可以查询其他人的机票么？
5	机场能办临时身份证吗
0	为什么没有当前行程了
1	怎么改常用乘客信息？
15	如何办理积分卡
19	投诉
14	机票得发票
1	我在手机上帮同行人值机选座，这次为啥添加不了呢？，
12	托运不能超过多少
1	预约值机什么时候能成功
0	我有一个今天晚上厦门飞北京的航班，可是我并没有订过这个机票。
0	我本人没有乘坐飞机
15	哪个位置
12	液体托运
15	升舱
15	请问如何避免自己的行程被旧设备的使用者看到？
0	护照上的行程为何没有提取出来
20	机场贵宾厅
4	为什么我的证件号反馈无法认证
13	每个航班都有电子二维码登机牌吗
1	2019年6月16日的航班如何选座？
11	在这可以定机票吗
0	你好我的日本机票怎么不显示
1	我已经选好飞机座位，小孩子的没添加然后该怎么选
12	托运行李额度
0	出现不了历史航班信息
0	pro查不到11年行程
1	取消值机
14	在去哪网购买的机票，可以在机场打印行程单吗
0	你好，为什么证件号码一致，但是行程显示不出来
4	我换新护照了 怎么修改？
1	为什么选不了座
20	我出镜有食品不能带走，我想存放
15	g
1	为什么每次选座位只能选择三个
15	接送机功能
1	同行人6人
1	你好！请问：我是7月17日的机票航旅纵横已显示已值机是什么意思？
11	订票在哪页面
15	飞机延误险有用吗
12	固态硬盘可以托运吗
15	怎么搜索航班
1	手机选座在哪
12	吃的菜可否带上飞机
1	为什么我不能给同乘人预约值机？
15	为啥机票此旅游网站贵
4	提示已被其它账号认证
1	去哪里值机
15	退换
15	我之前在老版本选的，后面再更新的
1	请问在哪里选座位
15	值机了但需要托运，可能赶不上截止时间怎么办
20	80岁的老人购买飞机票有什么要求
4	我想认证ElD电子身份证怎么办
4	怎么认证
15	别人帮我选座之后，我要改签怎么办
12	春秋航空经济舱登机箱尺寸
15	认证证件格式
13	儿童能网上登机牌
1	改坐位是点取消直机吗？
15	遮阳伞
15	那大于2岁，比如2岁零1个月呢？
15	如何更改电子邮箱
1	一个大人一个儿童怎么值机
15	北京/兰州晚7.10分的在机场2号航站楼还是3号航站楼登机？
1	添加行程后，显示非本人行程，无法值机
14	东方航空 行程单怎么打印
19	您好，我发了几个反馈问题，为啥一直没回复？
0	可以帮忙查下航班信息那
1	为什么我不能进行值机选坐
12	行李额
12	时间赶不上托运怎么办
1	帮他人值机
12	能带上飞机的行李重量
15	是未成年人怎么办
12	你好小横，请问西部航空PN6405航班的行李限额是多少？
11	怎么不能定票？？
15	飞行模式无法使用
15	怎么升级pro
15	值机
17	您好在呢么
1	认证好了怎么选不了位置啊
3	但是我找不到那个代理机票的点也没有时间到那个机场怎么搞啊？
15	提前几天能看到未来行程
1	我要取消给别的值机，提示在工具箱操作，怎么找不到工具箱
0	我2014年前的行程提取不出来
0	请问能添加国际航班路线图么
15	团队机票能值机吗
13	如何知道行程支不支持电子登机牌
1	手机值机无法取消
15	100wh是10000mah吗
1	亲，可以值机，但是为啥走的座位还是选不了
11	往返机票在哪里？
1	为什么别人可以值机，我的不能
12	50毫升的铁皮补水喷雾可以带上飞机吗
1	怎么改不了座位了呢
4	怎么注销
1	我如何帮朋友值机
1	怎么给儿童选座
5	请问11岁的学生没有身份证可以搭乘飞机吗？
1	如果座位被锁定，应该提前告知，怎么还能让预选。
0	我怎么查我已经购买的机票信息？
1	儿童票不能提前手机值机是吧？
1	为什么不能帮别人选坐
15	我还多久可以升级
1	无法帮别人值机
15	升舱功能
4	我需要注销
1	怎么选座
1	航班取消，改签需要取消值机
1	为什么国际航班不能在航旅纵横上值机？每次都提示认证？
12	喷雾可以带上飞机吗
14	请问，报销凭证是在机场打印还是发到登记的邮箱？
0	无法看到常用联系人航班信息
1	我明天的行程为什么不能值机
12	可以携带中药吗？
4	能否帮忙删除我的一个认证
15	我的历史记录不完整
12	电子值机后可否去柜台办理行李托运
12	可以带两个充电宝吗
15	我想问一下 ，我已经订了明天8L9852和昆明到绵阳8L9855
1	东航飞机无法添加通行人选座
4	取消认证
17	有人吗
1	我要选座位，能选两个人的吗
14	电子发票需要取票马
1	选座失败
5	未带身份证
15	我的票呢
1	取消未成年人值机座位。
11	怎么样订机票？？
15	没有这些页面如何处理？
12	中医药液可以托运吗
0	历史航班没有导入全
1	“您无权查看该信息，乘机人已开启行程保护”
12	飞机能带海鲜吗
15	驾驶证可以吗
15	常客旅行卡
1	添加不了第三位同行旅客
1	怎么退值机？
15	要修改的手机号被注册过了
15	联程
14	行程单号
15	修过不了
15	原因
3	能帮我查到我是什么航空公司吗
15	行程检验单
2	兑换口令怎么找不到了？
12	笔记本电脑可以带么
1	如何取消同行人值机
15	案件
1	非同行他人选座
0	查看一下我最近的订单
0	换了护照，之后的行程看不到
4	如何添加护照
15	pro版本航线年份
0	别人帮我订的票，我想查看一下是否订票成功，在哪里查看
1	如何取消值机啊？
0	2014年的行程不能添加么
15	可以添加几位
12	He|l0，GS7900的经济仓，行李箱限额多少？谢谢！
13	我的和我朋友带小孩的都已经选起了，就我家小孩的选不了，是什么原因
0	行程不足
1	值机失败
15	什么时候可以自助值机
0	没有改退，显示非本人行程
15	你好，怎么查看价格的？
15	常用联系删除
8	需要人工客服
15	帮忙看一下KY8277
15	常客卡这么办
15	牙膏
20	伤残证
5	临时登机这名
20	病人
15	生僻字
15	不是我订的票为什么会发到我的QQ了
4	已经注销了，但为什么一直没有成功
15	都是最新版本
15	登机牌
14	怎么拿发票
14	行程单补办
15	我本次航班延误导致下趟航班误机，这旅否怎么算？？
15	粉底液
20	请问婴儿几个月可以乘飞机
15	经停
0	为什么显示我未乘坐
15	我要求退票
1	值机和办理登机牌是一个意思吗
9	中转如何手机值机
8	你们电话多少
15	为何会出现
15	连接超时
15	为什么显示获取作为信息失败
1	显示非本人行程，不可值机
15	为什么会自动变更
15	WIFI
15	通航机票是什么？
0	怎么添加不了行程？
15	为什么显示
1	小孩有户口本，跟大人一起买的机票，怎么选座位和取机票
8	咨询电话是多少
15	pro版
15	前排座椅下可以放行李箱
15	你好，我的行程有一个不正确
12	最大号行李箱不超过20kg可以办理托运吗？
15	您好，我需要退下机票
12	20寸行李箱20kg以下可以不托运吗
15	为什么反馈不了问题
11	如何查机票
15	别人的航班
8	怎么能联系到乘坐的航空公司？
15	这就是最新版的
15	🦐能不能带
1	您好麻烦问一下，怎么添加好友的信息
1	我没有办理值机，app自动帮我办理值机了
15	航班自动变更
15	我一共买了6个人的机票
15	航旅纵横PRo版怎么下载
3	你好，问一个问题。我儿子的下周一个航班加拿大航空的从上海到蒙特利尔直航，加航官网显示是7月23日上海浦东16：50起飞，但在他本人的航旅纵横上显示是7月22日16：50。请问为什么是22号
12	网上值机如何托运行李？
1	为什么手机不能值机？？
15	里程累计
5	身份证丢了，乘飞机怎么办
15	就是我自己的
13	你好，我之前在携程买的机票，补打登机牌，在哪里可以操作
1	值机不能取消
4	为什么输入身份证号码总是说格式不对
15	可以提前多久值机
11	订机票
1	我怎样操作取消替别人选的座位？
15	刚看新闻四川发生了地震 想问一下明天下午飞重庆的航班是正常起飞吗
1	为什么我预约值机只能值三个人呢？买了4张票
1	手机值机可以提前多久
19	答非所问
12	电动牙刷可以带上飞机吗
13	办理了电子登机牌还需要办托运手续吗
13	登机牌补
1	我不能值机，朋友可以了
3	什么是航班拥挤度
12	携带行李
15	QQ群号码不对
11	怎么购票
15	打不通
12	打火机能托运吗
8	红土航空电话
15	接人举牌
1	儿童同行人为什么不能值机
1	我不能手机值位
1	国际航班能不能手机值机
4	身份信息已被使用
15	值机柜台
1	关闭行程保护还是无法值机
15	在哪里找工具箱
5	没带身份证
1	为什么选座时孩子不能同时选
0	国际航空怎么看不到
15	删不了了
15	化妆水
15	飞机延误到晚上了，现在让通知正常值机？
15	内地飞澳门，需要提前几小时到机场口
1	这个怎么选不了座位
1	靠窗位置
15	什么原因？
0	土耳其飞马航空可以添加吗
4	可以注销账户后，重新注册吗
15	飞机可以用蓝牙吗
15	机餐
14	乘机证明
15	付费升舱
1	如何取消值机
14	如何查看发票快递信息
1	点击取消值机无法解决
15	离线模式怎么用
15	飞机上吃东西
1	怎么没选座位了？
12	一个人的行李限额是多少？
15	app上值机了，在机场的自助机上无法打印等机票
1	如何取消已值机航班
8	机场电话
15	还那么靠后
1	为什么把我的座位调换到10A
15	？？？？
15	飞机上可以用耳机吗
1	怎么在线选座
15	请正经回答问题
12	托运液体重量限额
15	826—2501575327
15	特价机票
0	请问我在携程订的机票为啥不显示
15	航班取消
0	如何查询别人的航班信息
15	账号是什么
15	电话预约电话号码多少
1	我无法取消值机
11	怎么订票？
1	座位信息在哪
12	托运规定
1	手机值机在那里了
12	乘飞机可以带小孩推车吗？
15	没有啊
1	为不同仓位他人选座。如何操作？
1	取消不了值机
12	请问女士化妆品洗面奶可以带按压泡沫式的了吗
15	提示系统异常
1	请问6月20日MU2176张家口到上海的航班什么时间开始选座?
15	同音不同字
1	边上的座位上锁
15	国外的里程为什么没有
0	为什么我没有退票结果航旅纵横显示我已退票了
1	值机不了
1	航班保护不能在线值机
15	已经距离起飞不到24小时，还没接到提示？
12	液体
0	查询乘坐的航班
15	如何切换英文
15	航班延误会提早那
15	航班取消钱会退么？
12	随身携带行李有重量限制吗
15	Pro版本下载
12	可以带蓝牙音箱吗
15	请问这是为什么
13	已经选好座的同行人，如何为其办理电子登机牌
12	托运行李额
15	哈尔滨机场的值机柜台在哪
3	武汉到拉萨的机票，可以在航旅纵横中买吗？
0	你好，我想问一下怎么能查别人的行程
14	打印电子发票在哪里
15	能不能改签今天
12	针线 剪刀可以托运吗
0	为什么不显示新的行程了
15	你好。我孩子的衣服落在飞机上了
15	飞行模式
14	报销凭证可以报销么
1	SC航班什么时候可以选座位
15	过了飞机起飞时间可以退票吗
15	无身份证
1	如何在线选座
15	我刚才试着选座 AC这两个座位挨着吗？
15	九元航空
15	为何添加企业信息总是错了
8	我要人工客服，
1	请问我今天定的春秋航空9C8856怎么不可以手机值机
15	进入常用联系人
15	改签查询
14	怎么拿到发票
1	非本人行程不可值机
1	帮其他人预约选座，但我不坐飞机
4	我以前认证过，但是忘了密码，现在重新认证不了
0	行程添加
4	如何绑定护照
14	行程单打印
12	酒可以托运吗？
15	购买飞机延误险
1	选座时候显示行程保护
12	无人机可以上飞机吗
0	为什么我的风飞行记录只有16年以后的
15	航站楼在哪看
0	行程提取
15	飞机出发前多少时间停止检票
12	你好  乌航  充电宝能带多少毫安的
15	常客卡类别
15	电话号码多少
13	iphone，为什么把登机牌加入到卡包，会卡死
15	换飞机
11	查机票
1	值机无法增加同行人
10	常客卡在哪
15	国际机票
1	在哪里添加同行人呢
1	不能值机
15	行程
15	不是同航班
4	帮我取消认证
15	怎么升仓
0	我刚才订的航班怎么不显示
15	没有添加按钮😥
15	访问次数超过限制
12	托运限重多少？
8	你好，请问有没有客服电话
15	而且也不能显示电子登机牌
1	第一次做飞机因该怎么办
15	二周岁儿童
1	无法取消值机
13	为什么没有二维码
1	手机选座好了之后，直接拿着行李箱去安检吗？
1	澳门航空的可以网上选座吗
15	没找到
1	五人同坐一班飞机，值机选座，添加常用人，为什么最多还能选两人？
5	已满12岁，没办身份证，如何购机票
12	行李托运限额多少斤
12	网上值机好还能托运吗
15	这种情况是什么意思
0	你好，可以查到我一年前的国际航线信息吗
15	儿童座位怎么办理？
11	如何看票价
0	能帮我查到朋友的航班信息吗
15	金鹏航空Y87550
4	为什么添加同行人总是提示证件格式错误？
14	怎么报销？
1	为何无法值机
15	航班延误下个航班怎么办？
0	我最近订的机票查询一下
15	有用的不知道，没用的知道也没用。
19	我跟你们反馈了半天有用吗？
15	航班取消了为什么没有通知
15	记不住电子客票
15	我要退票
15	首都机场有几家餐厅
1	选座是显示信息保护
12	熟鸡蛋可以带上飞机吗
1	怎样把儿童设置为同行人
1	胡文林的机票怎么取消值机
1	座位信息页在什么地方？
5	忘带身份证
20	如何租车
0	如何帮别人查询航班行程
15	麻烦尽快帮我解决我说到的上述问题
15	什么工作人员操作
1	我选不要靠近机翼 要靠近窗
4	我要注册，怎么操作
0	我是在注册航旅纵横之前买的机票、为什么注册完之后机票没有显示呢
14	怎么办行程单
15	18587306520
1	那些位置是靠窗的
1	为什么小孩不能在App上值机？
15	以前都是可以的
15	HU7869有没有餐饮
6	飞机突然降到浦东，我要取消约车订单
20	老年人乘机有什么规定
1	在哪里选座
15	国际呢
6	接机怎么开发票
15	p舱是什么性质
1	我怎么不能手机选座
1	儿童如何值机
1	不好意思，能不能先跟我说一下在哪里选座位？
15	获取个人乘车证明
0	在哪里可以查询自己的机票
15	机票
15	如何关注其他人的行程
1	我不能取消值机，怎么回事呢
12	电子烟可以带吗？
12	行李托运购买
4	已申请，已认证的账号可以申请注销吗
15	国际部分只能手动添加？
15	我是已经登录了的
15	亚洲航空
1	两个行程中的第二个如何预约选座
1	航旅纵横为什么不能选座？
1	值机预约记录
5	出生证明证件号
8	有电话吗
8	南方航空的电话是多少
15	兑换码有没有期限
1	怎么选择飞机座位？
15	18005505958
1	在哪里添加替别人选座
4	账号已经被认证 但是原来的账号忘记了怎么找回
3	拥挤度
15	客票监控在哪
15	乌鲁木齐开通网上值机权限的航空公司
15	买了两张票 就显示一张呢
15	儿童可以注册吗
12	酒曲可以托运吗？
15	怎么查
12	25000的充电宝可以随身携带吗
15	餐食
4	怎么添加其他证件
1	你好，我预约值机为什么被取消了
8	客服电话是什么
15	婴儿
1	帮别人值机
15	飞行前多久不能登机
0	我们在航空公司订的票为什么在航旅纵横上没收到任何信息呢
15	出票了没
0	想查韩国的行程
15	请发送一下我之前的选座记录
15	身份证丢失
1	为什么我不能值机
15	预约
15	回复太慢。QQ群是加不进去。
12	水果刀可以带吗
15	请问怎么帮别人安排接机
15	添加儿童
1	怎么帮和我同行人选座位？
15	我知道服务电话，就是打不通，怎么办？
1	无法替家人选座
12	请问北部湾航空行礼多少公斤内免费
7	川航机会升舱在什么位置操作
20	重庆江北机场晚上关门吗？
12	散粉可以带上飞机么
12	20kg行李箱有体积的要求吗
15	还没有同意
1	请问有手机自助值机教程吗
1	不支持手机选座
15	怎么查订了几张票
1	为什么不能手机选座了？
15	为什么只有这2个座可以选
11	我是第一次使用纵横购买机票，请问操作流程是什么？
19	不管用
0	能不能查到朋友的飞机信息
1	可以查朋友的座位马
15	pro
14	电子登机牌能报销吗？
15	9.99243E+12
0	添加行程
1	我选座不成功
15	积分咋还没到
12	超重提前买
12	可上飞机的行李箱多大
15	14J是我在携程上预定的座位，已经取消，为什么还是在航旅纵横中显示占用，并且不可修改
6	航班取消，扣除了接送机服务的取消费，怎么处理
0	只能添加自己的行程吗？
12	我想查我的航班行李限额
18	好的，谢谢
4	我要删除认证身份证
14	你好 我怎么打印行程单
15	一直无法显示
15	我是说网上选座
15	CA1696
0	为什么我买的机票显示不了行程呢
12	托运行李体积重量说明
1	在app里怎么选座啊？
11	如何订票
12	非托运行李不能带什么
15	版本已经是最新版本了
12	国航国际航班免费托运行李重量
12	从宜昌到贵阳的飞机可以随身携带腊肉，豆豉吗？
15	身体不适
0	可以查我以前的航班吗
15	着急用呢，什么时候能解决啊
12	如何托运行李
15	客服
1	我想了解10号出发成都几号能选座
13	如何办理电子登机牌
17	在
15	联名卡
15	有没有人工
15	我想咨询
15	怎么查我证件已经添加其他账号了呢？
1	如何取消预约座位
0	我有明天下午13点40的HU489航班没有接到显示
15	开放选座时还能预约值机了吗
15	同乘机人信息
12	护肤品有限制吗
11	能在这儿买机票吗？
1	工具箱手机选坐卡片在哪
12	防晒霜能不能随身携带
1	为什么我的座位被更改
1	国航飞往日本的航班怎么值机
0	热力图中我北京已点亮，为什么行程中没有该信息呢？
11	我在购买机票的同时没有购买意外险
1	值机输入正确的信息还是没办法查询
12	周黑鸭能带上飞机吗
7	如何升舱
15	应用市场在哪里?
5	忘记带身份证可以乘坐飞机吗
1	值机失败怎么办
15	户口簿没有带
0	我没有定今天的航班 怎么莫名其妙的有今天的航班呢
19	会话失效
1	在手机上值机了，到机场就不用取票了吗？
1	如何选座位
0	麻烦问下，有身份证号码和电话号码可以查询航班信息吗
14	取消个人乘机凭证邮件
15	登机口关门了
15	你好！为什么机场有的搜不到呢？
15	行李
20	公务舱i舱可以进贵宾休息室吗
1	为什么有的作为不等选？是锁的样子？
14	电子行程单
15	😁
1	明天的航班，为什么我不能值机。谢谢你！
15	为什么我的信息显示有异常？
1	常用联系人界面在哪
1	为什么明天的航班到现在还是不能值机
1	值机后可否更改座位
1	我想咨询一下，我的账户可不可以给同行的人办理值机
15	相机
12	电池可以带上飞机吗
19	你们怎么回事
15	长沙黄花机场有几个登机口
15	机场预警
14	发票怎么获取
15	国际班机怎么显示
15	有什么办法可以解决？
8	有没有人工服务？
15	能不能帮忙看看机票上的名字跟身份证上面是否一致
15	航班取消是飞机晚上不飞了是吗
1	4792162353007不能预约值机？
1	还需要到窗口办理登机牌吗
15	工具箱按钮在哪里？
0	我想问一下，通过姓名和身份证号能查询航班信息吗？
1	在哪里选择座位号
15	航班晚点凭证
15	添加受让人在哪里
2	请问我的航旅口令怎么查
15	抓紧统一
15	在线选座
12	护手霜能带上飞机吗？
1	需要取消订座位
12	充电宝可以上飞机吗
15	由于航空公司说是在航旅纵横购的票，所以要在您公司申请
1	没有取消座位的按钮
15	怎样查看行李不含在机票
15	我上两天换了那个2011以后的行程
0	你好，我没有定机票呀？
14	电子发票事项如何处理
15	大连周水子机场支持eid么
14	报销
15	APP上自动跳出护照，没找到在哪里选择身份证？
15	亲，在那里换登机牌
12	乳液和防晒霜可以带上飞机吗？还是必须托运行李
12	充电宝的数字模糊了可以带上飞机吗
12	行李体积重量说明
1	无陪旅客
17	有人工吗
15	15808829406
1	预约位置可以更换吗？
15	未开放座位前，可选多个座位吗？
7	我办理了升舱，怎么取消，有人工电话吗
15	认证身份
15	北京首都机场有哪几个航站楼
1	为什么不支持值机？
15	航站楼在票的哪里看
15	就在你们这上面选的为啥取消不了
11	最早提前多久订机票
12	你好！充电宝能带多大？
1	为什么已经直机好了，座位被换了
1	为什么我帮别人值机提示请不要重复预约
15	工具箱在哪里
11	机票名字错误
4	请问我的手机号不能认证，什么原因？怎么解决，谢谢
5	临时身份证
13	怎样打印纸质登机牌
15	请问怎么判断是否行李直挂
15	如何查询我的机票有没有意外险？
15	人工？
15	非本人身份证
20	贵宾室
1	如何帮别人值机
15	登录后为何我的状态还是游客？
0	最多可以有多少年的航行记录啊？
15	我的个人主页设置了为嘛没通过
15	可以带几部
1	我能用航旅纵横给别人选座吗
4	为什么我设置显示英文名与中文名不一致
15	时间不对
15	出票成功无客票号
12	能托运多少牛奶
1	哪里预约座位
0	定好的机票查询
1	我怎样选坐位
12	隐形眼镜护理液可带上机吗
8	有电话么！
15	国际航班最多可以提前多久办理托运
12	液体物品托运上限
11	没有购票凭证，是电子购票单
1	因为值机没退，所以不能改啊
1	为啥办不了值机
15	OZ362
7	怎么办理升舱
0	为什么我从巴厘岛回来的行程没有显示
1	怎么选位置
4	我要删除旧护照，以便添加新护照，该怎么办？
4	忘记以前的账号
15	2009年
12	蓄电池小风扇能带上飞机吗
4	注销账户 审核多久
5	大连周水子机场临时身份证办理
0	国外的行程为什么不显示呢
15	已经发送了，需要多久能删除呢？
1	如何联系航班值机
4	麻烦客服更改账户信息，证件名称为刘玥，谢谢
0	为什么看不到国外的飞行记录
15	不可以
1	我在手机上值机了，到时候可以打印纸质登机牌么
4	收不到短信验证码
1	我所在的座位已被占用或锁定
15	前一段已值机了
15	安检
15	我的要是头等舱么
12	携带上飞机的液体总量是多少
1	为什么厦航，儿童第一次可以定位置，改位置就不行
5	身份证过期了如何登机？
12	经济舱可托运行李多少斤
15	Middle name
15	化妆品可上机吗？
15	航班改签
15	手机验证
15	在哪可以评分
15	出票提醒
15	请问在别人手机上预定的机票在我的手机上可以改签吗？
0	亲 我新添加的航线经常没有在航线图上显示
14	国际机票补开乘机凭证
15	你好，我发现自己有两个户，想删掉现在这个，怎么操作？
12	两部手机一个笔记本电脑和一个两万毫安充电宝可以带上飞机吗？
1	办理选座
0	你好，春秋航空怎么不显示
1	查找常用联系人
12	香水可以随身带吗
11	如何购买机票？
1	如何添加同行人
15	选座
13	值机后怎样获得纸质登机牌
5	身份证号掉了怎么坐飞机
1	小朋友的值机无法取消是怎么回事
12	冻海鲜办托运怎么包装
11	怎样订机票
12	网上值机后，行李箱怎么办
1	可以取消值机吗
15	怎么老是英文名格式不对
0	为什么刚结束的行程没有显示
15	蓝牙音箱
0	怎么看已买的机票航班信息
15	航班取消了怎么办
11	为啥现在不能在航旅纵横订票了
20	机场轮椅服务
15	航旅纵横Pro收费
1	常用联系人在哪里
1	请问我值机要值多人的，怎么弄
12	吹风机能托运吗
1	请问如何为同行旅客选座
15	？？
15	你们只有QQ群吗
15	请问怎么改签
1	你好，如何取消值机？
1	带婴儿乘坐飞机，不能手机选座吗
1	川航怎么帮儿童办理值机
15	今天收拾东西，发现邻座的书落我这，请问要怎么归还？
1	老是值机失败
12	能带鸡蛋吗？
15	火车票
1	座位可以选四个吗
15	客票号中有字母怎么不对？
15	吉祥航空
15	机票出了该怎么操作
15	南京机场到宿迁
15	17A在哪个位置
15	提前多久进场？
12	无免费托运行李的航班，托运行李是怎么收费的
0	为什么看不到香港行程
8	有人工服务吗？
1	该乘客的航班与已添加乘客不同
15	飞行模式拍的照片
20	机场大巴
15	哈尔滨机场安检
15	ca123
15	刚才的问答记录在哪里呀？
9	我想问下中转不是同一班飞机要取两次票吗
12	防晒喷雾可以带上飞机么
15	去年买的票没使用，可以退吗？
15	电话多少
12	可以带电动牙刷吗
12	行李箱托运费多少钱
4	我的认证还未通过
15	让输入凭证号码
15	飞澳门算不算国际航班，一般是要提前3小时啊？
4	身份证末位x怎么添加常旅客
1	国际航班可以提前选座吗？
13	在哪里找已乘航班的电子登机牌？
15	酒呢？
11	为什么不能买机票
1	如何删除其他乘客信息
8	西部航班客服电话
0	上个月的记录没有？
1	儿童怎么没办法值机
1	为什么值机值不了
0	eID要认证才能查询机票订单吗
15	2016年飞行大事记
12	电动刮胡刀能托运吗？
15	为社么
18	哦
0	值机的人收不到任何信息
0	如何查询别人的机票有没有出票
15	如果因为前一趟航班延误，影响赶下一趟飞机怎么处理？
1	首都航空如何选择优选座位
12	剃须刀可以给上飞机吗
1	如何取消订座编号
15	我想开通电子证照提示设备不支持NFC什么意思
20	绵阳机场晚上关门吗
1	我为什么不能值机？
19	我提问你不回答，叫啥客服？
15	宠物
1	今天第一次使用，不能在App上选座位
15	我在哪里可以查到我认证的证件
15	其他旅客行李在我这里
1	为什么值机后座位变化了
1	不能帮他人值机
15	没安检显示已安检
0	输入身份证能查航班吗
1	删除联系人
11	机票名字错一个字
1	幼儿如何办理值机？
15	通航飞机什么意思
15	身份证丢了
15	有一张不是我定的机票
1	选位在哪？
15	飞机上有无网络
15	显示已出票
1	为何我不能值机？
5	没有身份证怎么值机
12	有汤的小龙虾尾可以带上飞机吗
15	我怎么不能身份证扫描的？
13	办理完行李托运之后可以用电子登机牌登机吗
1	请问哪个座位是靠窗的？
15	电子客票号怎么查
1	大人已经完成值机儿童怎么选
12	随身携带液体
15	常客卡类型
15	我的出票信息与航旅纵横上提供的信息不一样
0	我22号的票已出，怎么我这里看不到呢
1	我用自己的手机替孩子购买了机票（北京至巴厘岛）怎么没办法值机啊？
15	改签机票需要补差价嘛
12	可以带零食登记吗？
15	eic
15	你看一下截图
6	接机发票
12	托运的液体有什么要求
0	离线看航线
15	联航托运
1	国际航班网上值机提前多久开放？
4	我给同事选座位，手机号码输错怎样做更正
15	我到时候不取纸质登机牌可以吗
7	我上次去黄山买的头等舱你们给我降仓位了？你们说退钱为什么到现在都还没有收到款呢？
15	别人代买的机票，可以自己付费改签么
12	可以带玻璃鱼缸上飞机吗
4	怎么值机的时候不能接收验证码？
8	你们人工电话
4	如何添加护照信息
1	你好！怎么选座位？
13	你好我的号可以帮别人办理登机牌吗？
12	花露水携带
1	我这边不可以选座，显示不是本人行程
12	医用拐杖能上飞机吗？
15	飞机延误了
1	为什么孩子不能和大人一起值机？
15	紧急
12	充电宝可以随身携带吗
4	你好，问一下，我之前注册的账号没用了，忘记了，怎么办
1	什么时候能选座
15	国际航班提前多少时间到机场
13	有电子登记牌了 然后想打印纸质的登机牌可以吗
11	如何预订本月19日的机票
4	我要更改认证人的身份证号码信息
11	怎么购票？
15	香港居民如何添加
0	我买了一张新加坡去印度尼西亚的机票没显示
1	已经预约选座，离起飞还有一天了，怎么还没有确定座位
12	两件行李没超过行李额，要收钱吗
15	咋么退钱
1	值机为什么无法获取仓位图
14	机票报销
19	出你媽
12	可以带液体食品么
15	水
12	我7/17号乘国航从美国纽瓦克机场飞北京，我可以提着一个工艺钟以替代手提行李上飞机吗？我是公务舱
15	工具箱在哪？
15	能帮助添加吗？
12	飞科电动剃须刀能带上飞机吗？
20	哈尔滨机场国航金卡有休息室吗
15	跟携程客服人工也确认过已经取消
15	退票怎么退
12	zipo打火机可以带吗
1	帮忙查询一下预定座位号
12	请问橡皮泥可以带上飞机吗
1	值机好被换了
14	接机行程单
15	操作完成不了
12	登记行李箱是多少寸
15	我想问一下，下载了pro版，就可以看2011年的记录吗
15	身份证和本人不像
15	位置已选好有二维码
4	身份证认证不了
0	怎么查询自己的返程机票
1	我怎么不能选座
12	飞机场可以带中药没
15	这是我自己的行程
1	如何或许随行人员值机信息
12	在线值机了可以托运吗
12	充电宝可随身携带吗
15	提前多久到机场办手续
1	常用联系人的添加
15	飞机起飞前多久不接受安检
13	二维码在哪里
15	这是小孩的，没法取消
12	蚊香液可以托运吗
11	如何购票
15	最多几个人
15	面霜
12	花露水可以托运吗
20	怎么申请有氧仓
9	联程机票
15	名字写错了怎么了
15	证件归属可以是2个人吗？
11	为什么不能购买机票
0	如何查询国际航班
1	帮别人值机，
15	与主乘客是同航班同舱位才可以帮助选票对么
14	怎么办理报销凭证
20	孕妇人工安检
4	你好，我川航会员更换了手机号，那么在航旅纵横APP上查询卡片信息的时候就显示我手机号无效，这个怎么办？
15	能解决我问的问题吗？
15	。。。。
1	如何值机成功
1	为什么我航班选不了座位？
1	靠窗
13	已经办理值机，但是二维码登机牌在哪里
15	手机办理值机提前多长时间
1	为何不能值机
12	自热米饭可以带上飞机或者托运吗
12	超过100毫升的化妆品液体可以托运吗
11	纵横航旅这上边不能预定机票吗？
15	Pro版本如何下载
8	你们能说一下客服电话吗
12	行李托运费怎么购买？
15	民航出行小常识
1	问下儿童的值机怎么弄？
15	那改了怎么办
0	你好，我订了明天的票，但查不到我的航班信息
0	2011年前的行程能查看吗？
1	我要取消值机怎么取消
15	是名字写错了，
12	托运收费吗
12	请问300毫升的蜂蜜，可以托运吗
1	选座添加同行人名字的输入格式怎样？ 外国人 护煦
4	修改不了证件
15	不能确认
1	怎么才能避开机翼
12	请问能带葡萄酒上飞机吗
15	3.24453E+12
11	8.31号的机票订不了吗
12	2万毫安的充电宝能随身带上飞机吗？
1	儿童自己乘机
13	电子登机牌可以登机吗
15	添加身份，可以添加几个
12	可以带电动剃须刀吗
15	充电宝规格
4	帮我注销账号
12	腊排骨可以带上飞机吗？
12	液体可以上飞机吗
15	乘国际航班证件什么
8	山东航空联系电话
12	飞机上可以带打火机吗
15	身份证号是对的
15	订单下不了
13	一般出什么时候能出电子登机牌
15	能做到及时反馈，解决问题吗
1	选座位在哪儿？
12	一个人可以带多少行李
0	如何用身份证号查询机票
15	为什么我认证了没有我的信息
15	如何添加多个证件号
1	为什么我不能取消座位
1	你好，什么时间开始选座？
8	厦门航空公司电话
1	怎么无法办理网上值机
20	如何领取失物？
1	飞机乘机人手机号错误有事吗？
20	行李破损，提起赔偿不超过多少天
15	解决个问题怎么这么费劲？
15	但是我已经收不到验证短信了
1	孩子怎么提前选座
1	我要取消选座，取消不了
9	东方航空长沙飞上海，再从上海转机到日本，需要出机场安检再从新进国际航班吗
15	微信号？
1	怎么给别人选座位
4	澳洲手机号无法收到注册验证码
1	值机怎么登机
12	请问天津航空对随身携带行李箱的规定
14	乘机证明无法获取
15	302422066找不到群
15	手机开机
12	手机值机后可否去柜台办理行李托运
14	打印发票需要什么材料
11	我想订上海至乌鲁木齐机票，点开后找不到订票窗口？
12	飞机上可以带新鲜的腊肉么。
15	我的上面已经没有了座位信息
15	延误补偿
15	国际行李
12	水乳可托运吗
15	办托运
15	川航没问题吧
12	充电宝可以带几个
15	没有显示选座标志
15	飞机延误如何索赔
14	已经出行但行程发票忘记搭了，现在应该怎么补办
15	这个可以带吗
15	为什么国际航班不显示价格？
15	我要查JD55航班延误信息
4	我想关联我的港澳通行证，为什么老是说我的中英文名字不匹配
1	网上值机完可以直接登机吗
0	在其他网站买的机票这里可以查到么
1	航班不能值机
0	我今年初去马尔代夫旅游的行程为什么没有提取出来？
0	可以帮别人查看飞机票吗
20	超过70岁的老人在网上买飞机票，要提供什么材料吗？
13	怎么办理电子机票
11	为什么港澳台国际查不到票价
15	春秋
15	本人常客卡
0	怎么查人家帮我订的机票。
15	可以提前一天取登机牌吗
14	请问行程单不见了可以重开吗？
11	为什么点击购票没反应？
15	之前手机号忘记怎么办
12	化妆品登机限额是多少
0	国际航班没有行程历史记录
14	个人乘机凭证多久发送
15	我需要取票吗
15	我绑定了EID，那过安检是不是只要出示电子登机牌就可以了？
1	请问6月6日Dz6204航班，何时开始网上值机
1	为什么不能手机选座
17	哈喽你好
4	我的手机号码为什么绑定的是别人的身份证，我没有在你们的网上下载过订票
12	请问公务舱的行李限额是多少？可托运几件行李？
1	无成人陪同儿童
12	面膜可以带上飞机吗
1	请问选座位同行最多能选几个？
15	手机不支持NFC功能是什么意思？
12	充电宝，国际航班允许多大容量？
15	亲，预约值机后是否成功也是飞行前48小时可以确认是嘛，那没有成功就立刻可以重新值机吧？
1	那我为什么只能选择3个
1	我只有2个同行人呀
15	宠物投运
15	？？？？？
15	空中常客
15	多长时间能修改完成
15	为什么查询到上限就查询不了了
12	塑封冷吃兔可以带上飞机吗
1	如何删除他人的值机信息
12	带吃的东西能过安检不
1	我的值机为什么没办法取消？
5	深圳宝安机场+临时身份证办理
12	自热小火锅可以托运么
1	已打登机牌如何取消值机？
12	膏状药可以携带吗
1	已经值机成功，还需要柜台取纸质登机牌吗
1	你好，我已完成认证，怎么不能办理值机，点值机时为向又要求认证？
5	只带出生证明可以吗
1	可以帮别人选座吗
4	变更账户证件信息
1	常用联系人在哪个界面
1	航班保护
5	持有身份证的幼儿如何办理值机
15	注册的时候一直显示飞猪已注册过，一直登录不了
1	怎么更改值机的人员信息
15	为什么选好座位提交后，刷新只显示成功一个人
12	能带防晒霜吗？
1	请问小孩怎么认证身份?我想选机票座位
15	飞机有Wi-Fi嘛
15	如何累积里程
1	怎样取消值机
15	接机没有按时到
1	国内航班怎么选座位
15	票号999-2430564927
15	机场雷达在哪里看
12	行李限额是多少？
11	我购买机票
1	机票如何选座
15	重新注册
15	为什么会说非本人行程？明明是本人
15	可以更改承运人么
8	我想打航旅纵横客服电话
12	充电宝可以带上飞机吗？
1	国际航班手机值机
15	你好，什么时间可以值机
1	如何查看常用联系人
15	机冀
15	澳门航空
0	怎么查询航班信息
12	防晒喷雾可随身携带吗？
1	怎么和同程人一起选座
0	我如何查看 我儿子的航班信息
15	18686606329.美卢
15	转机的值机
15	南通到呼兰浩特怎么推荐行程
0	为什么12年的查不到。
4	孩子用这个软件换了另一个手机号码未认证成功，我再上这个就上不去了
12	2万毫安的充电宝能带上飞机吗？
15	电子客票是什么
15	怎么
15	只有户口簿可以吗
1	航旅纵横支持国航，南航，东航手机值机吗
1	儿童座位怎么值机
15	认证信息有误
1	自己不出行，为他人选座
8	你电话是多少。
15	请问行程怎么兑换礼品
12	托运一小箱海鲜可以吗
15	电子登记牌
1	本人可以为同行人选座位吗
1	我要办理值机，现在怎么办不了值机
1	值机后无法修改
15	手机值机后 是否可以改签？
0	为什么查不到我的订单
15	升舱一直显示等待中
18	谢谢你啦！☕️
6	你好，我的接机订单发票一直未收到
1	什么是在线值机
18	哦，知道了
1	买了机票，怎么选座
1	为什么不解决取消座位的问题
15	行程照片不能上传
1	为什么有的座位选不了
5	身份证丢了，明天能上飞机吗
12	可以几件托运行李
0	为什么没有显示回程飞机行程
5	临时身份证办理
15	怎样删除选票同行人
1	怎么提前选座
0	怎么查别人的航班信息
0	别人给定的机票怎么查下来没有
1	L10472296，马雯，之前是希望能够帮助她值机，绑定之后发现没法值机，但又不能自己删除
1	我儿子没法选座咋办？
15	自助值机
15	加入我的朋友
1	为什么我不能手机值机选座位
1	航班不支持手机值机
0	境外的航空公司行程会显示吗
15	查不到呢
0	怎么用身份证号码查机票
12	20800毫安的充电宝可以带上飞机吗
7	升舱订单如何取消
0	无法导入国际航班
0	用身份证查已订机票
15	cz3297有餐吗
15	没有失败 是不会选
15	这是多少
15	超级经济舱和经济舱差价多大
15	北京首都机场几个航站楼
1	MU8889明天浦东飞美国西雅图的航班有网上值机办理么？
1	安全出口座位
11	航旅纵横能不能购买机票
0	我通过携程买的机票这里都有显示，但是我通过旅游团的机票为什么这里没有显示
15	台湾机票
1	预留座位
1	怎么选择座位
0	请问我的国际机票为什么不显示？
15	取消不了直机
4	未成年没有银行卡怎么进行微信认证呢？
1	怎么可以给别人值机
5	儿童坐飞机带什么证件
12	行李箱大小有要求吗？
15	没有找到
11	为什么能私自订票
20	80岁已上老人乘机有什么规定
15	手机选座
0	飞机航班号怎么查
14	如何获取报销纸质
12	彩妆可以带上飞机吗
15	停止值机还能登机吗
0	我已经支付宝快速认证，为什么看不到行程？
1	取消天津至乌兰浩特我的值机
1	是否值机成功
15	我要查找2017年的记录
15	计费标准是怎么计算的？
1	手机选座页在哪里
11	怎么买票
1	我想取消预留座位
8	川航客户电话
8	有客服人工电话吗
12	充电宝能不能托运?
15	我办了延误险，飞机延误了怎么弄
15	怎么办理
15	6.61231E+12
15	没有显示
19	尼玛币
15	有没有 VIP 通道购买
5	身份证过期一个月能直接正常登记吗
11	您好，机票如何付款
11	怎么订票
0	如何添加行程
1	常用联系人怎么找不到
1	在网上购票    到机场拿身份证在自助机直接打印登机牌吗？然后过安检？
15	绿豆能干嘛
0	春秋航空的航旅纵横为什么不显示，没有合作关系吗？
13	提前多久能打印登机牌
1	什么座位靠窗
12	22号晚上七点左右金鹏航空的Y87542的航班行李限额是多少
18	谢谢！
1	您好，如何办理国际航班的值机？
15	15号航班什么时候可选？
15	托运需要签字马
15	怎样才能关注川航的航班呢？
15	避孕套
1	什么儿童，他人。这是我本人在你们的网站选的座位，一个月前就选好的，现在给我调换了。
12	除了托运行李外，还可以带几件行李上飞机
0	为什么我的18年的行程，很多都没有显示
11	你们这上面能不能在线购买机票？
15	13920001972
15	加了也没用啊
12	你好，请问飞机上可以带多少葡萄酒？
11	这个app可以购买机票吗
0	为什么航旅纵横中有航班信息但是航线图不显示
1	航班取消，如何取消原有值机？
4	显示身份证已被用
0	全日空航程无法添加
12	飞机上可以带螺丝刀嘛
15	能改签？
19	这是什么回答
1	明天的飞机为什么今晚不能值机
8	方便，有电话联系一下吗？
15	添加人
15	我的问题能给我解决了吗
15	客人中心在哪
15	离线模式怎么开
15	经济舱在哪
1	可以帮他人值机吗
4	只需要修改认证的身份证名字
11	怎么买飞机票
15	问题不对
11	这里能买机票吗？
15	退票
15	我可以预定一份儿童餐么
12	摸脸油可以过安检吗
15	已提交，没有回答！
15	怎么改签或者退票
15	添加2人信息如何添加？
15	我昨晚飞机没有这次
6	接送机发票问题
0	已经手动添加但还是无法显示
12	你好 请问ipad可以托运吗
4	我今天只是修改了手机号码
15	我能把10月1号的飞机票改签到明天吗
5	无身份证 乘机
15	在哪里下载最新版航旅纵横
15	闪退
12	这趟航班，随机带多少行李？
1	那我不能提前选位吗
12	vj605免费托运行李
1	值机不能添加同行人吗
15	张掖机场都有哪些航班
1	你好哦 我想换一个位置
5	身份证不见了可以用护照登机吗
1	你好，宁波-台湾不能在这里值机吗？
15	最晚什么时候办托运
0	为什么我买了机票缺没有显示行程
15	已经最新版本
1	现在能预约值机返程吗？
15	mu715
15	没有选坐
6	接送机开不了发票怎么办
15	里程
1	暂不支持手机值机，是啥意思？是时间没到还是不允许手机值机？
1	为什么我调换不了座位
15	明天的
4	修改认证
15	有了电子登机牌怎么进站
15	里程卡
15	点取消取消不了
15	请回答我谢谢
15	旧护照
15	港澳
15	客服没给我确定的信息将我拉出群
12	托运行李免费额度
1	预约选座 可以更改吗
1	请问为何添加同行人选座时会显示说仓位等级不同
3	我的航班晚点了 那我是不是可以晚一些去机场
1	已值机，怎么换座位？
15	无效订单
15	哈尔滨机场的值机柜台在什么地方
1	取消值机不能取消
0	可以查别人的航班吗
15	水印
11	提交购票凭证失败
15	登机牌可以代领吗
8	有电话咨询吗
15	常客卡怎么弄
15	入境
15	登机时间
15	飞机晚点
15	值机后还需要取票吗
12	托运行李一个行李箱加一床棉被是不是免费
15	注销
15	还未开放值机
0	我想问问，我能提供别人名字和身份证号码，能查他的购票记录吗？
5	儿童未领取身份证怎么验证身份呢？
1	您好！我怎么能看到我的手机值机之后的情况
1	更换预约座位
0	为什么台湾通行证行程显示不出来
11	怎么选票？什么时候可以选票
12	直机禁止携带的行李
13	机票丢失怎么补办
1	请问父母能帮11岁孩子在手机上办理国际航班的值机吗？
4	护照没办法添加，总是提示英文与中文不符
1	怎样设置值机提醒
15	退票手续费
1	如何选座
15	黄色字体
15	特惠公务舱
1	我未办理值机？为什么系统提示已值机？
1	怎么取消不了值机
13	机票报销用如何取
11	可以帮我查询一下机票吗
12	请问41寸的吉他可不可以带上飞机
15	以前的行程
15	飞机座位图
1	多大年龄，可以独立坐飞机
1	您好，我的值机办理成功了吗
1	你好！我想选座位
1	选坐位不知道在哪里操作
1	进去座位页面根本没有取消值机的按键
5	身份证丢失可以乘机吗
8	有没有人工服务啊！
12	充电宝带多大毫安
1	怎么值机呀
12	请问行李超重怎么办？
12	笔记本能托运吗
12	请问经济舱可以同时携带背包和行李箱登机吗
11	买机票名字错了身份证是对的
4	注销认证需要多久
0	为什么不显示国际航班
15	我想查出入境记录
1	航班取消值机记录取消不了
15	已经这样操作，还是不能取消啊
15	我是国航
12	你好，乌龟可以带上飞机吗？
12	周黑鸭可以随身携带上飞机吗
1	添加同行人选座为什么不好选座
12	飞机可以带几个充电宝
15	是最新版本
15	你好，eld开通失败
15	路径？
12	两个人一起行李托运数可以合到一起吗
8	怎样联系航空公司
15	绑定手机号
5	儿童坐飞机需要户口本吗？
1	可以修改乘机人吗
1	怎样选座位，谢谢。
15	以前国际航班
15	工具箱在什么地方？
1	我已经买了值机，托运还可以办理吗
0	咋样可以查询到自己买的机票
8	你好，可以打人工客服吗？
15	app能否预定婴儿餐
1	你好，取消值机后还能再次网上值机吗？
0	航线图为何没有显示我最近的这个行程？
15	军人优先可以携带军属吗？
15	住宿
1	选座功能在哪
0	输入身份证查航班可吗
1	在哪里取消为别人值机
15	怎么下载新版
1	无法办理手机值机
14	发票怎么开？
1	电子机票如何过安检
1	8/7 MU5807航班为什么不能预约值机？
8	人工客服有吗
15	航线图怎么换颜色呀
1	手机选座取消不了了，影响改签
15	已改乘其他车辆，赶飞机。
0	我通过携程订的航班无法显示?
15	哈尔滨机场九元航空值机柜台在哪
14	如何报销行程单
19	什么呀，答非所问
1	可以预约登机选位吗
15	值机时连接超时
12	矿泉水托运重量
15	电子登机牌支持
1	我的航旅纵横，为什么不能手机值机选座
15	但是说的退票成功
15	什么是通程机票
4	添加证件
0	请问怎么添加亚航行程
0	值机提示非本人行程
15	纵横首页工具？在哪？
20	重庆T3投诉电话
1	添加儿童联系人选出生证明，证件号码怎么填？
8	海南航空人工客服电话
15	请问确定座位看到的自己是橘色的座位合适吗？
1	常用联系人在哪里添加
8	好的。怎样才能联系到航空公司？
19	白痴
14	如何查以前的行程和行程单
4	护照中英文名字无法匹配
1	为什么查不到手机选座
15	我可以用自己的手机帮别人创建账户吗
15	光大
15	长沙黄花国际机场有3号登机口吗
15	经停需要拿行李马
1	哪里选择同人值机
12	随身携带行李箱尺寸多少
1	紧急出口选座
15	化妆品呢
15	我在手机在线值机了，为什么退出去了，还是显示没有值机。
5	婴儿登机证件
14	行程单如何打印
15	国外航班
15	有找到页面怎么样取消
15	延误
1	帮别人取消座位
15	你好，我是周惟小朋友妈妈
15	最晚托运时间
1	无法为孩子值机
0	我的认证怎么不审核
8	祥鹏航空客服电话
12	购买行李额
12	我的mu9911行程的行李限额
15	充电宝限额
0	我的行程为什么显示不出来
1	怎么为儿童手机值机
15	这么认证
15	药物
15	两张机票同一个航班
6	我6.12的接机服务想开发票，行程怎么找不到了？
1	还有一个朋友选不了座怎么办？
12	洗面奶可以带吗
15	电话
6	可以开送机发票吗
15	充电宝20800
1	从哪选座位
15	面部和证件合影发到哪里
1	如何帮别人取消值机
0	行程没有更新
15	不能提交
4	后来就没理他了，为什么我的航旅纵横不能注册？
1	为什么春秋航空不能值机
12	您好！请问入境能带多少条香烟🚬
1	怎么删除常用联系人
15	eid无法开通
15	有微信群嘛
12	飞机能不能带口服液
1	为什么不能替同行人选位置
15	随身行李
13	手机值机后，为什么一直不显示电子登机牌
15	春秋怎么看不出
1	无法取消他人值机
14	我的座位免费升为公务舱，发票是否显示为经济舱？
15	国际航班值机
4	多久能彻底注销
14	您好，请把和我一起出差的同事牟德生的登机牌发给我一下，报销需要提供，谢谢
12	可以带乐器上飞机吗
12	你好，我的化妆品小样一共有6样，请问可以带上飞机吗？
15	人工电话
3	能查询到谁给我买的机票吗
0	你好，我昨天去柬埔寨的航班为什么没有显示
1	你好，我是明天中午十二点飞机，请问网上选座几点开始
1	办理他人值机取消
15	有没航空积分累积
13	我的钱包在哪里
5	没有身份证
15	app里能打吗？
0	看全球飞机航线图
1	怎样查询转机票
15	请问有没有提供晚餐？
0	请问，可以帮我查一下我🈶机票记录吗
15	显示已值机但未领取登机牌
0	春秋的为什么没有显示
1	如何给未成年子女值机
11	怎么订机票？
15	头等舱行李托运
15	飞机可以大骨灰吗？
1	先值机还是先办理托运
0	这是通过身份证提取行程的吗
1	请问在哪里选座
15	为什么没有选座
20	怎样办理轮椅接送机？
15	临时被通知航班取消，请问如何改签
15	经济舱有餐饮服务嘛
12	厦门航空MF8571可以托运蜂蜜吗
12	国航班机小孩的滑板车能带上飞机吗？
1	国泰航空的航班提前多少小时才能办理网上值机？
15	网上值机之后还可以改签吗
15	你好我在软件上已经值机，是不是我赶飞机起飞前登机就可以？不用按照票上的时间？
15	我想改签机票
15	如何收到乘机信息
12	手机关机可以放在行李箱里托运吗？
5	有快捷登机牌可以不永身份证吗
1	你好，非本人机票不能在线选座吗
15	航旅纵横售后电话多少？
15	登陆不了
15	航旅更新了，现在都查不到免票舱位了
15	你好，了解一下每天攀枝花进出港航班飞机？
15	加了QQ ，没有人验证？？
12	一次性刮胡刀可以不用托运吗
15	航旅纵横Pro的安卓版怎么安装
12	电饭煲能带上飞机吗
11	怎么买机票？
4	我输入的护照姓名 认证后名字变了 怎么回事
15	可以退机票吗
15	乘机证件
0	有对方身份证号码如何查询机票信息
1	我的手机为什么选不了座位
12	移动电源上没有显示电源容量，只有额定能量为18.5WH，可以上飞机吗
15	退机票
15	怎么预定机上无线
15	如果选择手机值机，行李怎么办
0	几年的旅行信息都没有了
15	已预约值机的客票，乘机人的身份证号码有错误，怎么修改?
1	帮我取消值机
15	如果行程改变，已购的机票多久时间内可以改签？
15	退票是怎么退的
15	现在软件怎么和原来不一样了
12	你好，我想问一下罗马式20000毫安能带么
15	亚航
15	123
15	我问什么时候给我选的47K座啊
14	找不到行程单号
15	你好，怎么看自己机票有无餐
1	我预约的37A的座位，为啥现在成了44K了？
12	你好，儿童行李箱有限制多大吗
15	所有航班值机时间
17	在没
15	这要怎么处理？
1	如何让删除通行人信息
15	笔记本电脑电池需要卸掉吗
14	不显示乘机凭证
15	烦人
15	飞机延误了2小时，可以晚点去安检吗？
12	免费行李额
1	怎么取消座位
1	选座位什么时候开放
1	我要值机
15	啥时值机
17	请问
15	怎么填加人员
15	个人中心在哪里
1	常用联系人在哪
12	酵素固体状能带上飞机吗
15	定位那个在哪里找
15	头等舱是免费改签吗？
12	能带熟食上飞机吗？
1	取消值机操作不了
0	为什么定了机票查不到行程
8	你们有人工客服电话吗？
12	硬盘带上飞机
15	QQ群申请添加了，没有回复？
4	440513199710024026 陈悦燕 名字输错
8	人工服务又没有电话
0	我的行程添加成功了，为什么没有显示
12	武汉飞往海口的飞机，能带香肠吗
12	有行李的可以网上选座吗
15	我不是同行人，就不能为他选对吗？
12	腊猪肉能带上飞机吗？
15	QR1409实际飞行与航旅纵横航线图差异较大
1	啥时可以选座
15	航旅登机牌
12	飞机可以带充电宝吗
15	要取消
1	我想问下，孩子怎么值机
11	app如何买票？
1	您好，我已在航旅纵横APP办理值机，直接凭电子登机牌过安检就可以可是吧？
15	如何选定座位
15	姓名与证件号不符
1	麻烦帮我取消座位预留信息！
8	我要人工客服
1	我要取消值机，怎么操作不了呢
15	失物
15	无线网
14	我要报销
14	9991956203992如何打印行程单
15	管理员不加
1	小孩在手机上能办值机吗
12	液体可以带多少
0	首页不显示行程
15	值机通知
15	我想问下明天的天气A461航路，会影响南宁到杭州的航班吗？
12	可以托运电脑吗
11	跑买票吗
20	为什么没有机场泊车优惠
15	水印相机
15	显示常旅卡级别不对
12	怎么在天津航空官网上购买行旅托运费
15	国外的里程存储
1	如何为同行人办理选座
7	我的航班取消了，我临时升舱的钱什么时间退还
0	怎么通过姓名和身份证号查询航班信息？
1	航班不支持手机值机是什么意思？只能去机场值机？
15	你们的信息有误
15	多少钱
15	值机后没按时到达机场
12	化妆品可以托运多少
12	请问每人行李限额
12	鸡可以带上飞机吗
19	智障
15	预定
8	转人工
12	物品超重怎么办
12	可以带液体吗
0	国际航班是要取票后才能显示吗
4	我的姓名改了，身份证号没变，但是认证不了
15	17702937676
15	是啊！我在成都机场T1
15	20000毫安
12	手提行李额
1	儿童票值机
15	没有呀
15	9.99E+12
20	如何申请有氧仓？
15	托运时间
15	这个账号能退钱吗？
0	你好，查航班状态在哪里查呢
0	廉航信息是不会显示的吗
4	改手机号收不到验证码
3	6月16号东航MU5953次航班起飞了吗？
1	部分座位锁定，无法选择
1	小孩能在手机上选座位吗？
4	怎么删除自己的证件啊
1	先安检还是先托运
15	哈尔滨机场国航值机柜台在哪
0	只知道身份证号，怎么查询是那个航班？
11	这个app在哪里买机票
15	可以带多少毫升
12	药品可以登机吗
15	太远了
15	不是首都机场
12	拍立得可以带上飞机吗
15	销户
0	你好！我没有订机票，怎么发信息给我
1	我的手机值机 已经取消了嘛
15	已经是最新版本了
15	航班延误
12	即食鸡胸肉可以随身携带在飞机上吃吗？不想托运行李
1	帮我取消一下值机
15	2005一一2014年国内的没有？
15	二维码
1	我的航班显示保护中
0	暂未找到你的行程
4	怎样修改短信推送信息的手机号码
12	消肿止痛药水可以带吗
13	儿童机票怎么取
15	我想问一下，我定的航班，突然取消了
4	修改手机号码
0	你的机票没有显示 为什么
0	没有我的订单
4	支持认证多个人的证件那
15	怎样享受贵宾
5	天河机场+临时身份证办理
1	你好，预留的座位如何确定
4	证件添加完了
4	账号注销
0	这几天我有行程吗
15	过了值机时间还能办理托运吗
12	牙膏带上飞机
15	飞机起飞前多久可以托运
15	我已经注销很多天了。没有结果
13	值机成功生成的二维码是干什么用的
15	为什么现实连接超时
9	联程换飞机吗
1	形成保护取消了也没办法用
1	怎样帮同行的人添加到航旅纵横来
4	如何删除自己的证件
15	为什么我的航旅登机没有出来
1	办理多人值机
15	时间来不及了快速托运
15	100Wh的充电宝是不是10000毫安?
0	别人呢帮我订的机票怎么查
1	有预留座位是否需要重新选座
15	机场雷达如何打开
15	7号毕节飞广州的
4	身份证变更姓名
15	有微信号吗？
15	pro版区别
8	航旅的客服电话？￼
1	我怎样选座位
1	您好，为什么我办理值机，显示非本人行程，不能值机
12	带上飞机的行李箱尺寸
15	我给小孩取消了，可现在提示我没成功
5	湛江机场临时身份证办理
1	座位锁住？
12	飞机上能带熟的咸鸭蛋吗
15	信息提示
15	电子值机以后最晚几点可以过安检
14	你好，想打印行程单是怎么办理？
15	怎么查询航班是否延误
20	圆通快递，长春市高新技术开发区三佳新村B栋109单元13514413309朱立春
15	工具箱在哪儿
12	祥鹏航空行李携带上机的尺寸？
15	？！？！
12	美联航托运限重
14	我需要报销，可以用电子登机牌吗
4	更改证件号
15	没有看到飞行模式入口照相功能。
1	怎样才是预约座位成功了？
1	办不了值机
5	临时身份证可以取票吗
15	电子票号怎么查
1	在哪儿选座
0	旧护照 行程没被更新
1	工具箱的手机选座在哪里
8	客服电话是多少
15	值机柜台k
15	那每次值机都要更换手机号?
0	宁波飞澳门的航班怎么查询
1	已出机票，为什么办理不了值机
15	麻烦取消
15	反馈的问题麻烦尽快回复
15	您好，请问飞机票可以改签吗
15	是手机认证
15	Dz6234在杭州t1还是t3
1	国航儿童不能在线值机吗
15	兰州到乌鲁木齐要出站吗
13	补打登机牌
4	我的身份证被其他账户认领
15	GS7875
1	你好，现在怎么不能在线办理值机
0	你好，问下为什么行程显示不全，只显示国内航空公司
1	已经开放值机了 为什么我不能值机
0	为什么没有显示国际航班？
5	儿童证件
15	我想选前排座椅，请问什么时候能值机？
4	换了护照，号码变了，如何更新？
12	托运违禁品
15	HU7696
17	在不
1	国际航班可以电子值机嘛
15	我想问一下行李托运
4	如何注销账号
14	行程单怎么打印
12	请问银行POS机可以随身携带上飞机吗？
1	一个账号能给多少人值机选座
0	怎么我有一个7月6号的行程没显示呢
1	请问付费选座订单在哪里
15	托运，行李被打开，丢了东西。
15	同行人
15	如何进入空中模式
1	修改常用旅客信息
15	第一次用你们的软件，不太了解
20	2岁以内儿童有座位吗？
15	没有找到。
15	改签后会更新吗
4	商旅纵横注册护照上的英文名输入错误 怎样能更改
12	行李托运有件数要求吗
15	如何写点评
15	为什么同样的航班舱位图不一样？
15	商务舱
4	护照号添加不上
11	定不了票了吗？
15	我已经值机了
14	怎么打发票
0	为何6号机票已出，没短信通知呢
15	选位置
4	取消注销
0	可以查询他人的航班号吗
0	如何提取2009年行程
14	行程单原件
15	我儿子乘坐了et302死了，有保险吗，。
15	小孩为什么不可先位置
15	为什么显示不是本人值机
15	还是取消不了
15	人工吗
20	那没有糖尿病就不能托运吗
15	手机电池
0	不小心删了行程怎么办
15	我没有购买今天的航班
11	可以订机票吗
15	ca4539
1	什么时候可以手机选座位？
15	人
20	失物招领
0	为什么没有以前行程记录？
4	我的账户绑定错了，怎么修改
1	怎么添加乘客
11	国际机票验真
13	我需要7月13日，从兰州到成都的电子登机牌。
0	查询航班失败
12	托运超重
15	为什么我的旅程数没有导入凤凰知音的会员卡里
12	西部航空行李限额是多少
1	eu2708 怎么还不能值机
1	怎样手机选座
15	我换了机场雷达卷，但找不到可以打开的地方
1	实时选座如何添加同行人
15	机场地图
0	春秋航空的行程找不到
1	国际航班可以值机吗
15	如果知道本次航班空乘人员姓名
14	飞机发票
15	如何加其他人
15	亲东航舱位等级
15	加其他人的行程。
1	我可以在此软件上给其它同行人员选座吗？
15	丢了东西
13	无法查看电子登机牌
1	登机流程
11	小孩买票的规定
15	接送机
19	太费劲了
1	安全出口怎么看
15	为什么有的不支持里程累计
15	9871491474
13	为什么我的电子机票  查不到
13	怎么查看电子机票
0	可以添加多个人查看行程吗
15	哈尔滨机场有吃饭的地方嘛
15	在哪里选票
1	如何值机预留座位
1	我想查下孩子的座位号
1	问什么海南航空的无法值机？
10	怎么办理常客卡
1	我自己不飞的情况下，可以帮别人值机吗
15	是航班不支持吗
15	电子乘机牌
6	取消预定的接送机
15	国际航班
12	日抛隐形眼镜可以带么？
15	100ml算吗？
14	机票行程单打印
15	为什么显示预约值机
15	人工安检
12	200ml的洗发水能不能带
15	麻烦后台帮我改一下
15	怎么维权
5	驾驶证可以用来登记吗
15	姓名和证件有误
18	知道了，谢谢。
15	请问航旅登机牌如何设置？
18	谢谢回答
15	北京首都机场的值机柜台在哪
15	认证出错
12	从哪里买行李托运
15	台湾
12	移动电源可以上飞机吗？
12	托运酒数量有什么限制？
11	我买的明天的机票
15	今年的也没有
0	热力图在哪
1	值机选座怎么选不了
12	可乐可以托运吗
15	你好，分装瓶容量不超过100ml，但是上面没有显示多少毫升，可以带吗
11	我要定烟台-北京7.26去、8.8回的往返机票，怎么操作不下去了？
15	请问我有一个从深圳到重庆的航班为什么不能退改票？
0	别人帮我汀机票怎么查
15	肯定有问题，我自己及其亲友都没有帮我订今晚21点贵阳飞北京的航班。
15	邮件地址
14	怎么取得电子行程单
15	为什么下截后无法使用，被其他人窃用
15	DF是挨着的座位吗？
15	预约值机连接超时
15	MU2195
0	国际航班能查吗？
1	一共三个人，只预约了两个座位就提醒不能重复预约
15	价格监控
15	如何取消行程证明
15	托运行李费用
15	川航3u8516
1	经济舱锁定的座位不能什么时候能选
15	机票价格
8	請回电！
1	如何帮别人预约选座
15	你好，我今天收到两个出票通知，都不对，请帮助查询
15	新郑机场
15	160Wh是多少毫安的充电宝
13	登机牌可以补打吗？
12	电子烟可以带上飞机吗？不使用烟油的
0	别人帮我买的飞机票但是留得他的手机号为什么我这里没有行程显示
6	我在app上存了500元机场接送服务的预付费，请问是神州专车吗？
1	儿童如何跟随成人值机
1	不能选座
13	电子登机牌在哪
15	票号
15	50g的高压瓶
12	可以带上飞机的液体是多少
12	飞机上带1罐奶粉可不可以
1	您好，预约选座为什么没有提示成功？
1	为什么值机选不了座
14	乘完机如何开发票
15	有半套票没用今天为什么要到今天到期
13	请问值机后还需要到机场打印登机牌吗？
15	补登记里程
4	总是认证失败，说证件已被其他账号占领
15	停止值机
1	我帮朋友怎么预约调座位
12	没有免费行李额，那20村箱子能自己带着上飞机吗
15	但是找不到界面
11	小孩要买票
15	新加坡航空
1	取消某次航班值机会影响去机场柜台办理该次航班值机吗
15	我新办的号码注册不了
20	儿童乘机规定
15	您好，人工
15	转机时间跟到达不少于多少小时
15	为什么不会显示价格
20	电钢琴托运损坏怎么办
15	查询航班乘客信息
0	为什么我实名验证后没有往期的航班
19	你们再不改善那些低端小问题 客户都跑了哟
1	添加同行人，显示我重复预约是怎么回事？
12	橄榄菜可以带吗
0	国际航班不会在行程中显现出来？
1	婴儿需要到柜台办理值机吗
1	不能取消座位
12	可以托运防晒喷雾吗？
4	值机，手机验证码一直收不到
13	可以补以前的登机牌吗？
15	机票怎么更改乘坐人
10	你好，如何成为常客
0	怎么查自己的国际航班
15	水果
15	怎么查航班起飞的航站楼
1	你好，我昨晚办理了值机，现在想取消值机重新选座位，怎么取消不了呢？显示我已打印行程单，但我实际没打印呢
12	海南航空柏林飞北京可以托运多重的行李
15	你知道是什么原因吗？
15	怎么回事啊
14	发票可以不和机票同时邮寄吗
10	我想问下那个常客卡怎么办理
1	怎么在手机上办理值机？
1	信息全填写好了，但还是选不了坐，请问什么操作呢？
11	你们网站上能定机票吗
15	怎样把软件分享给朋友
12	三个人一个大箱子里，30公斤
4	获取验证码次数超限怎么办
12	带小猫坐飞机需要准备什么
15	我两个人为什么添加不了对方？
15	转机
1	成都双流国际机场直飞普吉岛可以网上值机吗
1	为何无法为他人值机
1	东航支持电子值机吗
15	管制刀具是什么
1	取消预留座位
15	提前多少时间去机场
15	取消不了
15	我想咨询人工
15	飞行高度在哪里看的？
15	不能用航旅纵横了
15	行程卡可以买吗？
1	航班起飞前多久就不能用手机值机了
0	无法显示我以前的里程
15	我看到呼市到广州航班上有正餐，我想预订素餐，怎么订？
1	麻烦问下，预约值机是不是只能选两位同行人？
12	你好，国内航班，烟台的飞武汉，能不能带大樱桃
15	中华航空
7	这个可以升级仓位么？
15	截屏
11	怎么订往返机票
15	已经是最新版
4	无法认证
15	起飞前多久停止值机
15	如果别人给我订票，我手机完成值机后，别人还能不能退票
15	开票
1	请问学生没有持户口簿可以在这个软件上办理值机业务吗？
15	如何点票
12	行李限额
14	机票报销行程单怎么邮寄？或者机场打印？
15	化妆品
0	我订完机票但是纵横没有显示？
0	为什么更新后，所有历史飞行记录以及即将开始的行程都沒有了？
15	超级经济舱
15	理理我
15	要个电子登机牌就那么难？
1	请问10岁孩子怎么进行值机？
15	退票怎么办
15	为啥消息通知不显示了
15	手机可以开飞行模式吗
15	深圳航空
1	带锁的座位是什么意思？
20	你好，行李箱托运完坏了
15	邮箱收不到登机牌信息，为什么
12	托运可以带液体多少毫升
15	您好！请问吉祥航空HO1032  7A座与8A座，那一个座比较好
15	医生处方证明给谁看
19	晕
14	我的报销凭证何时邮寄回来
1	如果查询同行儿童座位？
1	HU7736机翼的位置在哪几排
0	为什么查不到国航航班的信息？
15	延误证明在哪里开？
15	想办法怎样让我取消了
1	为什么我的座位被更改了
15	机场雷达在哪里
1	常用联系人页在哪里找
13	机票在哪里可以打印出来
15	怎样在系统上修改
1	饿哦想从新选座
12	液体药水有什么限制吗
15	查了
1	我的客票号15位
4	认证的姓名和身份证不一致
0	国际航班没有记录
12	祥鹏公司没有免费托运行李吗？？
1	东方航空可以儿童选座吗～
1	mu786不能办值机
12	如何取托运的行李
8	请问电话客服是多少号吗
1	怎么不能添加同行人？
15	100ml是多少
15	旅豆在哪查
13	怎么看不到电子登机牌
12	国内航班，虾能不能带上飞机
12	20寸箱子可以带上飞机吗
0	国际航班行程缺失
1	预约值机什么时候成功
13	我想问下电子登机牌可以换成纸质登机牌吗
4	如何修改密码
5	机场可以办理临时身份证吗
12	可以托运白酒吗？
3	航班拥挤度是什么意思
12	20000毫安充电宝可以带么
1	我被莫名选了座位是怎么回事？
15	为什么有的做不能选？
15	你好航班取消证明在应用里怎么打印？
13	如何查看行程支持电子登机牌
1	为什么小朋友值不了机呀
15	用电子机票 最晚几点进入
14	怎么打行程单
18	明白了
12	网上值机可以行李托运吗
4	我的证件显示被其他账号使用，怎么办
17	嗨
12	充电宝可以带多大
15	航站楼
4	如何删除认证的护照
15	干粉灭火器
15	想請問0705 飛北京的FM9103是取消了？
4	新护照怎么无法添加
4	但是我忘记了以前的账号和密码
15	纵横为何没有春秋航空
7	军人持证件可以升舱吗？
15	eID
5	您好，请问我在你们的网站买的酷鸟航空的机票，但是护照还有两个月到期，请问可以用新的护照办理登记手续吗
14	可以打印电子发票吗
12	手机值机后还能托运吗
1	手机选座后怎样修改？
9	中转住宿
14	怎么拿电子行程单？
15	飞机餐是什么
15	删除好友
15	飞行次数不对啊
11	我已经认证过了，怎么买票
15	电子回程单
15	买机票时中文名字输入成全拼能改吗
11	你好，可以帮我看下机票有没有买成功吗？
14	个人乘机凭证邮箱怎么改变
1	如何删除联系人
11	往返机票在哪查
0	您好，我泰航的行程怎么显示不了。
1	福州到香港的机票可以值机吗
15	可以扫码登机吗
8	电话客服
11	儿童自行座飞机✈️怎么买票呢
15	乘客须知
0	想问下，如果买的香港快运的航班，可以添加进来的吗
0	旅行团代买机票怎么查已购买
15	现在已经可以用新手机登录，但是选号时提示认证，但认证时提示上述情况
0	请问我添加了一个行程，为什么在app上查不到呢
15	我的航旅纵横为什么没有这个
15	看看什么原因？？？
15	延续
15	Open
0	我的机票怎么查不到
11	怎么在航旅纵横上订票
15	网上办理值机后晚到机场有没有影响
15	充电宝 使用
12	请问办理手机值机，还可以到机场托运行李吗？
2	旅豆如何兑换
19	什么破软件
0	请问亚航的机票怎么添加
19	你看吗？
1	你好！请问怎么选座？
11	航旅纵横只能查询不能购买机票吗？
15	你们群没通过
1	为什么该航班不支持手机选座呢
1	应急出口的座位怎样预订
12	20寸的行李箱不用办理托运是么
14	行程单怎么打
1	如何为儿童值机
12	洗发水可不可托运
15	我在华为应用市场买的pro
15	经停是什么意思
15	电子客票号在哪？？
15	怎么办？
14	行程结束报销需要电子登机牌
15	想要改签可以吗
15	延误险怎么买
19	你懂什么啊
15	如何开通电子身份证件照
1	发送其他人的值机
1	说航班不支持手机选座
15	在航旅纵横的哪个页面有工具箱
1	只有一段航班，为什么看不见我预约的情况了
1	你好，我要值机的时候要连朋友的一起值机怎么办理
1	为什么我在航旅纵横值机选座选了两个人，然后取消值机有一个取消不了？说是没在这个渠道值机，可是下午明明一起在航旅纵横选的座
1	手机值机算换登机牌了吗？
14	发票如何取得
15	晚点多长时间可以获得索赔。
1	我们一行四人 为什么只能选三个座位？
3	航班动态中怎样查询呢？
1	我不在这个航班上可以给别人预约值机吗
7	我购买了升舱 可以享受哪些服务
15	比如实时飞行动态
1	我的位子选的怎么取消呀？
4	我每次认证都失败为什么？
15	什么时候确定值机
1	怎样取消选座
15	100wh是多少毫安
15	这是什么意思
0	未来行程删掉了，怎么找回
15	查询进港信息
1	请问办理了在线值机后去到机场流程是怎样？
15	延误一小时
0	为什么未来行程这里找不到
15	航旅纵横哪里有工具箱
1	我想给同行人在线值机
15	怎么老不对
0	为什么开启了短信提醒还是收不到通知消息？
1	为他人预约选座
1	航班保护中不能选座位
15	没有选座这项
15	提前多久停止登机
15	7.82E+12
12	可以随身携带多大容量的充电宝
12	请问，航空托运上限是多少
15	也就是说我注册登录后证件认证两天后才看到行程？
15	23弓63了496
1	可以提前值机亚洲航空的航班吗
13	手机上弄过电子登机牌还能领纸质登机牌吗
11	如何购买联程票
15	不是这个，是登录号
1	我有一个值机想取消
15	😂
15	已值机状态，可以进入候机大厅候机吗
1	什么时候才可以选座
15	临时改签是不是很贵
4	我认证不了
12	非液体药物可以携带吗？
12	飞机能带水么
15	被限制了是什么意思
15	你好，机场是否有快速通道
0	在航旅纵横值机后为什么没有短信提醒
0	国际间的航班不能显示？
1	我是值机不成
15	忘记了我的登录名
15	你好，人工电话
1	你好，我想问一下，如果取消自助值机或者选座？
1	已升级最新版本还是不能正常值机
1	我是明天下午18点20的飞机，为什么今天选不了座位
1	网上值机后如何登机
15	问不答题
15	手机值机提前多久到机场就可以
12	可以托运什么东西
1	现在不能手机值机呢？
15	安检时间什么意思
15	怎么升级
15	其他的都不显示
1	同行人只能有3个吗
1	如何给儿童选座
4	认证不通过
11	怎么不好订飞机票
0	2015年前的行程
1	不能取消值机为什么
15	17点20分飞到石家庄的是哪个航班
15	兑换码
15	无法反馈
15	停止值班
15	错误3121
1	儿童不能选座吗
12	飞机可以带夹板吗
12	托运行李收费吗
12	微波炉可以带上飞机吗
15	联系保险公司吗？
15	赠送延误险
15	你们的预估起飞时间是怎么来的
4	认证一直审核中
15	KN2267这趟航班我退票需要多少钱手续费
15	机票上面没有登机口
1	你好！请问在哪选座位？
12	请问可以带打火机吗
15	证件校验失败？
1	想问一下国航航班可以办理值机选座吗
12	您好，我想问一下行李箱具体尺寸有限制吗？
0	能用身份证查询机票？
5	护照可以国内登机吗
1	取消值机失败
15	W代表什么座位
4	为什么添加身份证号上面显示证件格式不对
11	怎么买机票
14	我需要乘机证明你能搞定吗
1	预约选座 可以往返航班都选吗？还是只能先选去的航班
17	在吗。
15	请问我想投诉找谁
12	托运行李超重怎么收费
0	可以用身份证查订单吗？
0	为啥查不到我明天得行程
7	到达目的地了，没有升舱，什么时候退款呢？
12	液体药品托运
15	升仓出现重复收费
15	加了QQ号一直没人接呀。
1	飞香港澳门可以选座位吗
15	如何预约？
15	起飞前多久停止安检
4	账号注销不了
15	?
1	值机预约
1	如何添加不同乘机人
15	我想问一下国航早上7：00的航班，有早餐供应吗
1	预约选座
15	首页行程哪里去了
0	国外飞国内查询航班
1	泰航怎么办理值机
1	HU7907西安-巴黎，06月11日。啥时手机值机？
15	eID证件扫描不上怎么办
1	婴儿票 值机
13	手机值机，有电子登机牌还可以打印纸质版么
15	只给别人选可以吗
0	国际机票添加行程
1	亲，在哪里可以帮别人预约值机
15	幼儿
12	国航飞法兰克福不可以带什么东西出入境
20	首都机场哪里可以寄存东西
0	国际航班没有显示行程吗？
14	电子发票在哪里？
15	改签
15	凭证号是什么？
19	去你妈
8	你电话
15	我需要取消航班
1	怎么选座号
1	选完座可以改吗
15	航旅纵横有业内版本吗？
15	怎么升金卡
5	没带身份证怎么办
1	儿童怎么选座
20	今天孩子生日，坐飞机有惊喜吗
15	身份证输入错误还能办理值机吗
0	你好，定的国际航班怎么不显示
14	如何获取行程单
15	换绑邮箱
1	值机时所有显示绿色的座位都可以选吗？需要补钱吗？一般第一排至七排可以选吗？
0	我今天的行程怎么看不见
15	怎么知道退掉直机成功
15	只有一个电子登机牌 可以两个人值机吗
12	可以带充电宝吗
15	喷雾
1	看不到选座这一项就是还没开放选座吧
15	CZ3464
1	你好，我问下怎么选座位
4	我要取消证件认证
1	买的是gy 1760的，不打折全额机票洛阳到，贵阳，但在电子选择座位的时候，很多都不让选，这是为什么？如果是这样，我还不如买三折四折五折的机票
14	行程单要如何获取？
12	可以买行李额吗
15	你好，我未出行的机票，被替换成了其他人的姓名，怎么回事
15	增加别人
15	从哪里查到我的转让人
12	国际航班46kg行李额
15	取消不(;｀O´)o到
15	常用联系人填写错误
1	为什么页面上没有预约选座
15	航班显示错误
11	怎么预订机票
1	怎么选座？
0	我的行程为什么没有显示？
1	在携程上买的票能在这值机吗？
0	以乘坐航班为什么显示还是未使用？
15	手机值机选座问题
1	你好，我如何帮助别人值机？
15	登机牌上有什么信息
1	不乘坐航班，可以为别人选座嘛
15	未来行程什么时候能看到
1	我的订单是否开始选座了
1	为啥预约值机三位之后，无法继续预约？谢谢
1	改联系人
1	怎么添加常出行人吗
1	常用联系人在什么地方找
20	婴儿坐飞机
15	我本人未订
1	可以帮别人选座位吗？
20	八十岁的老人可以坐飞机吗？
4	是证件认证里的名字拼写错误
12	MU7780有免费托运行李么
15	MU551有午饭吗
1	为什么值机后改不了位置
14	电子登机牌乘机后没有打印行程单
15	我添加完了，还是不行
4	请问可以帮我添加这个证件吗
15	贵阳民航电话
15	同行人的客票怎么查？
14	我的航旅显示行程单以打印，
15	航班取消了？
0	如何查询别人帮订航班信息
15	这是什么情况
11	能帮我查到机票吗
15	电子票
14	行程单
0	查一下我的机票
15	里程可以延后吗？
11	买票时名字写错一个字怎么办
15	特价机票，如果航班因天气影响而导致延误取消，怎么办
4	如何删除已认证证件
4	现在新电话无法认证
19	衮
12	化妆品可以拿透明旅行瓶装吗
1	网上订的座位A6、现在变A13啦、怎么回事？
1	你好，为何我用手机办理不了选座，迟迟收不到短信
1	坐飞机的注意事项
11	已经买票了
15	需要餐食怎么预定
1	关闭值机服务，怎么取消值机
12	防晒喷雾能否带上飞机
0	半年内的航班没有导入
15	上航呢？
15	怎么提供照片？在哪里提供？
15	添加成功后还是不显示
15	如何設置偏好走道位
15	身份证是正确的
1	座号从哪里选？
15	都操作了就取消不了
15	“通航机票“是指“通用航空公司“的机票吗？
4	如何修改已经认证的错误信息
15	95350 GT
15	贵宾
1	如果取消值机，能不能重新值机？
20	遥墙机场过安检后里面有吸烟室吗？
1	我如何帮我朋友值机
15	提前订餐
4	请问怎么取消认证
0	为什么到现在都没有显示行程
12	托运对液体的要求
15	爱心服务订单哪里查看
15	哈尔滨机场国航的值机柜台在哪
1	值机还能托运吗？
8	客服人工电话号码
4	认证过不去，是因为长久设用在线了，另外电话号码改了，怎么办？
15	铅笔刀也不可以吗？
15	之前看下去什么舱位都有，一目了然，现在有些舱位都看不到了，好比如海航的Q舱，南航的S舱，现在都看不到了，连头等舱的打折舱都看不到了
15	护照
1	你好，我已经办过值机，孩子四岁半不能单独办值机，请问，孩子的怎么添加上？？
15	请回答，谢谢
15	app能否预定
8	成都航空客服电话多少
15	9993680390560  客票号
1	我已删除以前的朋友，现在怎么就只能添加一位旅客
15	价格
1	麻烦问一下，我想知道如何预选第二个行程座位
15	没有工具箱
15	出入境
1	无法手机值机 怎么办
12	剃须刀可以携带不
15	身份证丢失怎么办
8	如何人工解答？
12	家乡味肉制品能带吗？
0	为什么两年前的行程没有显示
8	人工客服号码多少
15	为什么只显示一个座位
1	团队出国旅游，什么时候可以开始选座？
20	我今天在飞机上拉下了我的充电宝！能不能找回
0	怎么查我的机票
0	有些行程没有显示
0	改签信息未更新
1	明早7:55从银川到重庆的航班CZ8048为啥不能在手机上选座
14	怎么邮寄行程单
15	首页
15	美女
15	一直延误
8	航空公司服务热线电话号码多少
15	能退多少钱
15	手动添加
12	可以带化妆品吗
1	常用联系人页面在哪里
8	机场热线多少
15	帮他人订票我是否收到信息
4	更换身份证
0	已经结束行程，却提示该行程尚未乘坐
15	怎么升级pro版
1	如何选择座位
3	怎么看实时航班
1	值机时新增人员的名字错一个字同音不同字会有影响吗
1	为什么预留的座位被别人抢了
17	亲在么
4	如何销户
4	我添加别人，为何显示格式错误
15	这个是什么情况
15	人共服务
0	美联航如何添加行程
15	low
15	如何购买延误险
12	助焊剂可以带上飞机吗
15	你这里只卖两家航空公司的票？
15	怎样设定以前的航班信息
12	防晒喷雾能过安检吗
15	您好，我不能下单？
1	从哪里选坐位
14	怎样导出个人乘机凭证？谢谢了
15	如何将航旅纵横推荐给朋友
1	怎样查看机型座位图
15	我在你们软件上值机显示已值机  但是在航司app上显示没有值机 只有座位选了
13	电子登机牌如何下载
15	在手机上办eld识别身份证怎么不成功
15	民航出行
1	我可以为家人办值机登记？查询家人的电子客票号吧
0	今天我没有行程为什么提示有行程
1	儿童值机怎么办
1	手机值机后，去机场如何办理
15	常见客密码
1	手机值机的二维码找不到了
15	Mu2160
8	服务电话
5	福州长乐国际机场＋临时身份证办理
0	我的来回机票出来这么久也不显示出来
4	为什么我的所有认证都失败了
0	我明天回国的机票怎么看不到
15	查询
0	为什么我的行程里面没有显示6月26日的行程
15	人工给我回复
20	办理了托运，到登机口机场有轮椅提供吗？
15	My
4	显示认证失败
15	AQ1052
12	可以免费托运吗
15	6^[&]
1	值机能不能大人和小朋友选择在一起？
15	你是谁做的
15	我的信息被别人占用了
11	怎样买票
15	要怎么样才能选到31至40号的座位？？
1	为什么我不能选座位？
1	我的值机怎么取消不了
12	我想问行李托运是下飞机之后就可以拿吗
12	随机行李箱尺寸
15	祥鹏的怎么办理退票
15	北京飞澳门
17	^在吗
15	你好，是不是只要我订了机票，你们app里就有信息
15	已经值机的机票能退吗
15	你好这到底是怎么回事
8	客服电话是多少号
1	想问问哪排不是靠着飞机机翼的
15	收到
1	明天下午16:35呼和浩特飞贵阳现在可以选座吗？
12	移动电源可以携带吗
12	行李箱可以带上飞机吗
15	我已经购票成功
12	能带50ml 止汗走珠液上飞机吗？
1	婴儿怎么值机
12	你好我想知道我这个航班有免费托运行李吗
4	不能认证
15	客票代理怎么联系
13	电子值机牌可以直接登机么
1	安全出口
15	卡片在哪块
15	Qq号不存在
1	哪些航空公司的航班可以在此APP上值机?
14	你好，可以开发票吗？
1	我想取消值机
12	电钢琴可以随身携带上飞机吗
12	上飞机能携带单瓶不超过100ml总量少于1000ml的液体吗
1	为什么和成人一起添加值机，儿童显示航班不同？FM821
1	什么时候开始选择座位
15	如何找到机场控制人员
20	孕妇要证明吗
1	航旅纵横最多可以帮几个人选座
3	你好  怎么查询所有航班到达出发的时间?
15	从哪里看飞行多高
15	咋回事
1	怎么选第一排座位
15	为什么开不了票
15	在哪个栏目里进入潜血我的行程？
15	为什么从未坐过的航班显示已使用
1	同行选座可以选几人？
1	如何为家人选座
15	飞机延误
15	不可托运的物品？
15	首都机场有几个航站楼
4	更换护照后如何办理证件认证
1	是不是我网上预约座位后，在去航空公司app办理值机
0	无法添加行程
15	航班动态没有刷新
6	预约接机会便宜一点吗
15	航空公司没有权限的 我问了
15	值机柜台在哪儿
1	如何为家人值机
14	怎么打印报销单
15	请问，6月8日ca1650航班登机口关闭时间是几点？
12	请问能带沐浴露吗
12	电磁炉可以托运嘛
1	值机取消不了怎么办
3	今天航班怎么取消了
10	如何添加更改常旅客
4	收不到验证码
4	原来朋友用我的手机注册的账号，我想重新更改一下信息
1	预约选座取消
12	充电宝可以携带多少毫安的
1	我要从新选座
12	电动剃须刀可以随身携带登机吗？
1	我要预约选座
12	携带行李箱重量
15	搜索
15	已经开放选座了
15	美兰机场
15	微信客服
15	专车问题
4	身份认证提示已被其他人注册
1	你好，请问我手机值机时为什么要我输入本人信息?信息输入完后又说我是非本人行程?
1	请问，国际航班提前多长时间可以手机选座直机
1	没什么不能选座
12	经济舱免费托运45公斤？
12	廉价飞机有免费行李托运吗？
15	无行程显示
15	无纸登机
14	我需要行李托运的电子发票
15	显示访问次数限制
15	898-5519043510
12	保湿喷雾可以托运
4	认证的名字错误，需要取消重新认证怎么办
5	婴儿坐飞机需要什么证件
4	乘机证件认证
12	20寸旅行箱能上飞机吧
1	如何更改已储存的值机人信息
15	航班延误四个小时有赔偿吗
4	我之前另一个号绑定过身份证   然后那个号注销了  为什么现在用不了航旅纵横
15	逾重行李
14	乘机凭证
14	5月29日天津航空7552航班和田飞乌鲁木齐的报销凭证怎么开
14	上周我刚刚出差去广州，我需要获取从三亚到广州再从广州回三亚的行程单，如何获得
13	打印登机牌有限制时间吗？
15	行李转盘号查询
15	西藏航空手机值机
4	证件已被其他账号注册
12	无免费托运行李额是什么意思
12	请问腊肉可以带上飞机吗
1	如何办理值机，未找到
12	出入境行李要求
15	如何提取电子客票号
4	删除证件
15	想选座位
4	怎么绑定护照
1	手机选座怎么操作？
15	CA1486的准点率
1	小孩可以选择座位号吗？
1	孩子12岁怎么选座，山航的sc4960
19	投诉你！
12	火折子可以托运吗
15	安卓
15	Pro版在哪里下载
11	机票身份证号码对的名字不对能登机吗
1	怎么在线选位
15	TT663今天航班取消了吗？
15	为什么有其他的行程
15	可是还没显示
1	有部分座位不能选择，未到开放时间
0	怎么查询朋友的航班
15	提前多久可以值机
12	行李托运两个人的限额可以一起用吗
12	化妆品可以带上飞机吗
4	怎么注销账号
1	只能为自己值机吗
15	我早上的航班是否改过时间
12	真空泵可以携带吗
1	帮我查下我这班一个叫李梦涵小姑娘的座位在哪里
1	怎么查看之前选的位置？
1	任何选择座位号
15	别人的证件
15	发现
15	知音
15	电子产品
1	我一次只能办理两个同行人值机吗？
12	放行李箱托运可以吗
1	小孩可以办理值机吗
15	说话呀
4	怎么添加好友身份证
12	行李运输是多少一公斤
1	我选不了座位
15	同行的其他伙伴都可以取消，仅一人不可更改是为什么？
15	P是什么仓
15	飞机延误吗？
12	能带iPad 看嘛
15	E60665707
19	这是我用过最费力的app
15	什么叫open票
1	取消预约值机还可以再次预约值机吗
12	你好，请问生鸡蛋可以带上飞机么
0	为什么看不见机票订单
1	值机是随时都可以还是要在起飞前几天内
1	为什么不能自己选座位
1	替别人值机
5	临时居民身份证
0	我知道可以用护照登机，但是在航旅纵横里面会显示用护照出行的明细吗
1	我的值机取消不了
15	37072120000306537x
12	白酒如何携带
1	如何提前选座
12	联航随身携带背包收费吗？
14	电子行程单能发到邮箱嘛？
15	保险在哪
0	为什么   不显示未来行程
1	我想要取消值机
11	本软件不能搜索机票啊！晕了
1	小孩手机不能办理选座值机。怎么操作？
1	可以帮别人值机吗
4	添加新证件号码，出现问题
1	然后取消选座
0	香港的航班是要添加港澳通行证才能查到么
15	我想打人工
15	怎么预定穆斯林餐
4	为什么我的身份认证失败
15	春秋航空
12	行李限几件
15	身份证件丢失
15	我我是少数民族，能不能给我安排清真餐
12	狮子航空行李额
12	飞机上能携带的液体数量
5	首都机场临时身份证办理
8	请给一个人工服务电话
15	中英文姓名
15	买了保险，延误4小时以上如何理赔？
14	我18号有2个乘客值机，为什么只收到一个电子行程单
20	怀孕四个月的孕妇可以坐飞机嘛！需不需要什么证明
12	烟草有没有数量限制
12	可以带两部手机吗
1	为什么这个软件不能给别人值机了呢
15	我想改签怎么弄
15	已办理值机 未显示
1	如何帮我的宝宝值机
20	婴儿乘飞机
1	经济舱可以选座  8A吗
19	擦
17	这个软件能做什么
7	你好 我有一万多行程，请问可以升仓吗？
12	随身携带香水有限制吗？
15	没看见
13	怎么获取登机二维码
1	请问可以帮他人预约选座吗
9	请问怎么知道自己的航站楼
15	我坐的是首都航班
12	飞机托运酒
15	我是国行
1	怎么给机票选座
0	你好，我在携程上订的机票，怎么导入进来选座
8	你们客服电话号码是多少？
15	在这个软件里面怎么看
15	有问题咨询加哪个咨询
4	注销账户申请
1	跟团飞机可以选座吗
14	电子客票行程单
1	选座按钮没有
15	客票信息显示舱位等级为经济舱（K） 手机值机时选择座位 能选舱位等级为经济舱（Y）的吗
1	航班保护要多久
1	飞机上看位置
15	这里没有吗
12	鸡胸肉能带上飞机吗
1	中国航空CA1239可以手机选座不
12	请问下周三，6月12日GS7898的航班，大的行李箱免费带吗？
15	未满十八岁 没有银行卡
15	为什么要更过我预约过的座位
0	为什么我的国际航班行程没有显示
0	为何我购买的韩亚的航班。。航旅纵横上没有显示
1	自己不出行帮别人能值机吗
19	没有解决问题
10	如何办理航司会员卡
5	身份证过期
1	提前预约值机
1	选座位页面找不到，工具箱页面在哪里
0	别人帮定的票怎么查询
0	我没有买这个从拉萨到重庆的机票，为何提示我已买票并马上起飞呢？
1	预约值机成功了，为什么不能取消，从新预约
15	怎么预定儿童套餐
1	给别人选座
0	缺少行程记录
11	如果帮助别人买票
1	为什么不能自助选座了
4	我的名字写错了 怎么查看是否更改
1	东航可以值机吗
12	桶装冻虾能托运吗
1	怎么帮助他人办理值机
15	我想看下我买的是什么舱位，怎么老
10	怎么修改会员卡密码
12	苏打水能放到托运行李里面吗
1	预约值机在哪取消
1	紧急出口位置怎么选择！
15	客服没有回复
15	可以在飞机上听歌吗
12	可以同时携带一个行李箱和书包登机吗？
1	值机换座位
12	智能手环可以带上飞机吗？
12	我从乌鲁木齐乘坐西部航空回重庆，没有免费行李托运，请问是怎么计费的
1	为什我的手机无法值机
15	已经出票的机票上身份证号码写错了怎么办
15	哈尔滨机场
4	电子认证怎么不行
1	取消置机后可以重新置机不？
15	电子客票
15	改签的费用有发票吗？
1	怎么在次办理儿童值机
1	怎么取消值机
15	航班取消后自动退款？
1	手机值机以后，还可以打印登机牌吗
12	我办理了订位还能托运行李吗
13	您好，我的电子登机牌怎么看
15	怎么找人工？
15	A67140什么时间开始值机
1	我选完的座位被占用了
15	爽肤水
15	我五月26南阳飞广州的电子登机牌能不能发给我一下
5	没有身份证可以乘机吗
15	如何区分经济舱
15	G42132887  刘树   证件已过期
1	为什么添加同行人值机显示不是本人不可值机
15	全部行程
15	如何查看改签成功不成功
15	我想问下
15	预约值机能帮车上弄吗
15	第一航段的飞机延误，第二段的飞机怎么办？
15	怎么没有显示
1	在哪里加入同行人
1	怎么乘坐飞机
0	航班的状态链和一周航班正晚点的情况怎么查询不到了？
1	怎么取消帮别人选的位置？
1	hu7475怎么取消值机
15	但是修改不了
20	你好！请问机场停车一天收费标准是多少？
1	香港回乡证怎么添加常用联系人
1	请问如何取消值机
1	怎么帮随行的家人办理值机呢
15	我的里程在哪存储呢
1	我现在不能值机选座
15	已添加过该证件
15	行李中转
1	取消值机无法取消
1	常用联系人页面在哪儿
15	邮箱
4	证件无法删除
15	在哪里升级了？
4	我身份证号码本是500107199507026525，但认证时却说我证件已被其他帐号认证，且前三种方法都不行
15	手机值机
15	我还用取登机牌吗？
15	腊肉可以卡飞机吗？
15	没有银行卡怎么绑定？
1	我不是乘客可以帮别人值机吗
17	Hi
15	我的航旅纵横，打开时跳出升级的告知，但是，点击“立即升级”无反应，使我选座等无法操作，为什么？
1	国外的电子客票号不是数字怎么办
1	帮别人取消值机
1	怎么添加儿童乘客
4	我的为啥认证不了呢
0	我的行程没有同步到行旅纵橫
18	啊
0	您好，查询2012年行程
1	请问如何帮孩子一起选座？四川航空的机票，成都飞温哥华
5	身份证丢了，可以乘机吗
15	电子账户在哪里能查看余额
1	为什么自动值机了
8	咱们客服电话多少
12	手机电池可以托运嘛。
4	修改密码
11	你们可以订票么
15	电子票号只有十一位
12	可以带大书包吗
1	手机办理值机开通但是点进去全是锁的
15	请批准
12	选座位后，能办理托运吗？
1	出行的是两个人，怎么输入第二个人的信息，再进行选座啊？
1	我要取消明天的选座可以吗？
15	截屏使用
11	限制消费人员可以购买机票吗
15	团票可以显示吗
0	你好，机票改签你们的信息不更新吗？
7	那个升舱想退订
8	有人工接听电话号码吗？
15	是手机值机
0	值机后会有短信提示吗？
20	物品遗失在飞机上
1	为什么我办理不了值机
15	哈尔滨机场有星巴克吗
11	请问我的航旅纵横为什么定不了国际机票
14	如何打印乘机凭证
1	你好，通行5人，如何同时选座
13	发送同行人的电子登机牌
0	国际航班能添加行程吗
15	6月18日早飞往成都的cz 6161航班，座位号36d，有手机是落在座位上，怎么去认领丢失的东西？
0	添加错行程
1	我已完成6月4号的，为什么还是不能预约9号的值机？
1	怎样取消执机
15	麻烦尽快给我确认
13	电子登机牌，在哪找到
3	7.1号到贵州铜仁凤凰机场现在可以购票吗？
15	操作不了
17	嗨喽
15	候补机票
15	更改语言
20	多少岁能单独购买飞机票上飞机
12	行李箱大小
1	南航国际航班能手机值机么
1	你好！怎么取消值机
15	已经开放值机了啊？
15	旅行箱
15	没有行李托运可以直接取票安检吗？
12	每人行李限额
1	怎么选座位呢
15	航空公司取消航班是否应该赔偿
1	取消值机后可以再次值机吗
15	企业合作
1	在哪选座位
0	我的行程删除了，怎么可以恢复？
1	我九日下午乘国际航班  我没买头等座  有幸成为贵宾的  想知道  谢谢
15	理赔
15	分享航旅纵横
15	隐藏座位姓名
0	亚行怎么导入行程
1	您好 如何取消值机
0	别人帮忙买的机票可以查到？
15	！！！！！
1	儿童已有身份证，可以手机值机吗
15	出票公司
15	行程删除
0	我能查一下我孩子的机票信息吗
4	认证频繁提示被其他账号注册
12	办理托运需要加费用吗
12	飞机可以带化妆品吗
4	认证格式错误
15	身份证认证
15	小朋友如何查询
15	还显示已经出票
15	登机事项
15	hu7815座位分布图
15	怎么分享
5	订票证件
1	选座，有些座位加锁
15	怎么用他人护照查询
19	我要投诉你们
0	如何退升舱
5	儿童乘机证件有哪些
15	这已经是最新版了！！！
6	接送机发票需要几个工作日开出？
15	官网已经是值机状态，为什么你们软件不显示呢
1	如何预约座位？
1	上海航空可以提前选座吗
12	请问粉底液可以带上飞机吗？
15	为什么看不到卡号？
1	如何取消值机？
7	我已有17000左右里程了，可以用里程的换升仓吗
1	值机是什么意思
14	怎样开具发票
4	请问如何更改电话号码
17	亲
1	几点可以选座
1	为什么，手机值机不了
4	认证问题，另一个手机注册，这个手机要登录，不行。另一个已退出，还是不行。
15	换手机
15	清凉油
11	为什么  我同时购买两个人的机票
1	靠近安全门的位置可以值机吗？
1	所有证件信息都是对的 为什么显示非本人行程
12	托运行李重量限额多少
1	为他人选座
15	微信怎样反馈
1	为什么机场控制人员要随意改我的值机座位
15	哈？
15	证件信息有误
15	怎么加延误治险
0	没什么我是明天航班却显示是今天
4	一直收不到短信验证码
15	接送机无订单
15	举报航班
12	我买了15公斤的行李，有点少，能增加买吗？怎么买？
1	航班未开放选座
0	行程删除了能恢复没
4	怎么用微信认证
14	怎么打印电子客票行程单
15	如何隐藏航班信息
11	请问怎么买往返机票？
14	开不了发票啊
11	身份证可以查定的机票价格吗？
12	化妆品要带有ml标识的吗
11	怎么查询保留机票信息
1	怎么帮朋友值机
8	天津航空公司服务热线是多少
15	酷航行程
15	我之前用支付宝注册了航旅纵横
8	天津机场客服电话
15	电子邮箱
15	在哪个页面？
15	名字错了，怎么办
12	洗发水，沐浴露，护发素能带上飞机吗？
15	厦门航空
19	有用吗？
12	刮胡刀可以带吗？
0	我的行程已经使用了，为啥状态还是未使用
8	客服电话号码
15	电瓶车服务包含内容
5	身份证丢了怎么值机取票
14	你好！能邮寄机票报销凭证吗
12	食品能托运吗
15	提示空号是什么原因？
0	行程已经添加成功
15	证件格式
1	下载手机app后，进入哪个区域是选飞机座位的
3	到晚上了，航班座位还没有开放，究竟有没有这个功能啊？
1	可以替别人选座位吗
4	手机值机我收不到手机号验证码
15	瓶装白酒
20	WIFI租赁
1	我想变更座位
1	如何添加常用联系人
15	坐飞机需要提前多久？
1	你好，为什么预约值机时只能添加除自己以外的两位乘客？
7	机会升舱
2	旅豆能换什么
12	除汗喷雾可以带吗？需要托运吗？
13	我要在网上换登机牌
11	用护照能查到自己的机票吗
0	国际行程不显示
14	怎么差不多行程单
15	证明
0	航线图如何查看
15	工具箱的时候提前卡片在哪里？
15	北京首都机场的国航值机柜台
5	一个大人带2个小孩怎么坐飞机
12	什么不能带上机
15	你会不会看问题
15	限制访问次数
15	历史准点率
1	请问手机值机时间是在航班起飞前什么时间断
1	怎么取消行程保护
15	我要机票能寄过来？
15	祥鹏值机
15	这个可以带上飞机吗
0	我添加行程的时候显示已存在，但是没法值机
1	你好，办理值机显示非我本人值机，不可办理
12	您好，我想问一下38寸的吉他能带上飞机么
0	为什么航班没有显示
15	保险单在机场的何处去取
15	我有他的护照号
20	国内哪些航班有婴儿睡篮怎么查询
5	幼儿有身份证还需要出生证明登机吗？
8	客服电话可以给我一个吗
0	未来行程要多久才能查到
0	之前的行程还可以导入吗
1	取消值机还可以重新选座位吗
1	航班不支持手机值机，怎么办？还有什么途径？
18	ok
15	open票怎么使用
6	取消接送机
15	我认证成功了吗？
1	同行人选座
15	答复问题需要多长时间？问题已经问30分钟了。
15	拨打电话无应答
1	首次坐飞机
15	飞机上有无线网么
15	请尽快处理
15	什么时候开通
1	为什么明天早上的航班现在还无法值机
15	已经是最新版了
12	化妆品能带多少上飞机
15	我刚刚查机票看到有写v仓什么意思
14	增加行程单
15	出票第三方
4	我的认证信息里，身份证号码是我的而名字变成了我父亲，如何修改
20	孕妇优先登机
12	行李超重怎么收费的
0	8年前的飞行信息能查到吗
13	电子登机牌在哪里
12	请问尖头的镊子可以带上飞机吗
20	我有衣服忘在飞机上了？是否过几天能拿的回来？
17	你好，
12	可以带几条香烟
11	如何购买票
15	如何加入孩子的信息
5	有效证件没有带怎么办
1	Z H9756航班取消，退票为什么还在审核中
17	在吧
1	我怕我赶不上飞机了怎么办
0	你好，别人帮我定的南方航空的机票我自己为什么查询不到
1	在app上怎么选座位
15	机上wifi怎么申请
15	你好！我是吃素的，请麻烦给我订一份素食！
15	这个软件
0	为什么行程没有显示
1	什么叫值机？
19	接机投诉
12	坐飞机可以带防晒霜吗？
15	户口簿选身份证可以吗？
15	我先预约值机，为什么我的座位在最后面？
14	行程单上为什么有样例
12	电池能带上飞机吗
15	！！！！！！
1	请问上海航空公司的航班可以在航旅纵横上选座吗？
1	已值机还可以改座位吗
12	托运物品有哪些限制
15	请问一个账户可以添加2—3人的信息吗？
15	我的东西丢了
15	取消订单
12	可以免费托运多少重
4	怎样注销账号
1	哈喽 我想问一下 今晚有个朋友是从5：40从福州到北京的飞机  我这边帮他值机选座 为什么选不了 说是这两天内没有查到出行
1	找不到座位号
1	需要取消值机
4	证件添加不了
14	查询电子行程单
1	而且还不能值机
15	如何购买航班意外险或者航班延误险
15	我要改签
1	怎样查询选好的座位
0	不是直达的航班为什么查不到
1	为什么做不了值机
14	可以重新分开开发票吗
8	如何联系航空公司
1	安检托运程序
0	为什么我一年前的行程没显示？
0	很多航班没有显示
14	发票什么时候寄过来给我
1	不能值机多人
8	请问有人工服务电话吗？
15	上机行李
1	不能取消值机的原因是什么
0	你好。为什么我新买的航班信息在行程里面不显示。过了好几天了。公司给买的票，我这没有购票码，不能手动添加。请问有别的办法吗？
15	怎么申请
1	怎样才知道已经开始选择座位了
3	KN2927是否延误
15	在吗人工
12	可以带移动电源？
0	他人帮我买的机票，怎么查询
1	查看座位
0	我乘坐的俄罗斯航空 为什么不显示
15	 到南京禄口机场是T2还是T1
11	我最近购买了两趟飞机票，但只显示一趟可选座，后面的那趟如何选座？
15	严重影响了我的行程
15	那我要怎么办
15	更改邮箱
15	托运行李
1	韩亚航空可以手机值机吗
12	托运限重
12	酒可以托运吗
0	国际航班可以显示吗
1	请人工帮我取消值机
15	常用联系人页
15	不回复呀也
12	首都航空沈阳到海口jd5222航班，没有免费托运行李，带行李怎么收费
5	儿童需要证件
15	但是我忘记之前航班的信息了
15	等多长时间我进去看
1	飞机票开放选座时间
1	第一次坐飞机不懂怎么办
15	延误接机免费？
0	BK3142航班信息咋查不到？
15	为什么没显示
4	为何收不到验证码？
1	我想帮我妈妈值机
0	为什么有我没订票的行程
15	混沌大学周边
15	航班起飞前多久可以办理值机
1	如何预留座位
20	如果预约wifi
12	20寸行李箱可以带上飞机吗
15	升舱位
15	长春
1	你好，我明天飞往珠海的航班什么时候开放占座？
15	旅豆
15	剪子
1	选不了座位
1	怎么查别人的座位呢
13	电子登机牌托运
15	怎么开飞行模式
15	帮我查下今天的航班我有没有买航空意外险
1	值机无法取消，错误51841
15	怎样可以看到航班机型
15	河北航空
0	为什么我买了机票，今天出发，还没有信息显示的？
15	客户电话
12	请问，白酒可以不托运了
15	怎么分享航旅纵横
15	我坚持要删除 原因前面已经说过了
15	失败原因是手续未能成功办理
15	国外航空公司
4	我的认证问什么失败了呢
1	我填好了内容啊，可是不让我选了座位呀。
11	已预订的机票哪里可查询？
15	改签同一航空公司没有航班怎么办
1	我想问一下如何帮别人在这里直机
1	如何用航旅纵横登机
12	我有二十斤蜂蜜可以带上飞机吗
1	办理值机总提示开启行程保护
15	身份认证
15	这样添加人
15	没有常客卡号
15	只记得是国航ca1450
15	vj5282怎么查不到
15	客票号9992433316960
15	是同班同位等级的
15	14岁坐飞机
1	能添加几个同行人？
1	明天上海浦东到台湾高雄的HO1315航班，为什么不能手机值机呢
15	找不到页面啊
15	有小朋友一起，会有儿童餐吗
12	航空公司一个可以带几个行李箱
1	值机了怎么取消
1	选座上面有锁的图案
14	如何取消个人乘机凭证的邮件接受功能？
15	一直发提醒我十号的飞机开始值机了
11	如何查询历史机票的全价
12	可以带2个充电宝
1	帮助别人手机值机，现在如何取消？
7	升舱不成功退款吗？
11	我怎么在APP上买不了票呢
4	姓名和证件号不符怎么修改
15	已经买过票了怎么申请儿童餐
12	美联航随身携带的行李
1	婴儿能不能在航旅纵横App中办理值机？
12	我带120润肤水和120乳可以带飞机上吗
1	我的孩子机票怎么不能值机选座
15	行李延误
12	行李限额两件意思是可以带上飞机吗，免费吗。
14	怎么打印行程单？
0	国外的出行怎么查不到
11	忘了怎么订机票了，已查询好航班，无法点开预订，怎么回事？
8	北京东航vip休息室电话
1	在哪里可以自动选座
15	未来航班
14	如何取得纸质行程单，用于报销
12	路由器可以托运吗
1	东航 想给孩子选座 怎么添加同行人啊
1	怎么给同乘的儿童选座
1	这些位置是不是机翼旁
15	自助选座
4	我老公的认证弄成我的了，怎么取消呢
11	如何购票？
15	帮我查下当时办了个什么贵宾卡类的
19	有毒吧
1	瑞丽航空可以在线选座吗？
15	那个选项
4	Hi．我的护照怎么能关联上啊！
4	验证码收不到
15	浦东机场提前多久换登机牌
1	预约值机为什么最多只能选三个？
15	南方航空CZ3678
1	为啥值不了机
4	为什么多次认证失败
15	怎么累计里程
11	如何查看以前的机票
4	认证信息不是本人
15	怎么预定清真餐
15	24寸可以吗
0	我并没有购买今天海口飞往潮汕的飞机，为什么提示我有这个行程？
7	川航怎么付费升舱
1	现在我们其它五人都一般好值机 就其中一名儿童无法办理值机 怎么办
1	航班保护中什么意思
15	怎么用身份证搜索航班
1	我要选座位，如何填加我孩子的身份，我填加成功了，孩子没有
11	儿童怎么购买机票
15	我的行程
15	SC8050航班什么时候可以值机
15	重复
1	已值机航班如何查询
15	请问我的里程上为什么没有显示
15	如何补偿
15	你好，如何查询我的余额
1	我给家人定的机票，想提前选座位，怎么操作？
15	为什么没有电子客票号
4	如何删除认证的证件
14	怎样补打行程单
11	购买机票
15	再哪个界面可以选座位？
18	好滴
1	可以为四人一起选座吗
0	查询其他人的航班
15	怎么进行里程兑换
0	我个人原定的机票取消了，但是我在你们app上帮其他同行人预定的座位，现在我看不到信息了，怎么办？
7	升舱订单可以取消吗
6	有免费接机吗？
15	预约值机和开放选座
13	如何二维码登机
15	在身份认证时，要求用微信或支付宝
1	我的机票能否在线选座
12	请问可以带100毫升以下的护肤品上飞机吗
1	取消同行人选座
1	能帮我看一下我在线选座是否成功了吗
13	托运行李，可以使用电子登机牌吗？
15	手机值机后只能预约座位，怎么才能确认选座？
4	你好 证件无法认证
5	旧的护照的机票信息可以导入吗
12	化妆品可以携带多少毫升
15	查看飞行大事记
12	你好，我的充电宝20000mAh，可以上飞机吗？
1	我自己可以选坐，为何帮朋友选择，就这个提示
3	乌鲁木齐到阿拉山的飞机有没有 具体的时间有没有
1	你可以帮我值机吗？
15	没有登机口
15	为什么会有这个行程？
1	新加坡人如何办理值机
1	选座位页面在哪里
15	为何出票信息和订票信息不一致
15	电客服话多少
1	座位信息从哪里找来的
14	行程单怎么打印？
15	飞机延误多长时间才给予理赔
1	我在软件值机后，可以去机场取票吗？
15	现在我想机票改期了哦
15	怎么换积分
1	电脑网上怎么值机
15	错误码1040707是什么原因
14	我需要报账，能不能把我的机票的电子发票发在我的QQ邮箱里？
12	浦东机场去迪拜是否可以鞋携带五号电池和七号电池
8	东海航空人工客服
12	托运能带肉类吗
12	牛奶可以托运?
1	我是经济仓，可以选第六排座位不
3	得知飞机延误事可以晚到机场的？
4	亲，我的身份证有变动，我怎么更改
1	我想问一下明天的ca409何时可以办理手机值机
12	国际航班随身携带行李可以带洗发水吗
0	从北京中转韩国在飞日本的航班为什么不显示？
1	3U8295航班座位只有十多个小时了，咋还没有开放呢？
12	请问托运行李的要求和流程是什么
15	需要取消
15	工具箱选项在哪里？
1	请问如何选座呢？
15	手续未能成功办理
4	我自己更换了手机，之前账号忘记了，用手机号登陆，但显示身份证已被认证
15	怎么找出来？
1	如何与儿童一起办理值机？
0	没有任何凭证怎么添加行程
1	我订的是东航的，显示可以添加同行人值机，可实际添加时却告知无法添加同行人，目前孩子无法手机值机😥
15	点不了呀？
0	问下为什么我的国际票行程不显示了
12	充电宝可以携带吗
13	怎么打印纸质登机牌
15	以前没坐过飞机的人有吗
15	关于行李
12	充电宝可以随身携带吗？
15	哈尔滨国航值机柜台在哪
15	积分
12	可可椰奶粉带上飞机
1	为什么不支持选座
15	只有我朋友一人 我们没有同行
4	怎么删除认证
15	接机行程单怎么获取？
12	可以带水果吗
15	国外航空公司航班
13	登机牌补打
1	行程保护
0	历史行程无法显示
1	什么时候手机值机
0	在国外的航班不能添加？
0	我在美国能否查找美国境内的航班信息
1	安全出口位置
1	您好，国泰航空公司登机牌找不到13位的数字购票单号，手动添加的行程是几年前的了，座位编号不知能否查出。
15	报账
12	行李托运有质量限制
1	预留座位不可改选
0	为什么看不到行程
1	不支持手机值机
15	怎么添加航旅卡就说我密码错误
15	预定好的东西说给换就给换，
15	为什么我的优惠券扫码不行呢
15	578568
15	如何获取随行人员的客票信息
15	航旅纵横第一次使用，怎么进行账户充值呢？
1	第一次坐飞机
8	服务热线电话号码多少
1	你好，怎么选座位？
1	手机值机后还需要办理乘机手续吗
15	里程兑换
13	怎么取儿童机票
0	为什么我的行程历史里，有一部分没有显示出来
8	你们电话是多少？
1	为什么看不到机翼在哪？
1	儿童 值机
15	收到异常订单
15	这个怎么处理
15	抓紧同意下
15	😚
12	行李托运怎么收费
15	你好，请问接机led功能在哪里？
12	卷发棒可以随行李托运吗
15	登录不上
15	客房电话是多少
1	儿童取消不了直机
8	请问你们的客服电话是多少
15	添加同行
0	为啥我有的行程看不到
1	怎么看挨着窗户
12	上飞机能带铁锁吗
1	麻烦查6月20号青岛飞昆明，纪宇轩的座号，谢谢
1	不能为儿童值机吗
1	如何更改座位
15	ps288飞行了6个多小时，行程怎么才2000公里？
15	我的姓、名颠倒了，怎么办？
1	都没有这些怎么坐飞机
2	为什么我的航旅纵横手机选座只能提早2天，而我朋友的航旅纵横可以提早好多天选座？而且猜一猜点不进去，只出现上一行程结算情况？
8	客服电话多少？
15	同航班群
20	未满十六周岁乘机
4	我为什么不能身份认证
1	航班取消 无法取消值机怎么办？
15	无法取消
1	网上选座位，怎样没有选座界面
15	飞机晚点提前多久通知
1	能否给山东航空的航班办理值机？
15	人工问答
11	为啥买不了票
12	可不可以带单反电池
5	身份证丢失了，能取到票吗
1	～有一张机票，张国柱的明天飞往长沙的11:40停飞了，要求取消选座
15	这个可以托运吗？
15	不是英文证件是身份证名子
15	但是我是哥哥自己值机啊
1	帮老人买了机票，怎么提前选座
1	何时开始选座
15	已经是12.2版本了
8	航空公司电话号码
15	如何提前申请
15	这是啥情况
1	如何选座位？
12	请问，吉利手动剃须刀（多刀头，可以换刀头的那种），可以随身带上飞机吗
1	我的儿童已经取消值机了，为什么我的还是不能取消
15	为何现在不能收藏航班信息了
15	图
1	没有出现取消座位
1	16号的飞机几号开始选座
12	您好，仁川机场回北京，买了真空包装的泡菜80g共10包，随身携带可以吗？有没有规定必须拖运？谢谢
19	你媽死了
0	如何添加春秋航空
20	老人如何乘坐民航空机
15	应该怎么修改
4	护照认证时姓名填写错误如何修改
1	常用联系人怎么添加
4	忘记密码，手机又更换了  怎么办
5	你好，没有身份证怎么办
15	关注的航班显示当地时间是什么意思
15	为什么我填邮箱，但我的邮箱没有收到信息
13	如何分享电子登机牌
12	散粉可以随身携带么
15	美国国内航程
15	？？？？？？
15	QQ群我问儿童预约打哪个号码没有回答的
15	开具延误证明
1	国际航班可以在线值机吗？
20	东西忘了拿，在飞机上
4	这个版本是不是最新的？无法删除认证的护照
15	飞机上的餐是怎么安排的
15	我想问一下 我的座位选好了吗
15	麻烦审核一下
17	在么
12	托运不能超过多少毫升
15	英文
15	已经是最新版本了还要怎么升级啊
0	想了解家人行程
15	日本
12	我拿两瓶酒在箱子里没有问题
15	鲜花
12	20寸行李箱可以带入客舱内么
15	怎么买
15	还有
15	拍照在哪
1	怎么自选位置
19	我只希望这个软件能完善些，我自己手动添加我还用这软件有什么用？，你们应该能给添加才好
15	CZ3708
1	为什么无法值机
1	我订的票是商务舱，为什么只能选头等舱的座位？
15	南方航空行李托运
15	怎样取消
1	请问在其他平台上买的机票，可以在航旅纵横上值机吗？
11	在机票搜索上，怎样买票
15	从北京去吉隆坡
6	订接机服务，订单有误，用户取消订单为什么不退费？
15	电子版行程单
1	不能为本人以为的三个人选座吗？
15	怎么更改设置
15	护照号写错了
15	飞机类型
14	你好，现在行程单是邮寄纸质的还是电子版的？
12	花露水  携带
1	手机值机后还需要打印登机牌吗？
20	一个月的宝宝做飞机需要注意什么？
0	太早了 只记得具体日期和时间可以吗 没有客票订单或者照片了
15	哪天便宜
4	证件被占用
15	群加了。请通过
4	换了一个手机后，用户名登录不了，不知是帐户还是密码记错
0	为什么我国际航班没有显示
10	添加常客卡显示非本人常客卡怎么回事
0	可以查其他人的航班吗
1	如何网上办理选座位
15	选座不是你们给选的
1	我国际航班没显示，没法值机
1	为什么手机值机只能值3个人？
12	我想问问宠物怎么托运
13	如何帮其他人取票
15	HU7438有餐吗？
15	我的航班取消了
8	南方航空电话
14	我想索取机票回单位报销，怎么操作？
12	中国国际航空公司国际航班行李限额多少公斤啊
1	请问可以在哪能找到同行人的值机信息呀
15	这是没有购票的意思么
0	我定的机票为什么没有显示
1	怎样更换选座信息？
12	冷冻鸡鸭能托运吗
15	可以使用电子登机牌吗？
4	我的账号显示重复认证，我已经提交新的信息到你们指定邮箱
12	带电池的风扇可以带上飞机吗
1	您好，可以选位置不?
12	可以带吉他上飞机么
1	头等舱怎样值机
15	工具箱在哪个t页面
1	在哪里添加选座
1	我选了座位了，没看到什么时候值机
1	Cz8122为什么不能办值机
15	一个账号能不能绑定多个人
5	有效乘机身份证件
15	以前添加的人员身份证信息怎么找不到了？
15	舱位
15	没看懂
1	同航班怎么不能一起值机
1	找不到 常用联系人 页
15	下周青岛～拉萨贡嘎临沂～拉萨贡嘎济南～拉萨贡嘎哪里有
15	解除他人的绑定
1	为啥选不了预约机
15	同时有2个行程是不是只能看到一个电子登机牌
11	我要订票
1	值机怎么不能选同行人？
12	樟脑丸可以放行李箱里吗
15	旅豆能干嘛
15	可以加入家人吗
1	值机这里没退我改不了
15	办理托运
14	我的发票什么时间能开好
14	我已经买了机票了，怎么查行程单
15	航班取消什么意思
5	能用护照买机票吗
15	我帮客户订的机票 客户那边没收到
1	自己的账号可以帮别人选座吗？
12	酵素粉末带上飞机
1	儿童选座怎么选不了啊
1	为同行的人预约座位，为什么提醒不能重复预约
15	改签成功了没
1	请问我选好的座位为什么换登机牌时却没有啦
15	请问新菜刀没用过是否算开封
8	请问客服电话
15	昨天都可以
12	飞机上让随身携带电钻吗
1	为什么我不可以值机
15	怎么删除
1	可以帮助朋友选择位置吗
12	办理电子值机还需要托运怎么办
8	武汉天河机场客服电话多少
12	液体限额
12	水可以带吗
1	添加乘客
1	同行人值机数量限制
5	港澳通行证订票
1	你好，请问如何选座位
15	没有修改
14	我近期的飞机发票去哪里找？
1	怎么帮他人取消预约选座
1	付费选座，如何取消
15	我已加入群。
15	遗留证件
15	你是谁
7	如何办理升舱？
1	怎么把小孩选座位加在大人上
12	补水喷雾能带上飞机吗
13	找不到登机二维码
4	身份证认证失败
15	如何查航班准点率？
1	为什么海航的同行家人不能选座
1	为什么不能选座位呀？谢谢
15	携带婴儿
0	我订的国泰航空的机票怎么没有出现在行程中？
15	酒呢
15	我朋友家小孩都选起了的呀
15	超规行李托运
1	值机是什么
11	订票时到最后一栏为什么点击进入不了下一栏
1	不能取消值机怎么办
1	无法为其他人值机
1	请问我想值机选座
12	护肤品可以带吗
0	为什么我在携程购买的国外航空公司机票，行程里没有显示？
1	如何在线选座位
15	飞机上可以使用蓝牙耳机吗
4	手机值机为何收不到验证码
0	你好，国际航班这里显示不了吗
12	一盒杨梅飞机能带吗？
1	上机流程
15	已申请加群，请通过
18	好吧
4	我的护照需要更改
0	可以查询多长时间内的行程
15	是不是改版了
12	请问，托运可以带剪子，螺丝刀，钳子之类的东西吗？
4	更换身份认证
15	泰国狮航
5	儿童需要提供什么证件办理登机
12	护肤品超过160ml可以托运吗
15	预订座位
1	帮我取消值机吧！
1	我还有3个未预约座位
1	常用联系人的页面，在哪里？
19	我是不是该卸载航旅纵横呢？
15	哈尔滨机场国行值机柜台在哪
1	值机用不了预留座位？
1	你好！请问7月16日海航7304航班什么时间才开放选座，目前我看到的信息是“航班保护中”。谢谢！
15	就是不给选座位
12	能带多大的充电宝
15	卡包入会手机是久号码怎么办
12	免费托运吗
5	出境购机票不用身份证或护照号吗
15	机票信息是实时更新吗
1	维珍航空可以值机嘛
15	哦，那你们不能计算吗？
4	护照认证需要多久？
15	客户电话有
4	如何更改已认证的信息
1	我给3个人值机了还有一个儿童为什么值机不行
15	金卡怎么办里的
1	航班值机尚未开放，为何同伴已预约选座我们不能？
0	别人订的票我怎么查询航班信息
5	买票用的身份证，登机可以用护照吗？
6	投诉 在贵平台预定了接送机服务 但是无法开具发票
12	从柏林飞北京可以随身带玻璃杯子吗
12	去哪托运行李
15	想确认一下
12	托运可以带洗漱用品么
15	那别的app上的机票怎么没这里的便宜啊
1	为什么不能帮助同行者选座位?
11	可以订机票吗？
12	可以带锂电池吗
15	只有两年
12	发蜡可以带么
1	不支持值机
15	我明天早中午乘坐九元AQ1120
15	有无线曾么
0	怎么查看全部行程
1	提示该航班在不支持手机选座
5	身份证掉了怎么登机
1	机翼是哪一排
15	CA788
1	怎么取消已经值机的飞机
15	pro怎么下载
15	支持香港航空不?
15	晚点赔偿
0	为什么国外的航空没有记录
10	什么是常客卡
4	我要删除证件
1	值机完成，无法取消
15	活体小动物
15	这趟不能选吗
1	选座功能在哪里
0	已经出票可是没有行程显示
1	我想问下座位图上哪儿是机翼啊
20	有氧舱
1	儿童无法选座
1	手机值机，我核对信息后确认，出现非本人行程，不可值机，这是为什么？
15	为什么认证要微信支付密码
15	最晚提前多久到机场
12	请问手机值机选座后如何托运行李？
15	如何下载pro
1	您好 请问航班保护是什么意思？
15	需要关机吗
15	境外
1	厦航办理无成人陪同登机方便吗？
8	怎么联系自己乘坐的航空公司
12	普通人能托运蜂蜜吗
12	41寸吉他可以带上飞机吗
19	不会回信息吗？
15	怎么回事呢？
15	补登
1	我的怎么选不好座
1	添加常用旅客
1	值不了机
1	如何为4人同时选座
0	我的好几个国际行程没有显示
19	还是没有解决
1	为什么前十排选不到
15	证件校检失败
11	航旅纵横卖机票吗？
1	我昨天换了6个人的登机牌，都退票了，全部取消了座位，但是只有一个人现在显示还没有取消选座，而且取消不了急死人了
15	😡
12	查找行李
15	加入不成功
1	为什么提示我非本人行程
15	没有其它方式吗
1	取消值机后可以接着选择吗
15	是我本人值机，却显示这页面，什么意思？
15	什么情况
1	你好，我购买的7月11日九元航空的机票，可以提前手机值机么，如果可以，提前多久可以。
1	无法找到预定信息
15	请问是什么原因
1	怎么看同行人座位号
1	手动添加的行程可以值机吗
0	怎么用身份证号查航班
1	预留座是什么意思？
15	账户信息页在哪里？
12	粉底液能不能直接带上飞机
15	我是买的同一班机啊！
15	784-4596910141
12	可以带些药品上飞机吗？消炎药，大山楂丸，板蓝根，金嗓子喉宝
15	None
15	怎么退票
1	怎么帮别人国际航班值机
15	7月13日深圳去重庆的深航ZH9425需要申请一份素餐。谢谢
12	狗狗可以托运吗
14	电子行程单最久多久下载
0	行程里为什么只有2017年2018年的，没有2019年的
15	个人全部行程列表
1	怎么样取消值机
0	为什么没有我的行程？
12	化妆品可以托运吗？
14	网上选座后如何打印报销凭证
0	怎么没有护照飞行记录
15	摆渡车
1	我要取消我的订座
15	开户行：招行杭州湖墅支行账号：4100 6257 1288 7749户名：徐宏峰
1	请问为什么我预约选座后的飞机 取消不了值机
8	国航客服电话
5	临时身份证明
1	取消值机 会咋样
15	机场控制不可选座
0	不是讲3个工作日内可以查询到2011年后数据吗？，咋过了这么多天还是只看到2015年后的数据？
4	身份证消磁能坐吗
15	CZ 3250到达广州是广州南 还是北
0	只凭身份证怎么查航班
15	托运的行李在中转处需要拿吗
20	行李事故索赔
11	怎么购买机票
14	发票报销
15	【差旅贴士】航易通提醒您：您购买的刘玟燕乘客，2019-06-18 21:20北京首都到杭州萧山CA1714航班已取消，请联系我司申请变更航班或者退票处理，退改费用以航空公司为准。客服热线：4000388098
0	一年半前去澳大利亚的航程可以添加吗
1	春秋航空是不可以选座么
11	怎么查询朋友的机票有没有订上？
4	证件姓名怎么修改
15	南航用教师资格证，可以打折吗？
1	从哪里选座
12	请问玻璃小瓶装的口服液药能不能随身携带，共计240毫升
15	邮寄
15	那为什么我朋友的显示
0	以前的航班没有记录
1	孩子不能值机吗
19	那你是干什么的？
15	登机前，要开箱检查吗
15	、这两个号码都没有啊
1	取消值机后能重新选座吗
15	你们对应也太慢了
12	药品托运
0	怎么能查别人的航班信息
5	身份证没有带
1	春秋航空是不是不支持值机
1	手机选座在哪里
13	你好！电子登机牌什么时间可以办理
1	怎么手机值机
1	为他人选座 上海虹桥飞香港的 是要填写身份证号还是护照号码？
1	3张机票可以同时值机吗
4	添加港澳通行证
15	2010年
20	12周岁应该买儿童票还是成人票
1	为什么预选座位被调？还要预选干什么呢？
15	如何索要机票
12	手提行李限额吗
1	值机取消失败
5	eID电子身份证乘机
12	国际航班阿胶糕可以托运吗
15	护照英文名格式
12	飞机液体容量
15	App上每天签到
1	调换座位
12	行李箱可以放充电器吗
13	我值机的登机牌看不到怎么办
12	你好   飞机托运充电宝三万毫安可以吗
13	儿童能网上添加登机牌吗
0	为什么我没有全日空的行程
0	查不到航班
15	飞机能蜂蜜
15	客票
11	儿童购票政策怎样呢？
1	在航旅纵横办理值机时间
0	我未来的机票为什么没有显示
1	非本人行程不能值机？什么意思？
15	上传不成功
15	ca959
15	为什么没有自动获取
0	我一些今年的行程没有显示
0	怎么查询别人的信息
12	洗面奶能随身携带吗
12	电子耳温计能托运吗？
15	能赔吗
12	请问冰鲜三文鱼肉带冰块能过安检?
15	还在
1	预约值机
15	烟
15	别人帮我订的机票
15	空中模式
18	哦，好的
12	香烟只能带两条吗
15	旧手机号的行程怎么累计到新手机号
15	怎么改签
15	9号的航班
1	13:05从太原飞往珠海的航班怎么没不开放选座位呢
0	手动添加了行程，一直没有通过
15	查询次数到达上线
15	只支持国内航班嘛？
12	充电宝可以带多少毫安的
1	我的连乘机票只打印出一张怎么办
19	我提的问题为什么不回答呢？
15	登录名
15	这是什么原因
15	在哪里
1	提前多久可以选座
13	软件怎么显示不了电子登机牌
20	婴儿乘机
15	增加了嘛
15	显示已经添加过 重复添加
15	在你们的后台怎么查找
15	延误证明怎么开
1	你好，儿童和成人一起值机怎么操作
4	這個app可否添加香港特區護照
15	没有QQ
14	打印报销的机票信息
12	什么东西不能托运
1	国际航班可以手机值机吗
1	为家人买的票，可以给他们选座吗
1	儿童票不能值机
14	我的电子发票开错了，需要重新开怎么弄？
15	提示截图
0	别人帮我定的票，我怎么查询有没有订票
13	可以使用此软件取登机牌吗
12	可以带多少毫升的液体去香港
8	有人工客服吗
15	你好，怎么查看飞机时速和高度
0	任何查找以前的飞行记录
15	Hi. Just want to ask. I have a coming trip to oversea in 20th July. Will it automatically show in my flight status ？
1	成都航空支持儿童值机吗
12	扩音器可以带上飞机吗
15	机票选座
15	天津机场有称体重的地方吗
15	我要用另一个身份证号码查询
1	我们4人同行，为什么预约值机只能3人？还有一人怎么预约值机？
15	我去意大利的
11	去菲律宾买了往返机票，还需要什么
19	立刻投诉
0	我的机票信息怎么显示不出来呀，
5	没有身份证怎么登记
1	没有换座选项
12	飞机可以带鸡蛋么
1	请问，山东航空我在航旅纵横手机值机后还需要到机场办理值机吗？可以直接登机吗？
13	如何帮我领登机牌
15	哈尔滨机场东航值机柜台
15	海南航空值机
15	接机
5	儿童带什么取栗
15	我的问题什么时候能解决
0	提取行程
15	账户信息在哪儿
15	认证有误
12	行李托运，随身带上飞机有何要求？
15	建议航班取消了，在电子登记牌上提醒
15	客票监控
12	洗面奶可以带上飞机吗
0	身份证查航班
12	您好，国际航班行李限额多少啊？北京到塔什干，乌兹别克斯坦航空
15	南航
12	充电宝111wh可以带上飞机吗？
1	你好 我在办理值机过程中 提示同行的一名儿童与我们不同航班 我们六个人订的都是同一航班
1	现在都支持哪家航空公司在线值机
0	为什么我之前的国际航班没有在航旅纵横Pro上显示？
15	接送机服务相关的问题
1	取消值机无法操作
15	说旅客信息不一致
1	请问如何在大人那里添加小孩的选位的
1	预约值机为何只能添加两位其他乘客
15	但是航班延误太严重了，有事不能等，所以没有乘坐，怎么退票
0	国外飞国内能否查行程
15	我6月6日的行程想订素食，怎么定
12	登机箱多大
15	由于飞行模式不是根据所在国（或手机实际时间）进入，而是根据北京时间进入，导致实际乘机时，由于飞行时间已过，无法进入。现阶段还有什么方法可以强行开启飞行模式吗？
15	退票怎么退不了
6	我的神州专车发票怎么开？
1	怎么帮他人值机？
12	笔记本电脑把电池拆下来之后可以托运吗
15	国际航空安检时间
0	为什么你们显示我退票了
1	要是一个人可以选位置吗
0	为什么没有办法手动加入行程
0	绑定了证件没有未来航班
0	国外的出行记录没有
15	孩子14岁
15	神州专车里面还有大量余额，为何要求我另外支付？
15	电子客票号是什么
1	怎么换座位
12	水果可以托运吗？
4	改密码
15	儿童
15	已经值机但要退票
18	好的谢谢了
15	你好我要给孩子补一张票怎么办理？
1	怎么使用手机提前选座
15	😁😁😁
15	神州专车到达后 怎么确认到达目的地
15	随身可以携带什么
12	食品必须进行托运蛮
15	怎样在航旅纵横查自己和同行人的身份证号
0	添加证件后，将要出行的计划为什么显示不了？
0	我添加的行程为什么都没有通过
1	怎么管理常用联系人
20	如何预约WiFi
20	70岁以上可以购票吗
12	可以带洗头膏嘛
13	创建航旅纵横桌面快捷方式
15	在哪订
0	2009年的行程看不到吗
1	如何预订座位？不是值机
12	携带胰岛素
15	如何进入飞行模式？
15	实时座位图没找到添加按钮
15	这个在哪里
12	托运行李有大小限制吗
7	我怎么帮朋友升舱
5	儿童乘坐飞机需要身份证吗？
12	胰岛素可以携带吗？
12	笔记本电脑可以托运吗？
15	这个怎么办？
12	30mah的聚合物锂电池蓝牙耳机可以带吗
0	PRO版不显示2011～2015.01的行程，有办法解决么？
0	添加成功的航线没有展示
12	蝴蝶酥可以带上飞机嘛
15	为什么不能注销
0	机票不显示
15	认证问题
15	机场雷达怎么开通，开通需要付费么
12	定型喷雾可以托运么？
1	我在APP取消不了值机
15	如何有贵宾服务？
17	hi
0	买的需要中转的航班为什么没有第一班飞机的信息
15	怎么添加孩子信息呢？
15	注销还等待
4	更换手机号
0	旧护照的行程没有导入
15	名字打错了一个字怎么办
6	预定接送机
12	洗面奶200毫升的可以带吗？
15	拒绝添加
0	请问国外廉航的航班号无法添加怎么办？
20	停车收费哪里办理
0	为什么我有的出行在行程中没有显示
12	飞机什么不能带
18	好的
1	怎么换预定座位
1	我怎么选靠窗位置
1	值机被更改，无法取消😡😡😡
1	为他人值机
1	同行三人网上选坐，名字后面没有+号
11	如何查询预定的机票信息
1	为什么有的座位是锁定的
1	为什么儿童值机无法取消？
4	为什么我用微信授权不能立刻认证
4	为什么无法录入家人证件一直显示证件格式不对
12	化妆品可以带吗
12	电池容量20000mAh，额定能量74Wh/3.7V，这样的充电宝能带上飞机吗
11	我想定机票
5	儿童用身份证乘机
1	托运注意事项
5	兰州中川国际机场+临时身份证办理
0	联程票只显示了第一程
12	可以带香烟吗
12	可以带上飞机的东西
15	PRO版在哪里下载
10	如何绑定东航会员卡
1	机舱安全出口在什么位置
15	我直机 位置选错了
1	怎么选座啊？
1	台湾的航班也可以在这里值机吧？
17	你好，有人工吗
12	不是免税店的香烟也可以带么？
1	值机完成不显示座位
15	无座位选
1	我没有开保护
12	可以带一万毫安移动电源吗
13	在哪找的电子登机牌
15	怎么取消之前的同行人？
12	化妆品托运的话有没有什么规定呢
1	怎么手机上我选不了座位
4	怎么修改卡包东方航空会员密码
4	验证码
12	可以带剃须刀吗？
4	我新换了护照，总是添加不了，说我的英文名字与中文名字不符，如何解决
1	页面哪里自助选座位
0	手机值机了没收到短信
18	好的，谢谢！
1	为什么我的航班自动值机了？
1	选定的座位取消之后还能再选择吗
15	你真美
8	有没有电话咨询
1	为什么座位会被锁定了
1	您好，我想问一下怎么选座
19	Sb
12	50ml喷雾能直接上飞机吗
15	国泰港龙航空为什么不显示
15	如果超过值机的时间 可以拿票登机吗
15	我有一个明天的飞机
4	已经注册，忘记密码
1	怎么选择座位号
0	为什么查不到2018年以前的航程记录呢
1	删除常用联系人
19	no
12	行李箱的大小有规定吗？
1	明天的航班，今天办理值机，提示没有两天内可以办理的行程。
15	加QQ群还没通过
3	您好，app里的拥挤度是指飞机的客座率吗？拥挤度是不是等于购买机票的人数 ÷  飞机的总座位数呢？
15	我想改签
1	怎么办理选座呢
7	升舱发票
17	哈喽呀
15	原帐号未注销，但已停机，怎么注销
1	相关错误是等我把验证码输完之后，进入下一步，结果显示，我的行程处于保护状态，我的详情不能被我自己查看。
1	手机值机后，还有取登机牌吗
15	客票号
1	取消天津至乌兰浩特值机。
8	怎么咨询航空公司
1	如何取消联系人
0	怎么显示热力图
15	怎样联系机组人员
1	选座什么时候正式开放
12	卷发棒能带吗
0	我的机票信息都没显示，怎么操作啊？
15	亲，航班取消了，可以改期，还是？费用怎么退回
12	瑞丽航空手提行李要求
15	预定儿童餐
15	CZ
1	婴儿要不要选票
11	如何帮朋友买票
1	你还，买飞机票时已经预定了座位，那在航旅纵横上就不用在选座位了吗
15	2011年的
19	是穷雇不起员工吗
15	访问次数超过限次怎么办
1	值机好了，还需要去打印登机牌吗
1	帮别人值机怎么取消
1	自己的行程不能选座
1	国航航班值机，同行三人
15	积分呢。
15	1w毫安的充电宝需要走申报通道吗
15	到机场的时间
15	怎么处理
15	值机就是选座
1	为什么不能添加同行人
20	飞机上可以用手机听歌吗？
12	金属玩具枪可以带上飞机吗
1	我之前在航旅纵横选的座位，现在想取消座位无法操作怎么办？
1	怎样手机选座位
8	客服热线电话
15	值机信息填了10几次了
1	手机值机后，能在机场换到纸质登机牌吗
13	电子登机牌在哪里查看
12	笔记本电脑可以托运吗
15	我没订票
15	怎样找回我原来的航旅纵横号?
1	你好，在为别人手机值机时提示未找到两天内可办理行程是什么原因
15	提交不了
15	紧急联系人
12	行李都能带什么
4	注销账户受理
12	洗发剂可以带么
12	国际航班饮料可以托运吗
15	这是什么意思呢
1	为什么11号重庆飞南宁办理不了值机呢
15	删除问题
1	Ca1321航班无法值机
14	这是我的登机牌，我想要机票发票，不知怎么办理？
20	不支持婴儿票的在哪里购买
12	飞机给自带食物吗
15	没有预留31K？现在该如何更改？谢谢
15	国际航班多久停止托运行李？
1	行程保护不能选座位了
4	怎么能再次注册
1	可以选座吗
1	儿童为何不能值机
15	维权
15	工具箱在哪找
15	飞机延误我需要按正常时间办理值机过安检吗
0	廉价航空添加行程
15	防晒霜
11	我不会定飞机票咋办
1	能帮忙值机吗
1	没有取消座位选项
15	注意事项
1	怎样帮同行人值机？
11	在哪购票
15	交友群怎么加入
14	怎样用航旅纵横打印机票票据
15	改签航班
1	我要取消手机 值机这项功能怎么操作。
15	无法选舱位
11	可以购买机票吗
1	能添加别人的行程值机吗
1	你好 请问我怎么帮家人值机？
15	我想问一下我乘坐的CZ390航班的飞机餐是午餐还是晚餐
4	验证码超出限制
5	荔波机场办理临时身份登记
12	怎么样购买行李托运额
15	空中飞人
15	支付宝认证微信认证身份证认证有什么区别
15	我没有预定过
15	是否可以为6岁儿童申请账户
0	请问如何用户照查询他人给定的机票
14	电子行程单怎么下载
1	带两岁半小孩可以手机选座不
1	国行儿童值机
4	无法添加新护照号
12	密封咸菜可以带吗
11	买票
15	请问我的常旅卡还能把之前的航程积分到卡里吗
1	同行的都能值机了，为什么我的不能，
0	怎么看港澳行程
12	请问飞机上让带液体嘛
14	莫斯科机场哪里可以打印国航的行程单
4	这是我的登录名和注册手机号
8	人工客服电话是多少
1	儿童怎么改座位
1	预定座位还可以换吗
5	从国外回来乘坐国内的航班，值机的时候证件用身份证还是护照？
15	刚注册进来
0	昨晚发现有我的航班信息，大连到北京南苑机场。从起飞时间、延误、及到达信息，全有。而我本人并没有乘坐飞机，是怎么回事？
15	我想查询预订编号
0	我突然出现一个我没有定的行程。
15	飞机选座攻略
15	我用200旅豆兑换了“机场雷达”功能，但对于苹果手机，是不是不用兑换，依然有这个功能？
12	应援棒能不能带上飞机
1	为什么一直显示非本人行程，不可值机呢
15	经济舱怎么选？
1	飞机座位靠窗
20	贵宾室在哪
14	设置自动发送乘机证明
15	电话☎️
15	证件认证文体
12	用手机办理值机后，还可以办理行李托运吗？
1	现在这个选座最多能选几个
1	订错票但是二维码过安检了怎么取消座位
19	垃圾
12	国际航班可以携带真空包装袋和真空泵吗
12	从柏林到北京行李限额
1	阜阳飞往昆明的飞机可以网上值机吗
15	前序
20	我可以去贵宾休息区吗？
8	人工客服？
15	太平机场国航值机柜台在哪
15	小孩机票
7	你好！请问我可为他人申请四川航空的升舱服务吗？
15	之前有距离起飞时间，现在没有了
12	飞机上可以携带避孕套吗？
14	报销凭证
15	工具箱在哪个位置
1	同行人中无法添加香港居民
12	湿巾能带吗
12	不准携带物品
15	为何我没有17年前的数据？
12	22寸行李箱需要托运吗
13	我已经生成了电子登机牌。可是我退出页面了。找不到了
15	有身份证的话还需要带其他证件吗？
15	我己反复操作了十几次了，无法加载，
14	可以寄送行程单吗
15	座位页
15	99
0	我3月去的清迈，6月去的俄罗斯，为什么都没有行程显示？
12	沈阳到泰州 行李托运怎么收费
15	已经出行的登机牌
1	无法远商务舱座位
15	在这里办理完直机可在在机场补登机牌吗？
0	之前的飞行纪录，为什么都没有显示
1	手机无法值机
1	为什么无法值机？
13	手机办理了电子登机牌，是否可以在自助机上打印纸质登机牌
15	未支付订单在哪？
15	哈尔滨机场吸烟室
1	为什么现在预约选座进不去？
15	查电子客票信息
0	怎样查别人的航班信息
15	可以把正常机票改为open吗
0	我怎么用身份证查询机票
15	登机口变更信息推送迟缓
0	我的名字有做过更改，更改之前的航线记录怎么没有了呢
4	新护照不需上传照片吗？
15	20村可以吗
14	乘机凭证现实未乘坐
15	已经是最新的版本了
1	我能添加其他乘坐人员信息吗
3	航班预警什么情况？
15	那个eid，可以在首都机场T3用么？
15	测试
15	你好，由于飞机延误，我需要退票，请帮我处理。
1	为什么换不了坐位
0	澳洲航空的行程没有显示吗？
1	你好！为什么我值机时上面显示非本人不能值机
0	囯际航线怎么查？
15	厦航里程如何积分到明珠卡
11	查询订购的机票
1	请问今天的值机信息为什么一直没有收到
19	你死了
1	.如何帮别人值机？
14	怎么打印电子发票
0	我在支付宝定机票怎么没显示
5	儿童做飞机要带什么证件
15	我的为什么不显示呢
1	怎么网上值机
13	电子登机牌怎样获得？
12	航班免费托运行李多少斤
4	我的认证始终通不过
20	脑梗可以坐飞机吗？
6	我通过航旅纵横下单的接机服务，发票如何开？
14	我们需要电子机票行程单
13	我想找电子乘机牌在哪里能找到
15	本人证件，本人持证照片不能上传提交现在怎么办？
12	喷雾能带上飞机吗？
12	请问生鸡蛋可以带上飞机吗
1	明天的飞机怎么不能选座啊
12	乌龟可以携带吗
15	zai
1	怎么我网上值机不行
0	无法手动添加行程，有报错
12	国际航班酒水携带要求
0	你好，问下春秋航空为啥在行程显示不出来
14	接送机行程单
15	行程积分兑换里程，有机票吗
15	天气
12	可以携带多大容量的充电宝
1	回乡证如何提前预约值机
1	手机值机提前多久
1	帮别人值机显示没有行程
12	超重
12	行李两件，怎么算重量
15	已经购买，想要纸面单据。到哪儿取
1	满16周岁的小孩可以做单独坐飞机吗？
15	飞机卫生间怎么使用
4	请问如何更改认证信息
1	机舱安全出口一般在多少号
12	带的水杯能装水吗？
5	儿童乘机需要带户口本吗
11	机票上的信息怎么看
1	手机软件怎么选座位
15	最晚什么时候到机场
1	为啥直接显示非本人行程无法直接
12	床上四件套能不能带上飞机
15	Fdsfsdfas
12	充电宝可以带吗
15	家人行程
15	一直取消不了
15	食品
15	怎么联系呢
15	我每次值机的乘机人都不一样，手机号也不一样
0	春秋航班无法加入
0	春秋航空的国际航班会显示吗？
15	里程兑换机票
1	同行的小朋友不好选座位
0	如何查询半年前的订单
15	222
1	我替朋友选好的值机如何取消？
15	玩具枪
12	有汁的菜可以带嘛
0	为什么绑定了护照显示不出行程
19	问题解决不了，事情还一大堆
15	那充电宝呢
12	你好，酒水托运
15	是不是还没到网上选座时间，不能提前办理值机？
8	航旅客服电话
11	预订机票
9	如何知道是否联程机票
0	如何帮别人查询预订信息
15	托运物品数量
11	订机票可以吗？
11	怎么给孩子买机票
15	可以提前几个小时办理么
15	能问一下旅游金如何使用
1	自航班起飞时间前多少个小时就可以手机值机了
11	买票怎么操作
15	名字跟证件号对不上
1	天津机场值机可以吗
15	有没有航空延误险
11	如何买票
12	托运能带多少液体
1	被他人恶意值机如何取消
20	残疾人
15	你好，为什么我的航线图变成蓝黑色的背景了？
0	我的航旅纵横上怎么没有收到未来行程
12	飞机上可以带刀吗
12	请问航拍无人机能带上飞机吗
0	怎么查看我的历史行程
15	行程亚航
1	要取消值机，账户锁死了
12	退热贴可以带上飞机吗
15	哪些旅客不能在航旅纵横办理？
15	酷航
15	ka636
1	我7月9号的航班 怎么不能手机值机
15	登机牌换不了了呢现在？
15	我有登机牌吗
1	为什么值机失败
15	微信验证显示参数错误
20	怎吗才能到vip休息室
15	验证照片上传失败
12	化妆品可以托运么
12	是每种化妆品不超过100ml还是所带化妆品加起来不超过100ml
15	旅豆提取行程
1	办理选座在哪
1	想添加家人信息如何添加
0	我朋友帮我买的机票该怎么查询
7	如何帮朋友升舱
5	怎么办临时身份证
12	电子烟能带上飞机吗？
1	可以大人先手机值机，儿童再去机场柜台办理值机吗
0	票退了还会显示吗
0	请问如何查询我的订票信息？
0	香港的机票怎么显示不了呀
15	Open票
0	我没买机票但是显示我有一班航班是为什么
5	儿童户口本丢失怎么办理登记手续
15	行李托运最晚什么时候
1	请取消杨利强值机
15	找不到电子客票号
15	登机箱
15	zipper
15	航旅纵横能不能在飞行模式下使用
12	充电宝可以带吗？
14	购买机票可以开发票吗？
11	在哪买往返机票？
0	请问可以添加没被提取的历史行程吗
15	怎么购买延误险
1	请问我是8号的飞机为什么现在还没有选座提示呢？谢谢！请回答
1	为什么不能值机
14	6月20日济南到泉州厦航飞机，电子发票如何获取
15	什么时候停止托运
13	海南航空支持电子登机牌吗
0	定了机票这边怎么没有显示呢
15	没收到
15	取消直接
15	出票时间
11	如何查询机票信息
1	找不到常用联系人
15	你好，我手机想把今天的机票取消，怎么取消不了了呢
0	你好，我的行程为什么没有啊
15	忘记之前的账号
1	你好 怎么选座位
0	潜加证件后，将要出行的计划为什么显示不了？
1	上航值机要付费吗
15	我怎么把爱人和孩子信息添加进来
11	订票
0	你好为什的我未来的行程没有显示
15	电子回程单如何获取
11	港澳机票查询
1	我们一共4个人，已经给三个人选了座位还有一个怎么选
1	买机票多久可以选座
4	其他人证件怎么添加
8	东航北京头等舱休息室电话
1	首次飞需要注意什么？
0	历史行程没显示全
12	随身带的行李可以带多少液体
0	不是，要添加行程，查看航班状态，为什么添加不了。
15	我的elD身份电子证怎么办
15	怎么添加三个以上的乘客
4	居民身份证可以认证吗
1	值机失败是为什么？
0	为什么我没有买机票，却提示我今晚有航班
0	今年3月的飞行记录怎么也没有
15	支付参数异常
15	机票买重了怎么办
1	我选的6D的是不是经济舱的位置呀？亲
12	携带液体
11	买机票
15	怎么给子女值机
1	如果取消值机 会不会影响上飞机
14	帮忙把5月份的行程单邮寄给我
4	请修改认证的姓名
12	飞机可以带手拿小风扇吗
1	明天的机票，为什么还不能确定座位
1	你好。川航儿童可以手机值机吗？
15	我的知音卡密码忘了，当时留的手机号变了，找回密码因手机巳变，用其他方式能找回吗？
1	请问怎么增加别人的航班，为他人选座
15	可以接单吗
15	我已经是最新了
12	飞机上能带零食吗
15	下载pro
15	OPEN票
15	为什么飞机都到了升舱结果还没有
15	飞机晚点了
0	国际航班不显示
11	如何确定是不是联程机票
15	飞机什么时候停止值机
1	APP上登记了身份证和护照，但是系统默认的是护照，值机时未注意，所以我取消了值机。可以重新值机吗？怎么在APP上将自动默认的护照改为身份证？谢谢！
15	航班无法关注
15	首页服务推荐
15	登机行李
20	目前已经离开机场，可否快递？
0	我这里显示非本人行程
15	我换航班座位
1	为什么我选不了，提示还未值机
1	在哪添加同行人
14	报销凭据
1	航班取消了，我要取消值机
8	怎么联系客服
15	客票查询
1	请问怎么选座位
1	为什么我给别人值机不了
12	国内航空行李限额
15	ca1924是哪个航空公司的
15	你好，手机不支持NFC，能开eID吗
15	出现其他行程的原因
11	大龄老人如何买机票
8	南宁机场电话
12	充电宝随身带还是随行李呢
15	购买航班延误险怎么办理赔付
10	一般如何联系航司获得常客卡
19	你是智障吗
1	儿童票无法选座？
14	是否补打行程单
12	手提包括16寸的登机箱吗
1	已添加同行人 但值机不了
4	你好：我帮别人值机选座、用我的手机号为什么收不到验证码
0	我想确认下我的机票有没有购买成功
15	OPEN
12	行李额度
12	买行李额
15	VIP
15	为什么我查航班动态 就闪退
15	提前多久到机场
15	在这儿提供吗
1	瑞丽航空可以在线值机吗？
15	浦东机场卫星厅九月几号使用
1	在线值机后如何办理登机手续
15	为啥我没选座
15	首都机场几个航站楼
1	请问哪里可以选座
1	如何添加同行儿童值机
12	1.2米的行李可以托运吗？
12	国际航班免费托运行李重量
1	而且现在已经正式开放选座了，选不了
15	航班状态是计划是什么意思
1	到时间选座了，但显示航班保护中是什么意思？
1	我定的8h4980机票，为什么不能手机值机，不能出电子登机牌
12	洗面奶可以带多少
12	带动物
15	怎么预订清真餐
1	什么时间可以选座
1	点击哪里选座？
14	个人乘机凭证
1	如何代他人选国际航班的座位
15	丢了
12	南苑机场行李有什么要求
1	为什么现实已开放值机 但确提取不到我的行程
15	1040811
0	怎么帮别人用护照号查机票？
11	怎样查询自己的机票订单
1	航班取消后，新航班怎么不好选座
14	你好！我现在还能打3月份的行程单吗？
20	75岁以上老人坐飞机
0	怎么查询我名下的机票
3	请问8l9616取消了吗
8	人工电话是多少
15	身份证已经认证，帮我查看登陆账号
0	如何添加几年之前的行程？
0	为什么一年前的行程没有记录
12	情趣用品可以托运吗
14	如何打印电子行程单
11	定往返机票
0	添加了客票信息，说添加行程失败，是怎么回事呢？
13	珠海金湾机场可以用电子登机牌吗？
8	请问一下客服电话是多少
1	共享的航班能手机办理值机吗
7	今天HX791香港到马累的票可以升舱吗？价格是多少？
14	你好，为什么查询不到我的行程单？
5	身份证没在身边如何取票，登机呢？
14	怎么下载电子行程单
11	机票搜索不到
15	购买餐食
1	开放选座预约选座没有自动办理
15	如何升级pro
15	认证成功，就是有这个行程吗
1	怎样添加同行人
1	预定座位
15	儿童不能注册码
5	珠海金湾机场怎么办理临时身份证
15	我需要取机票吗
15	工具箱在那
15	通知邮箱
0	为什么查不到cA4102航班信息
6	出租车发票
4	你好，小孩身份怎么认证
1	多次值机失败，可以协助吗
15	有wifi吗
1	你好，同行人添加上可以不用选座了吗
8	航旅纵横客服电话
15	海南航空
1	手机从哪里选座？
6	接机服务发票开不出来
15	我现在要几点之前到机场？
0	为什么我在其他国家的飞行记录没有显示
12	飞机自带行李规定了带洗面奶等的数量吗？
1	常用联系人在哪里修改
15	昨天人到家了行李没到
12	重量
7	在哪里升仓啊？
15	没有原因
15	俄航空的怎么看不见出行信息
12	水果拼盘可以带上飞机吗
12	两万毫安的充电宝可以随身带上飞机吗？
15	手机值机，显示参数错误
1	我的值机无法取消，请帮忙取消，谢谢
12	化妆品携带
12	国际航班行李限额
15	截图
0	怎么查以前的国际航班
1	首都航空可以在线选座吗？
1	可以由家人帮忙选座吗？
15	手机App无法正常打开
15	我已下载《航旅纵横》APP
8	请告诉我你们的客服电话
1	我买的中转航班，为什么第一程可以预约选座，第二程就不可以了
12	托运的肝素针剂，医生处方在办理托运时出示吗
1	我为啥选不到坐了喃
1	怎么取消预约选座
1	为什么我不能给与我同行的人手机值机？
1	选座位时，座位上带锁的是什么意思？
15	麻烦看一下图片右下角
15	如何打开离线模式
15	24日CA169查看手机值机为什么总显示连接超时，不能手机值机吗
0	为什么显示已开放值机 缺提取不到我的行程
8	首都航空电话多少
15	我在去哪儿网订的7月9日的票，为什么航旅纵横显示的是10号的票？
4	手机号码注销
3	你好，现在查看不到航班动态了吗？
7	怎么升舱
1	两个人同时预选座位，我怎么看同行人是否已值机？
1	办了值机还需要换登机牌吗
14	怎么报销
1	航班保护中
7	我想升舱
1	为什么同一个飞机我的不能值机而其他人的可以？
1	为什么会出现自动值机的情况？
15	是你们纵横官网发的
15	显示该航班已取消
1	可以在线选座吗
1	可以为不是同行的人办理值机吗
1	座位被换
14	我的行程单如何获取
1	QW6071航班什么时候开放值机？
1	亲😊选座位页面在哪里
5	机场办理临时身份证需要多久
1	请问在航旅纵横APP 里怎么添加好友在线选座
12	干电池可以随身携带马
1	紧急出口座位怎么才能手机选座
1	怎么预约值机
4	修改证件信息
4	身份证绑定了之前的手机号，现在换手机号了，怎么修改？
14	网上可以直接打印抬头发票么
1	孩子证件为什么不能选座？
1	怎么预约选座
1	不能提前选座吗
15	航班自己取消了行程，我怎么办
12	可以带照相机上飞机吗
1	无法值机
12	可带上飞机的行李规定重量
4	我要用原有手机号重新注册
8	有在线客服吗？
13	我的钱包在哪里可以找到
1	我已经加为同行人了，提示我却要现场值机
15	保存在哪里
0	印尼鹰航的行程为什么导入不进去
11	订不了票！
15	是十周的小孩
15	航旅纵横口令
0	现在是需要完成乘机后才会显示航线吗
15	open票是怎么来的
1	更改不了座位怎么办？
8	请问西部航空客服电话多少？
15	中国国航，可以选不
15	我想问一下，我到太平机场T2航站楼，还要转机飞到西安，我带的行李多，可以用你们的时候行李车吗？
1	怎么帮儿童值机
4	我的账户绑定错了，可以修改吗？
1	28月小孩子无法手机网上预约值机！怎么处理
1	可以帮自己和别人一起选座位吗？
12	飞机上可以带酒吗
1	我没有操作过值机，系统怎么给我选定了座位？
4	注销后重新再申请应该不会有以前的账号信息了吧
8	有咨询电话吗
1	我选的6D的位置是不是经济舱的位置？
15	起飞前多久停止检票
15	国际航空公司
15	华夏航空
12	我要办托运 可以先在这手机值机然后再到机场办托运吗
1	小孩怎么值机
11	购票凭证
19	你这就没意思了小横
1	我的同行人不能值机，为什么
1	这个人的座位取消不了
12	你好。国内航班随身携带香烟，多少？
12	玉器能托运吗？
15	怎么设同行人
1	选座的页面在哪里找
15	值机停办
15	随身带膏体状物体没问题吧
11	查询订过机票价格
1	非本人行程，不可值机
15	2018年12月我在宁夏吴忠万通电子商务有限公司购买了6张乌鲁木齐至哈萨克期坦阿拉木图的往返机票，万通每张机票收取了3100元。2019年4月，我们单位财务审计票务，查验到当天南方航空官网价格为1974元。万通机票给的说法是服务费，即往返机票的服务费为1126元。我认为该服务费过高，于是投诉吴忠万通电子商务有限公司。
15	但预约选座点进去就显示网络异常
12	乌龟如何办理托运
15	出入境规定
15	延误多长时间航空公司会给补偿呢
3	想查一下这个身份证啥时候起飞
12	20寸行李箱可以不用托运
15	如何办理
1	我儿童值机取消了，为什么大人还不行
0	国际航班怎么没有显示
8	客服电话号码多少
15	我在飞机上拍的照片找不到。
0	 可以用身份证查订单吗？
3	前序航班延误，已经手机值机，可以晚去机场吗
12	你好，小横，托运瓶装洗发水500ml，可以吗？
19	投诉你们软件更新界面，航班信息字太小，机场字体也太小，颜色也浅，根本看不清，今天造成我走错机场，还是原来界面看着舒服
12	MU2065行李托运限重
8	天津航空电话
15	可以提前多久打印登机牌
15	为什么刚刚下单买的6.20号绵阳飞昆明没有显示
15	怎么找到人工电话
0	为什么2010年的飞行记录没有呢
6	预约接机，司机没有来，退钱给我
15	Pro
0	提供身份证号码可以查询航班吗？
12	东方航空托运行李限额
15	最多可携带几条
8	电话打不通
0	之前的机票号如何查找机票已使用证明？
15	开延误证明
15	春秋航空机票如何绑定
15	在加常客中写错名字怎么办
12	带充电器刮胡刀能上飞机吗？
15	是自动提取的被我删除了
1	手机值机如何添加同行人
1	如何提前预约座位？
15	西安打印机票
15	为什么会被别人抢走
12	可以带多少行李上飞机
1	常用联系人在哪？
12	指甲油可以托运吗
1	如何在先选座
13	打印登机牌
15	物品遗失
0	没有行程信息
15	如何删除同行人
15	通航
15	泰国的航空怎么没有
15	如果航班晚点怎么计算
1	请问长安航空为什么不能值机
15	这样不好吧！同行人不能选到一起，不方便。难道你们还要限制乘机人数吗？
15	提前买了行李托运，到时候有的退吗？
15	托运行李箱
2	我2011兑换了提取码，没记下兑换码，我现在找不到了
15	3.24367E+12
15	免费升舱
5	身份证丢失驾驶证是否可以登记
1	为什么不能在线选座
1	东方航空怎么不能选座位吗？
1	如何两个同行人一起办理值机
15	丢失物品
15	机场不受理
1	怎样才是选座成功
15	怎么注销不了帐号
12	水果店可以携带吗
1	你好为什么我的预约值机操作不了
12	洗面奶多少克都可以带吗
15	火柴
0	预定了机票，怎么不显示待出行订单？
0	航线图没有显示我最近的行程
1	从哪了选座位
0	app不能顯示我的行程
1	选座后取消
1	我要改预留坐位怎么改
15	选座有费用吗
12	您好，请问针灸针可以带入机舱吗？
12	飞机能带水果么
5	不到十一岁的儿童，需要带什么证件？
12	托运行李价格多少
15	为什么老是未获取到旅客信息？
15	信息校验失败，请前往柜台办理
8	你们人工客服电话是多少
12	托运液体有没有什么限制
1	儿童不能预值机吗
4	我现在上不了航旅纵横提示说：该证件己被其他帐号认证
11	这里怎么查机票价格
1	请问飞香港可以在手机上值机选座吗
0	如何查询别人的航班
4	名字改了怎么办
15	你们的服务超级烂 没人回复也就算了 并且给一个永远加不进去的QQ群
15	pro版本也不能看境外嘛
12	植物油可以托运吗？
15	机票搜索原来可以看到舱位，怎么现在看不到了
1	你好什么时候可以选座位呀
15	旅豆是什么
0	如何用航旅纵横查询其它人的航班信息？
1	我今天花土沟到西宁的机票，需要取消值机
15	为什么值机时显示“校验可疑旅客”
12	一个箱子，一个包总重不超过20公斤，两个都可以托运吗？
15	请问一般什么时候可以值机啊？
13	用航旅纵横APP给自己和家人选座值机，生成了一个二维码（登机牌），我们还需要换纸质登机牌吗？这样一个二维码，可以让我们同时过安检和登机嘛？我们不需要办理托运。
15	办理乘机手续是指
0	为什么春秋航空的，在我的行程里找不到？
12	粉底液能带上飞机吗
15	网上值机的
15	可以啊放行李么
0	行程一直显示使用中
12	电动剃须刀必须托运吗
15	买的广州到成都，现想改深圳到成都？怎么办
15	四川航空值机
8	中国联航电话
20	儿童乘机
15	1.李建鹏 JWTQVS                                                                 2.  CA1501 Y   SA22JUN  PEKSHA RR1   0830 1040          E T3T2                                                                                          5.SSR FOID CA HK1 NI220502198503121259/P1
15	可以预定儿童餐吗
20	如何和机场联系轮椅服务
0	为什么只能添加自己的行程？
1	为什么不可以值机
14	报销凭证怎么找？
1	如何取消座位
1	如何帮其他人选座位
4	护照信息怎么更改
15	上面的问题可以回答吗？
0	为什么我的行程看不到
0	添加行程没反应
15	？？？
13	如何打印国航登记牌
14	你好 请问乘机发票怎么打印
15	如何改签
15	为什么显示不了intinary number
15	真人
13	一个二维码可以几个人一起过嘛
15	CA1139上有餐饭吗？
1	为什么南方航空不支持手机值机
7	我在航旅纵横上升舱的费用怎么开具发票
15	可以购买延误险吗
8	你们客服电话多少，我找你们有个事情
19	你们的app真的好多问题
4	如何帮婴儿认证
1	为什么我之前定好的座位被换了啊！！！
15	怎么使用积分
15	链接超时返回重试
15	哪里打开飞行模式
8	换人工服务
15	精转的飞机怎么没显示
0	如何手动添加行程
14	你好，可以打行程单吗？
15	NFC是什么！
1	为什么祥鹏航空选择不了座位
7	订的机票如何升舱
15	行李丢失
15	本次航班延误没有
15	天龙航空为啥不显示
8	双流机场电话
5	身份证遗失怎么登机
1	如何预约选座
0	我要如何查询我男朋友的航班
1	怎么看帮别人预约值机的内容
15	iOS现在是12.2，问题解决不了
12	野营灯可以上飞机吗
1	有约选座提前多久
15	手机值机未获取旅客信息
1	老是跳出非本人行程，不能值机
12	哪些不能带上飞机
15	再查也是取消不了
12	矿泉水可以托运吗
15	怎么取消Wallet添加
4	为什么微信认证不了
15	带婴儿坐哪个位置好
15	我添加了，但是又显示重复
13	如何下载登机二维码？
12	需要托运行李，就不能提前选座吗？
8	贵阳机场派出所电话
15	想了解加入行程
15	水印图片
0	小横，你好！我买的春秋航空的机票，怎么没有显示？
13	青岛机场可以用电子登机牌吗
0	国泰航空无法提取行程
15	找不到了
15	首航JD5894飞行高度大概多高
5	港澳通行证能买机票吗
0	怎么查看出港航班
15	修改常用
1	你好，现在提前一天不能值机选座吗
11	不可以买票吗？
15	飞机票
12	托运的行李可以带所有的化妆品吗
1	添加同行人不行
4	我的认证一直是证件被占用
15	我输了大通证号码，报错信息号码不对
1	澳门航空的机票可以在这个上面办理网上值机吗？
0	没有多段行程
10	常客卡有什么用
1	我想取消预约座位，完成不了呢
1	自己没有买票，能不能帮别人在手机值机
12	如果超过免费托运额度
0	2010年的形程怎么查询
12	充电宝最大限定是多少
15	如果航班取消
1	取消值机后还可以从新值机吗
13	app值机了还要打印登机牌么
15	西部航行吗
1	我需要重新预定座位
15	一定要加入QQ群吗
1	选座时间在什么
0	如何添加国际行程
1	主乘客不坐，同行人一人乘坐，那怎么选座位
15	哪里下载pro
15	为啥差不到航班动态
15	如何积分
15	休息室怎么订购
1	航班处于保护状态
0	为什么国际行程不显示
15	北京机场遗失物品电话
1	值机添加其他乘客
15	永久居留
20	南京禄口国际机场失物招领
1	没有看到取消座位按钮
1	选不能座位
1	MF1180选不了座位
15	能不能听明白话？！
8	航旅纵横客服电话多少
8	首都国际机场 客服电话
1	如何取消添加的同行人？
15	你好，我想改签，机票还是我之前的价格嘛
20	婴儿如何购票
11	购票时如何添加同行人？
13	我想要机票报消，怎么打印
15	护照可以过安检吗
15	会提前通知吗
15	机场领取登机牌
15	预订
15	希望人工出来回答问题
12	药品能带上飞机吗
12	充电宝最大能带多少毫安
1	为什么改变我的值机座位
15	我没有退票
15	同一个航班
1	座位更改
1	怎么办理值机，怎样删除常用旅客
15	升舱服务
15	怎么换成上一版本软件
1	香港航班无法增加同行人
15	机场没有ca407z航班，但是航旅纵横上显示有
15	为什么无法获取仓位图
13	持有电子登机牌办理行李托运是否还需要补打纸质登机牌
17	有人吗？
5	2周岁以内婴儿登机证件
15	可以戴隐形眼镜吗
15	我现在要改签
15	微信客服端
0	怎么把春秋航空的行程记录添加到航旅纵横行程记录里
4	我需要修改身份验证，怎么办
0	为什么不能显示行程？
1	值机怎么使用
1	FM9457什么时候正式开放选座
15	你好，我下飞机了，然后把机票丢了，还能在补回来么？
1	小孩不能选座位吗
15	我没有定过这张机票啊
1	添加同行人要求我联系本人办理
14	托运行李后，发票在哪里打印
0	为什么有些机票搜不到了？
1	预约座位可以值机吗？
1	麻烦帮我取消值机
1	调换座位，
15	我已认证过了呀
15	请问以前的行程能补登里程或者积分吗？
15	更改航班，app会自动显示最新号码吗
4	证件上名字写错了
4	用手机号登陆，显示身份证已被其他账号登陆
12	军用迷彩背囊能随身携带上飞机吗？
1	38K是机翼吗？
15	求解决，快点
1	儿童如何选座
15	相关信息可以怎么处理呢？
15	HU7696图
15	航旅纵横pro
12	托运的行李箱重多少？
12	想问下，90g的防晒霜可以带上飞机，不托运么？
1	护照买的机票没有显示
0	为什么我买完机票后，没有任何行程
12	托运多少钱
12	客服姐姐，飞机上可以带行李包吗
1	更改座位
15	看得懂吗
1	改签航班后，不能添加同行人
15	常用
1	为什么只能帮2个人值机
14	补打登机证明
19	曹尼玛
15	换登机牌
15	仙桃机场半夜十二点到怎么去南站
15	2
15	请问您是智能，还是人工
0	行程不见了
1	3人不能预约值机
3	我的航班为什么取消了
15	退钱
1	国内航空如何选座
13	拿户口本在哪里取票
4	你好！我原来的手机号已经注册过一次，我现在又换了一个新的手机号，我该怎么办理？
20	哈尔滨机场哪里可以寄存东西
14	报销机票怎么打印
13	用电子登机票时行李箱在哪托运
1	暂时不能选座
15	请问用护照在美国买的机票行程单为什么不显示啊？
12	自嗨锅能上飞机吗？
15	小姐姐
1	工具箱手机选座卡片在哪
15	我想提前托运可以嘛
12	防晒喷雾可以随身携带吗
10	你好，常客卡有什么作用
1	带婴儿选座有没有优待
15	qw6054座位图
15	办理乘机手续包括安检吗
0	我的行程不翼而飞了
8	你们没有电话吗
15	我上面显示已经是最新的了
15	没有登机牌 电子客票号
4	新手机号被注册
12	乌龟能携带吗
13	在哪里打开电子登机牌
15	托运办理
0	空中航线图在哪
12	中联航KN2988R座 能够免费登记的行李重量
20	老年人乘机
15	什么时候可以值机
1	会在起飞前多久开放选座呢
12	插排可以托运吗
0	手动添加行程
15	易畅转
12	飞机上能不能带水果？
15	你会什么
15	拖运的行李交给谁
15	托运行李的计算方法
5	你好，购买机票是用台湾通行证，办理手机值机时只有护照和港澳通行证选项，请问要如何选择填写证件？
20	儿童票
9	中转航班需要预留多久时间
12	笔记本电脑能托运吗？
12	可以托运300ml的芦荟胶么
12	吉他可以拿上飞机吗
1	可以帮助同行的人办理值机吗
20	婴儿需要领取飞机票吗
1	我用手机值机提示不能为非本人值机，但我是给我自己值机
1	那为什么我朋友的同样航班是可以预约的
0	我近期有没有订够机票
11	这个软件可以买票吗
15	急
15	为什么我这个一直进不去呀
1	我要选座位
15	已添加了
12	5V两万毫安的充电宝能带上飞机?
15	784-5517691918
1	6月16号的飞机为何现在不能选座？
1	用同一手机号订的机票怎么选座
11	请问在这个APP上可以购票吗
1	预选座位还有什么意义？预选为了方便，临到开放后都放到后边的座位，还有什么预约的作用？！
1	经停乌鲁木齐，20点55到龙嘉机场的航班是哪班
15	几点开始值机
12	两个人的行李额度可以放在一起用吗
4	无法添加港澳通行证
6	我是在APP进行打车的、为何不能出发票
15	出票代理
13	武汉机场支持电子登机牌么
15	信息都对的
15	可以离线使用吗
1	改签后同行人添加不了了
6	接机退款
1	如何选座啊
12	隐形眼镜护理液可以带上飞机吗
20	您好，上海浦东机场T2有行李寄存的地方吗？
15	成绩证明
0	可以尽快审核吗
15	白云机场1号航站楼是T1吗
5	儿童可以用户口本登机
1	我为什么选不了座位？
1	用我的手机为别人订机票不能值机吗
15	wallet
15	快递
11	怎么在上面订票
15	有没有客服
15	手机不支持EID
15	我手持身份证拍照，一直显示照片格式错误是什么情况
12	一件玉器七八十斤，能托运吗？
15	申请了几遍群都没通过啊
20	取消租车
1	如何查看其他人的值机情况
1	客票暂不支持手机值机，要往柜台办理，这是为什么
1	怎么改值机
1	UA089航班可以选座位了吗？6月12日纽瓦克-北京
15	过期的登机牌
1	我帮别人在这软件选座位怎么弄
15	软件的飞行模式
15	我是三点半的机票，现在到机场了还没有取票，还要行李托运，时间来得及那
0	我的机票找不到了   可以用身份证查询几点的飞机吗
0	没有去南昌的机票显示
15	我要反馈
13	点不开查看登机牌
13	怎么取票
15	在线
1	值机管理中为何找不到值机记录
0	春秋航空添加不上
8	有电话客服吗
1	怎么取消值机？
0	行程没有显示
12	行李托运多少斤是免费的
15	保险怎么开发票
0	不小心删除行程，但是是忘记行程单了
13	值机二维码
4	认证提示认证格式错误怎么回事
13	有了电子登机牌 还能要求打印纸质登机牌吗
1	航班取消要改签。可是已经值机了改不了
15	QQ群加不进
1	在手机上值机后还能打印纸质登机牌吗
12	行李限制，禁带物品
15	中转行李托运能直接到目的地吗
0	行程查不到
15	耳机
1	最多几人同行值机
6	首汽约车订的车，钱付了，订单没有
1	我能取消选座吗
0	而且也不显示之后的行程，查不到航班
13	电子登机牌怎么登机
1	为什么票号输入都值不了机？
5	办理临时身份证
15	客票验证
14	电子行程单在什么地方？
11	怎么预订国际航班
11	如何购买机票
5	你好！持香港回乡证可以先值机选座号？
1	你好 在航旅纵横值机的航班，但无法取消值机了
15	哈尔滨机场流量
1	我咋么选座
15	2月份的国际航班怎么不现实
15	加你们QQ为什么，还没有通过
0	我在前两天就购票了。但是航旅纵横显示没有
15	充电宝毫安
0	为什么之前的航程没有在内
1	怎么为同伴值机
1	手机无法取消值机
19	没有解答问题
17	客服您好
13	可以帮朋友出电子登机牌吗？
1	值机在飞机起飞几天开始
15	旅豆中心在哪
15	如何修改乘客信息？
4	认证不成功
1	手机值机  座位上有锁。
14	如何更改登机凭证邮箱
15	我没有QQ号
13	如何无纸乘机
8	东方航空公司客服。
4	我那个证件不是我的
15	去西藏的TV9816什么时候可以值机
2	旅豆如何转赠
1	请问ZH9674哈尔滨到广州6月11日15点55的什么时间可以手机选座
15	跟团也可以自行选座嘛？
12	行礼箱可以带电吹风机吗？
12	行李若超重了怎么算
15	乘机
0	2016年之前行程可查吗？
15	退款什么时候到
15	客票代理
0	查询航班hu7232
15	美国航空
11	票价
11	我已经定了机票了但是名字和身份证的不一样怎么办
15	机票可不可以退
1	天津航空公司能取消值机重新选座位吗
15	2017年行程
15	你好，我的票号有四趟行程，但是app上只有三趟
15	客票信息怎么只有一个人
19	做的什么界面 真难看 感觉一点都没有档次
15	旅游团队票可以选座吗？谢谢
12	我想问一下，如果我想带宠物狗去外地坐飞机，需要准备什么相关证件呢
1	为什么只能添加2个同行人
1	携带婴儿值机
1	保护状态
15	请人工帮取消
1	cz6184为什么不能在手机上值机？
15	你好，为什么是我的身份证号码，别人的名字
20	托运行李破损
15	收不到消息
1	首页手机选座在哪里
13	办理两个人的值机只有一个登机牌吗
1	为啥有时不能值机？
1	为什么我值不了机
8	客服人工台如何联系
0	你好，我有一个订单已经退票了，但为什么还一直显示未使用啊
1	孩子值机怎样取消
11	能否在航旅纵横购机票？
8	你们的客服电话是多少
1	山东航空办理儿童值机
15	最早的行程
0	添加以往行程用
1	同行人添加？
0	已经开启消息通知 可是没有短信提醒
12	生鲜瓜果能过安检随身携带?
1	我要取消选座
12	电脑要托运吗
1	18A座位靠窗吗
15	会员卡
1	可以帮别人选座位吗
11	查询机票价格。
1	儿童机票怎么选座位？
0	手动添加的行程信息有误，如何修改？
15	登机牌丢失
15	open票是什么？
4	你好 我的同事 束志明32030319620226001X 无法注册 好像不识别身份证号码 怎么办？请解决问题
15	。。
12	婴儿车托运
12	托运狗狗多少钱
0	帮我查一下，我的机票订购了吗
1	值机怎么取消
14	行程单没有怎么回事？
2	查找口令
1	无法办理值机
0	我的行程怎么没有体现
15	我的值机是谁做的
1	你们只能办值机，不能取消
15	可以使用手机吗
11	怎么订票呢？
1	如何添加同行人？
1	怎样选座？
0	我买的国际航班为什么航旅纵横无法显示
1	为什么办理值机只能办3个人的
15	凭证
1	如何取消帮别人选的座位
15	姓名：杨慧芳，证件号：EC3907508
15	如果我不飞行呢
10	常客卡是什么意思
1	我怎么取消值机
1	我的选座完成了吗？
12	在这里值机后还可以办理托运吗
0	你好，如何添加好友的航班信息
1	问下，可以替他人值机吗
15	怎么买延误险
15	下载了pro版登陆以后是不是就覆盖之前的普通版了，不用再注册了吧
0	怎么查到在早的记录
1	找不到预留座位
1	国际航班为他人值机
1	取消预约选座
12	首航行李超出7kg怎么办
15	订座位
15	飞机上可以打开蓝牙吗
12	携带液体要求
15	自动之际，我只系只系不了。￼
12	西瓜可以带上飞机吗？
15	今天早上8点多，珠海飞乌鲁木齐的航班，延误到必点了
15	怎么查询CA817航班动态就闪退
0	你好请问为什么境外航空公司的行程不会进入到航程记录里面呢？
1	我已值机，行程里怎么不显示座位号呢
1	别忘了下午办理手机值机
12	乘机能带液体护肤品吗
20	孕妇可以在网上订票嘛
12	国内航班可以带小型植物吗？多肉？
15	接机延误
15	我需要退机票
12	请问飞机可以带水果吗
0	为什么一年前的航班不显示
1	我要如何帮别人值机选座
8	请问有电话客服吗？号码是多少？
0	一年前的行程记录查询
15	别人帮我买过机票
15	春秋航空行程
15	我值机为什么显示不是我本人的形成
11	你好，请问搜机票为什么不显示票价？
19	我不用QQ
15	雷达
1	飞香港可以值机吗
1	我是9号凌晨40分从上海浦东机场起飞到布达佩斯航班什么时候可以手机值机选座
15	姓名和已认证的姓名冲突
12	请问 在这个APP值机后 到机场还能办理托运行李吗
15	我要改签机票
14	报销凭证打印错了
10	为什么无法添加海航的会员卡
1	网上值机以后还需要打印登机牌嘛
1	为什么有的不支持手机值机呢
1	办理过值机的话，是否可以取消？
15	工具箱在哪里？
1	我帮别人办理值机完
13	还可以打印登机牌么
15	CA1529
1	为什么我办理不了手机值机了？
15	怎么添加人
15	手提行李
1	已值机如何取消选座
1	由北京到伊斯坦布尔是土耳其航空，能提前值机吗
15	为什么不能自己操作
5	没有身份证怎么办
0	如何查看历史行程
4	手机号被别人使用 该如何注销重新注册上传证件？
15	我的2015年前的没有统计 为什么
15	行李托运停止时间？
4	别人绑定我身份证
15	u码
15	？！！！！！！
4	如何认证？
15	转机时间和到达时间不少于多少小时
1	为何手机不能选座
1	无取消座位按钮
12	宠物托运
4	可以认证几个人
15	个人中心在吗
0	去哪儿买的机票这里不会显示马上
1	可以手机选座了吗？
13	携带婴儿登记如何取票
14	机票报销凭证
1	我已经预约选座但是儿童不能预约怎么办
1	选坐位在哪里搞呀
1	为什么选座选了两个人只看到了一个人的
3	请问飞机延误了，手机上也值机了，还需要按延误前的准时时间去值机吗
12	20000mAh的充电宝可以带上飞机吗？
15	按照那个操作了，不行
12	游戏机可以托运吗
15	头等舱（A）是什么意思
15	怎么看历史记录
15	请问艾草香囊能过海关吗
15	不知道什么意思
15	南方航空每个礼拜有多少趟去台北桃源的航班
11	我想买张6月21日深圳到南京的票
17	您好！！
12	请问可以戴发簪上飞机吗
15	显示过期
15	加拿大航空
15	人工吗？
1	取消值机还可以选座位么
12	你好，去广州托运行李20公斤，对托运行李个数有作要求吗？
1	为别人买机票怎么样在航旅纵横选坐
0	这么没显示行程日期
1	您好！怎么选川航3U8878航班6月23日的座位号？
1	为什么值机取消不了？
0	行程不完整
12	你好，化妆品水乳液超过100ml 是需要托运么
1	是怎么扫二维码过安检
19	有病
0	我明天从烟台飞上海的机票，没显示
12	行李多重托运
15	延误一小时补偿
1	春秋航空公司可以在线值机吗
1	在哪个选项上定座位？
0	2016-2017的行程有吗
14	机票没有行程单号
4	已经申请注销要多久
0	怎么查别人是否帮我预定机票
12	充电宝多少毫安可以带？
12	GS7890航班行李限额
0	丽江三义机场出场航班怎么查询
15	哈尔滨机场国航值机柜台
15	新进飞有
1	手机值机为什么所有座位都不可选？
1	如何更改常用联系人信息
19	能不能解决问题？？？
15	电子二维码登机牌
15	雷暴天气
0	飞行记录
10	为什么添加常客卡总是显示请求失败
4	你好，我问一下，我绑定护照的时候显示英文名字和中文名字不符合，是什么原因。英文名字不就是中文的拼音吗？还需要加什么符号吗？
20	请问T3机场里面是否有吸烟室
0	国际航班能查到吗
1	选好的座位可以更改吗？
15	什么叫open票啊
8	我需要人工服务
3	航班延误已发更改起飞时间，是按照原起飞时间去机场还是按照更改时间去
12	香皂可以带吗？
11	怎么在app上买票
1	选座时说我不是本人
12	哪些动物可以托运
0	可以查询别人有没有订机票吗
0	我的未来行程为什么不显示？
1	我的为什么不能值机
12	可以带酒吗
1	预约好的座位，为什么被更换了
0	我有几次行程为什么看不到呢
15	座位号
1	如何为同行人选座？
11	别人帮买的机票
4	为什么认证不了
11	我可以直接到机场买机票吗
1	取消值机后有什么问题
6	接送机专车发票开不了怎么办
0	如何查看我下一个行程？
15	办理直机时，姓、名颠倒了怎么办呢？
15	提前多久到
1	不能选座位呢
1	航班仓位等级不同不能值机
1	你好请问怎么选座？
15	领取登机牌
4	怎么添加亲属的身份证
1	如何取消手机值机
15	北京首都机场的国航值机柜台位置
12	你好，请问洗面奶可以带吗？
20	轮椅服务
1	一个人只能预约三个位置么
5	我没有身份证怎么办
15	羽田飞上海的
15	电动牙刷
1	如何添加联系人
1	如何选坐
5	登机婴儿需要哪些证件
14	乘机凭证，发票
14	有没有纸质的报销凭证
1	手机选座位在哪
15	航班号
12	100ml不透明的防晒霜可以直接带上飞机吗
4	添加新护照现实姓名冲突怎么办
12	路由器让不让带
1	手机值机还会开放座位吗
0	我给小孩订票，小孩的行程怎么看？
15	为何取消失败
4	验证码超次
1	如何删除同行人信息？之前一起选过座位
15	为什么这么不准时，下次谁还敢乘福航
12	请问护发素可以托运吗？
15	怎么看是不是头等舱
15	怎么看我未来的
15	不懂
15	上面显示无法修改
20	贵宾厅
8	你们有没有客服电话
0	身份验证没有行程
1	我可以用这个平台给朋友预约座位吗
15	你好，请问飞行模式在哪里查看？
0	显示2011年之前的行程吗
15	福州到宜昌，宜昌中转到曹家堡要提取托运行李吗
12	行李超额怎么收费
20	VIP贵宾厅
15	怎么差机票
13	帮朋友选座位后可以出电子登机牌吗
1	怎么添加同行旅客
4	护照验证失败
17	在？
1	值机没有座位
15	12000毫安的可以吗？
1	南航cz8371不可以吗？手机值机
6	需要出租车发票
1	我的航班什么时候开始选座
8	你们的人工客服电话多少
1	这种情况怎么取消值机
4	我要删除过期护照
0	为什么我去年出国的行程没有显示
1	马来西亚航空的可以手机值机么
4	在飞猪网买的机票名字最后一个字输错了能改吗？
15	儿童不能作为同行人么
14	开具发票
1	座位信息在哪里
4	我都没有注册过、为什么显示我的信息已经被注册了
20	老人乘机需要什么条件
1	我想预约梅咏MU2998值机办不了，怎么办
8	西部航空客服电话多少
12	行李限定，规定尺寸么
0	你好，我有7个国际航班行程，但是只显示了一个
15	怎么添加信息？
15	升级
15	必须邮件发送信息吗？
1	你好，为什么我值不了机？
15	我想关注我家人的航班信息，可以么？
1	座位变更
13	怎么办理 二维码值机啊
0	我要查询我预定的航班
15	个人乘车证明
15	怎么赔
15	添加
15	我办不了
15	乌鲁木齐机场截机时间
11	这个不可以直接订票吗？只能查询航班票数？
15	审核一直没通过
0	你好 可以添加别人的行程吗
14	你好！我需要提供机票报销
15	我的姓是徐xu
0	为什么国际飞行不显示
1	如何为孩子办值机
12	小孩的滑板车能带上飞机吗？
4	为什么认证都失败了
15	航旅纵横航线图一般准确吗
0	IOS pro版可提取的最早行程是多久以前的
15	票号哪里查询
15	需要修改的手机号已被注册
12	蚊怕水可以上飞机吗？
6	接送机订单如何取消
14	行程单电子版
1	我昨天取消了之前选好的飞机座位。今天还可以重新再选一次座位吗？
0	怎么查到我定的国际机票
12	20寸的行李箱有多大
15	open票如何使用
15	出票失败什么时候退钱
15	虹桥机场支持电子登机牌的安检口
1	儿童已经取消值机了，大人怎么取消不了？
0	为什么不显示国际航班的行程？
12	飞机上随身行旅箱的尺寸
20	轮椅租赁
1	怎么在手机上选择位置呀
15	无法进入严格验证
15	提示是你己选了
19	回答不能解决问题，急死了
12	机场安检要求不能携带的行李
15	普通版和pro版本
5	我用身份证号码订票，可以用护照登机吗
1	你好 我的值机作为发生了更改
1	找不到座位信息页
15	我可以把我手机值机取销，他手机在值机，这样可以不。
0	请问哪里可以查到乘坐航班平面图
1	手机上已经值机，直接去安检？
0	你好，护照订的行程为什么没有自动导入呢？
12	经济舱可以托用几件行李
0	我想查一下2018年12月8日我乘坐的航班
15	请问一下
1	如何找到常用联系人
12	福州航空行李托运收费标准是多少？
15	值机台
19	怎么投诉
0	别的app导入行程
0	如何添加其他乘客的行程呢
15	我7月5号退的票，什么时间才能到账
2	可以购买旅豆吗？
15	如何切换离线模式
15	请问昆明到宁波的距离是多少
15	添加的同行人是一个学生，没有手机号，可以吗？
1	如何选座啊？
8	航空公司电话多少
12	小米充电宝可以带上飞机吗
4	如何添加其他人身份
15	什么航空公司有
1	常用联系人在哪里？
0	我购买了两张机票，怎么只显示一张
15	Unerring
1	非本人不能值机
15	烟台
1	我值机不了，为什么
7	怎样办理升公务舱
12	腊肉可以带吗？
12	办了值机以后要托运行李，还是要先去换登机牌是吗
15	8.33453E+12
0	国外航班不会显示吗
15	不用带全本吧
19	互动你妈啊
12	沐浴乳可以托运吗
15	14:15的航班截止办理托运
15	机票丢失怎么办
5	哪些证件可以乘坐飞机
12	打过真空的鸭子可以托运吗
1	一直不可以选座 我一直关注着 多看几次 就限制了
15	国外航空公司能导入吗
15	国航在哈尔滨机场值机柜台
1	同行人信息在哪里修改？
15	什么意思
15	值机人数
1	我要换位置
15	打印不了，说是代理公司的打印不了
12	背包可以行李托运吗
3	我之前买了一张到三亚的机票，换手了了，导致信息都没了，能帮忙查一下吗
15	地址修改
15	52之后的为什么不可以选呢
11	如何查看机票种类
15	7.5号的8L9615什么时候值机呢
1	紧急通知座位能选吗
12	化妆品可以带多少上飞机
1	如何预留座位？
20	七十岁的老人乘机有什么特殊要求吗
1	可以帮别人值机吗？
1	还是取消不了值机啊
0	添加行程还没有加入
1	在航旅纵横上办理值机
1	选座成功提醒不
1	为啥取消不了值机
12	20寸拉杆箱能随身携带上飞机吗
1	选座被取消了
12	怎么办理托运
6	有没有接送机服务
1	选座啥时候正式开放
11	我的机票定了吗
11	这个app上能购买机票吗
1	为什么我这航班不能选座
15	人工有吗
15	如果分享给好友
15	是自动提取的，还是要我自己去寻找？
1	选座时，带锁的，是没法选的吗？是需要付费才能选吗
1	为什么我的app不能值机.别人的app却可以操作
11	可以买票吗
15	我现在的版本里面，没有工具箱，什么情况
15	托运花钱
1	给家人一起办理值机，为什么办不了
1	值机没有蓝色座位给我选
15	我的OPEN票的期限到什么时候？哪里可以查询
1	怎么样看座位
1	值机不能取消，另外选座吗
1	为什么值机选座显示开启保护
15	在哪里下载航旅纵横app
12	能随身携带白酒上飞机吗？
1	怎样选坐
8	东航客服电话号码是多少？
11	你好，能查询朋友帮我订机票吗？
12	白酒可以托运吗
11	我能通过此APP预订机票吗？
15	改签机票，飞机停飞故障，从新订票，这费用谁承担
15	航旅纵横主要的功能
11	不能在APP上买票吗
0	为什么不显示我的行程在航线图里
15	显示我未乘坐
0	为什么我看不到国外的航班信息呢
15	是否可以APP软件操作？
1	网上值机成功还需要再办理值机吗
15	国泰可以吗
3	航班延误，值机停办时间是否更改
15	如何取消头像
14	请问哪里拿发票报账
15	MU2214怎么没有更新
12	怎么托运
12	新加坡航空托运一米二的行李
15	如何退机票
15	官网在哪里
15	我的历史记忆录
1	怎么关掉行程保护
14	报销单据
0	国外的航空公司能自动显示行程吗
4	绑定不了护照
0	值机记录没有了
15	是不是不能坐飞机名单的人不能用
12	烟和酒能托运吗
15	请问我什么时候常客卡可显示积分
13	电子登机牌二维码从哪获取
12	行李箱托运能带面膜吗
12	菠萝蜜可以带吗
15	易捷航空
4	您好！我的证件号显示被认证过了，是怎么回事呢？
1	怎么改座位
12	药水携带
20	老人可以乘坐飞机吗
15	新版不能看每个城市飞过几次了
14	你好，这个发票是在哪里申请？
12	上飞机能带洗面奶吗
15	私信记录
12	亲，酒水能够托运吗
15	大贝壳不托运
0	怎么查预定的机票
15	石家庄到沈阳
15	保险还能在买吗
1	请问值机取消不了怎么回事
2	商旅口令在哪里
12	睫毛膏能带吗
15	为什么我验证不了
8	客服电话是多少？
15	怎么积分
1	4人不能同时选座
0	手动添加了行程。还是不显示？
12	请问，去旅行上飞机能带风油精和防晒喷雾等液体类的东西吗
12	阿胶膏可以带出国吗
6	你好 请问怎么取消送机服务订单？
15	手机选座位
11	网上查机票姓名和身份证姓有误，怎么办
1	在哪选座
8	有400电话吗？
15	机场雷达提取码
2	口令忘了，在哪里可以看到
12	瓶装白酒可以托运吗？
4	为什么，每次我要添加证件，都是证件格式错误
15	订酒店从哪里下单？
0	我在香港国泰航空定的机票在咱们行程里没有显示
15	可以提前多久打印机票
1	这个办不了值机，是什么情况？
4	我的证件要修改
5	出生证明
15	飞行轨迹
15	6月11日
15	100Wh是什么意思？
15	怎么其他人
1	改预约值机
11	我可以在这里帮别人买票吗
12	去阿拉伯，可以带头疼药，止痛吗？
5	临时身份证机场能否办理？
15	值机选座
7	你好，5.19我在你们这里办理了川航的机会升舱，发票你们怎么给我？
14	需要开发票
15	中转机场是否需要取行李
15	我的行李箱怎么还没到家
4	验证码信息
15	延误险怎么赔付
1	航班取消，已办理值机，如何取消？
12	可以先值机在纵横航旅上办，托运再到机场办吗
20	儿童乘机需要
15	麻烦您？
1	如何变更座位
15	喝酒
15	您说的我不会操作
15	哪里有打折机票
8	客服电话号码是多少
15	航旅纵横可以单独购买吗
15	为什么我用不了电子客票？
15	座位8A
15	我要预约儿童餐，素餐怎么做？
5	十六周岁以下的儿童可以用户口本登记
1	bie别人帮我买的机票，我怎么选座
1	现在给我换的座位我不满意为什么取消不了？
1	值机座位与登机牌作为不一致
15	厦航现在是否可用东航卡积分？
1	请问如何选择国际航班的座位？
1	你好，添加的家人信息如何修改？
4	认证的姓名错误
12	请问只有免费托运行李额没有免费手提行李额
15	香烟
15	身份证件
20	飞机上手机要不要关机？
8	我联系我的客服没人回答我卜
1	国际航班不能提前选位吗？
11	你好 我想问下我的行程不是联程航班
0	无法查询订票信息
15	从新选座
1	怎么提前预约座位
12	你好，充电宝必须托运吗
1	电子客票号只有六位 添加不了
12	请问吉他能带上飞机吗
1	怎么办理会员选座位
4	证件格式错误是什么情况
12	请问平台上购机票是说没有行李免费托运额的，是不是就不能免费托运行李
3	登机时间提示错误，导致我没有登机。如何处理
15	为什么审核中
6	接机，自动取消为何不退款
15	点开以后没有座位信息这一栏
12	天津航空，西安直飞伦敦，行李限额是多少
12	水果可以托运嘛？
15	按你这个办不了
5	身份证过期十天左右，是否在乘坐航班时仍可使用？
1	我想办值机选位置时，怎么能在加一人
1	我给同行的朋友选好座位了，可是她女儿（小朋友）的座位没办法选，该如何添加
1	请问波音738飞机什么位置是安全出口
15	经停终止旅行
14	请问邮寄飞机票和行程单需要邮费吗？
5	有出生证明照片
14	我要开发票
17	好
12	可以带八哥吗
15	身份证丢了怎么办
15	没反应
1	深圳航空班机可以手机在线为儿童办理值机吗？
15	取消预留
13	我帮别人值机，电子客票二维码在我手机里，别人怎么用了
12	瓶装酒可以托运吗
1	非本人无法值机
19	你懂個屁
15	头等舱有几排？
15	查同机旅客
15	怎么用Pro版
15	说些没用的
5	天河机场+临时身份证
8	客服人工电话是多少
15	怎么察以定好的机票
1	取消值机不成功，收不到短信验证怎么办
15	飞机群怎么进啊
11	我怎么在上面买票
1	怎么帮别人选座
15	什么叫正餐
12	违禁物品
1	如何帮儿童选座？
15	你好，请问我可以在这里改签？
15	充电宝最大毫安
1	我怎么不能手机值机
15	你好，协议签订界面在哪
12	多少寸行李箱上飞机
12	托运三个人一个大箱子30公斤，行吗
12	携带宠物
15	Open 票
15	航班信息
15	费用多少
0	为什么我的行程没有显示
15	身份证
4	我的证件被其他人认证，我认证不了，怎么办？
8	有电话可以打吗客服
1	常用联系人页入口在哪里
1	我为什么不能预约值机
17	你好～
12	奶粉带上飞机需要打开查验吗
15	航旅字符口令
3	卡塔尔航空能查到吗
1	取消值机后可以去现场打印机票吗
12	飞机液体可以带嘛
4	忘记帐号了
15	查看证件号的密码是什么
14	问下怎么开电子行程单
